{"mission_setup": {"len_simulation": 18000, "time_step_duration": 0.15, "seed": 13, "n_drones": 5, "env_width": 1500, "env_height": 1500, "drone_com_range": 200, "drone_sen_range": 0, "drone_speed": 8, "drone_max_buffer_size": 500000, "drone_max_energy": 100000, "drone_retransmission_delta": 10, "drone_communication_success": 0.9, "depot_com_range": 200, "depot_coordinates": [750, 0], "event_duration": 2000, "packets_max_ttl": 18000, "show_plot": false, "routing_algorithm": "RoutingAlgorithm.QL", "communication_error_type": "ChannelError.GAUSSIAN", "time_on_active_routing": "0"}, "mean_number_of_relays": 1.2146823347107438, "packet_mean_delivery_time": 139.6205882352941, "packet_delivery_ratio": 0.18411552346570398, "number_of_steps": 19, "qhc_steps": {"0": 1250, "1": 1250, "2": 1250, "3": 1020.24246120448, "4": 925.9580703560263, "5": 772.295081961217, "6": 494.14897356096344, "7": 512.6730196040253, "8": 511.7595684203736, "9": 507.81964076547087, "10": 819.1383770754828, "11": 675.7920798748909, "12": 625.176965683285, "13": 679.858953991089, "14": 503.85269384153383, "15": 407.91713403082326, "16": 401.2617064814691, "17": 413.94744100758095, "18": 454.5722080509178}, "qspdt_steps": {"0": 0, "1": 0, "2": 0, "3": 5.842732385987665, "4": 5.407206721427602, "5": 5.492182472918699, "6": 4.605369870902517, "7": 5.4008059564289805, "8": 7.212985685665644, "9": 8.482326003299066, "10": 10.79419591868179, "11": 12.18868373981061, "12": 12.04869933031178, "13": 12.039870438998625, "14": 10.862423578716234, "15": 10.260385603679985, "16": 11.411022949141996, "17": 11.97210193805311, "18": 12.321527381370197}}