{"mission_setup": {"len_simulation": 18000, "time_step_duration": 0.15, "seed": 8, "n_drones": 5, "env_width": 1500, "env_height": 1500, "drone_com_range": 200, "drone_sen_range": 0, "drone_speed": 8, "drone_max_buffer_size": 500000, "drone_max_energy": 100000, "drone_retransmission_delta": 10, "drone_communication_success": 0.9, "depot_com_range": 200, "depot_coordinates": [750, 0], "event_duration": 2000, "packets_max_ttl": 18000, "show_plot": false, "routing_algorithm": "RoutingAlgorithm.QL", "communication_error_type": "ChannelError.GAUSSIAN", "time_on_active_routing": "0"}, "mean_number_of_relays": 1.3306109324758841, "packet_mean_delivery_time": 144.50526315789472, "packet_delivery_ratio": 0.1371841155234657, "number_of_steps": 19, "qhc_steps": {"0": 1250, "1": 1250, "2": 1250, "3": 1036.7355439103999, "4": 950.4723450432323, "5": 830.0723670041111, "6": 731.0661325645912, "7": 520.395012084775, "8": 501.6079213080062, "9": 471.4868256070551, "10": 406.8498067238283, "11": 377.4081701607721, "12": 403.6523849112235, "13": 395.3702867246016, "14": 354.45797260887593, "15": 360.09725772968153, "16": 425.44440641263697, "17": 402.62408033791235, "18": 430.1905347709529}, "qspdt_steps": {"0": 0, "1": 0, "2": 0, "3": 3.8116693460849302, "4": 6.915298371464949, "5": 5.612058299513791, "6": 6.163343958285758, "7": 7.919569798425007, "8": 8.48669240766642, "9": 9.641112525852238, "10": 9.105703326110469, "11": 10.06878850864362, "12": 9.666226944020362, "13": 10.230732954971518, "14": 10.7527508097463, "15": 11.911486476613218, "16": 12.215455705790632, "17": 11.494544653108292, "18": 13.442169061621644}}