{"mission_setup": {"len_simulation": 18000, "time_step_duration": 0.15, "seed": 0, "n_drones": 30, "env_width": 1500, "env_height": 1500, "drone_com_range": 200, "drone_sen_range": 0, "drone_speed": 8, "drone_max_buffer_size": 500000, "drone_max_energy": 100000, "drone_retransmission_delta": 10, "drone_communication_success": 0.9, "depot_com_range": 200, "depot_coordinates": [750, 0], "event_duration": 2000, "packets_max_ttl": 18000, "show_plot": false, "routing_algorithm": "RoutingAlgorithm.QL", "communication_error_type": "ChannelError.GAUSSIAN", "time_on_active_routing": "0"}, "mean_number_of_relays": 3.2683325595946955, "packet_mean_delivery_time": 152.625, "packet_delivery_ratio": 0.35379061371841153, "number_of_steps": 19, "qhc_steps": {"0": 45000, "1": 45000, "2": 44782.528, "3": 42672.66442805249, "4": 41947.46033030758, "5": 40320.59932788119, "6": 39309.3682269532, "7": 38697.460520073204, "8": 37710.9526976494, "9": 37000.62041501041, "10": 36396.241026470445, "11": 35548.04634618997, "12": 35088.83092249797, "13": 34060.983927976165, "14": 33453.061527644095, "15": 33106.331091338034, "16": 32701.93519339652, "17": 30965.249774916832, "18": 31765.47954573109}, "qspdt_steps": {"0": 0, "1": 0, "2": 0.5374650000000001, "3": 9.7869830854917, "4": 13.985103393989805, "5": 16.967151919547554, "6": 23.580775453351595, "7": 28.523250539210725, "8": 34.88106746105438, "9": 42.968396942226626, "10": 48.67204236007286, "11": 58.06413850763411, "12": 65.25499771084102, "13": 69.89654704212555, "14": 82.73247111263363, "15": 85.14318402696986, "16": 90.58486888948889, "17": 103.8651500893958, "18": 109.62936145624279}}