{"mission_setup": {"len_simulation": 18000, "time_step_duration": 0.15, "seed": 13, "n_drones": 10, "env_width": 1500, "env_height": 1500, "drone_com_range": 200, "drone_sen_range": 0, "drone_speed": 8, "drone_max_buffer_size": 500000, "drone_max_energy": 100000, "drone_retransmission_delta": 10, "drone_communication_success": 0.9, "depot_com_range": 200, "depot_coordinates": [750, 0], "event_duration": 2000, "packets_max_ttl": 18000, "show_plot": false, "routing_algorithm": "RoutingAlgorithm.QL", "communication_error_type": "ChannelError.GAUSSIAN", "time_on_active_routing": "0"}, "mean_number_of_relays": 1.6265017416648895, "packet_mean_delivery_time": 133.4093023255814, "packet_delivery_ratio": 0.3104693140794224, "number_of_steps": 19, "qhc_steps": {"0": 5000, "1": 5000, "2": 4728.52992, "3": 4355.3600757760005, "4": 3938.5304734481774, "5": 3637.0650307018095, "6": 3334.88715523557, "7": 3255.461467140935, "8": 2650.57864350294, "9": 2807.9551033199004, "10": 2883.542977627957, "11": 3212.911308953061, "12": 3159.897130531045, "13": 3008.825203730067, "14": 2793.126890315336, "15": 2863.588806578431, "16": 2437.054491474758, "17": 2663.8128393340767, "18": 2964.7124893100745}, "qspdt_steps": {"0": 0, "1": 0, "2": 0.1878947075249629, "3": 2.406380032596529, "4": 9.547037063811384, "5": 16.071605504816553, "6": 17.682760933877294, "7": 18.821722009690617, "8": 21.158537040664232, "9": 21.55988482353484, "10": 25.73477380559073, "11": 30.02485688748116, "12": 31.917213291548748, "13": 33.625591347046594, "14": 36.22759807967383, "15": 39.28003510036267, "16": 41.23492218865892, "17": 45.31160238735096, "18": 46.097435287446494}}