{"mission_setup": {"len_simulation": 18000, "time_step_duration": 0.15, "seed": 9, "n_drones": 5, "env_width": 1500, "env_height": 1500, "drone_com_range": 200, "drone_sen_range": 0, "drone_speed": 8, "drone_max_buffer_size": 500000, "drone_max_energy": 100000, "drone_retransmission_delta": 10, "drone_communication_success": 0.9, "depot_com_range": 200, "depot_coordinates": [750, 0], "event_duration": 2000, "packets_max_ttl": 18000, "show_plot": false, "routing_algorithm": "RoutingAlgorithm.QL", "communication_error_type": "ChannelError.GAUSSIAN", "time_on_active_routing": "0"}, "mean_number_of_relays": 1.3431058495821726, "packet_mean_delivery_time": 144.47727272727272, "packet_delivery_ratio": 0.039711191335740074, "number_of_steps": 18, "qhc_steps": {"0": 1250, "1": 1250, "2": 1250, "3": 1079.615423488, "4": 950.2268849886947, "5": 855.2058928291275, "6": 582.2678272004836, "7": 498.4339503553542, "8": 507.41235672151424, "9": 458.7076994515903, "10": 552.648019912758, "11": 661.5043579562417, "12": 594.7431641268131, "13": 398.8665295339617, "14": 499.26167354283143, "15": 587.6868089211613, "16": 613.1583606788262, "17": 616.5918425945928, "18": 501.92708348197834}, "qspdt_steps": {"0": 0, "1": 0, "2": 0, "3": 3.7377389515513237, "4": 4.50097180171131, "5": 6.0738407851554825, "6": 7.404559715899632, "7": 7.496415586883273, "8": 9.12654615004887, "9": 8.776923058037486, "10": 10.454772285974764, "11": 9.966820173539277, "12": 9.688098701334926, "13": 9.169698894210278, "14": 9.304561091906272, "15": 7.144116171466323, "16": 7.565636017080332, "17": 7.625952774948391, "18": 4.818233941431861}}