{"mission_setup": {"len_simulation": 18000, "time_step_duration": 0.15, "seed": 1, "n_drones": 15, "env_width": 1500, "env_height": 1500, "drone_com_range": 200, "drone_sen_range": 0, "drone_speed": 8, "drone_max_buffer_size": 500000, "drone_max_energy": 100000, "drone_retransmission_delta": 10, "drone_communication_success": 0.9, "depot_com_range": 200, "depot_coordinates": [750, 0], "event_duration": 2000, "packets_max_ttl": 18000, "show_plot": false, "routing_algorithm": "RoutingAlgorithm.QL", "communication_error_type": "ChannelError.GAUSSIAN", "time_on_active_routing": "0"}, "mean_number_of_relays": 1.9023129324968362, "packet_mean_delivery_time": 135.524, "packet_delivery_ratio": 0.27075812274368233, "number_of_steps": 19, "qhc_steps": {"0": 11250, "1": 11250, "2": 11250, "3": 9671.387525324797, "4": 9168.558082015827, "5": 9102.805118909748, "6": 8518.729028318663, "7": 7956.711768726893, "8": 7830.83344510241, "9": 7440.166593867085, "10": 6726.194888646877, "11": 6750.097877242309, "12": 7164.3296540165, "13": 7236.247588257089, "14": 6967.691549594685, "15": 6691.534610970543, "16": 6311.4997547452995, "17": 6669.020915495648, "18": 6742.180411050728}, "qspdt_steps": {"0": 0, "1": 0, "2": 0, "3": 34.32221579858421, "4": 45.41814672335528, "5": 56.058125441627155, "6": 80.0127069632919, "7": 93.43746197497545, "8": 99.43656677663085, "9": 111.03312733883018, "10": 126.38361966869861, "11": 135.57769855818185, "12": 143.73143447163278, "13": 152.16133182711812, "14": 149.0220753845262, "15": 155.03136145074046, "16": 164.66675471520998, "17": 174.7082693638109, "18": 174.19550546487562}}