{"mission_setup": {"len_simulation": 18000, "time_step_duration": 0.15, "seed": 9, "n_drones": 10, "env_width": 1500, "env_height": 1500, "drone_com_range": 200, "drone_sen_range": 0, "drone_speed": 8, "drone_max_buffer_size": 500000, "drone_max_energy": 100000, "drone_retransmission_delta": 10, "drone_communication_success": 0.9, "depot_com_range": 200, "depot_coordinates": [750, 0], "event_duration": 2000, "packets_max_ttl": 18000, "show_plot": false, "routing_algorithm": "RoutingAlgorithm.QL", "communication_error_type": "ChannelError.GAUSSIAN", "time_on_active_routing": "0"}, "mean_number_of_relays": 1.5014742819700775, "packet_mean_delivery_time": 126.45882352941175, "packet_delivery_ratio": 0.12274368231046931, "number_of_steps": 19, "qhc_steps": {"0": 5000, "1": 5000, "2": 5000, "3": 4531.7746176, "4": 4234.615536470512, "5": 3933.211309668309, "6": 3357.2990786455402, "7": 3128.120029143598, "8": 2776.3876316130127, "9": 2627.5377107385284, "10": 2676.4524436292522, "11": 2746.1787914975403, "12": 2715.81885527926, "13": 2671.1433588194836, "14": 2668.099131811542, "15": 2311.5767129300693, "16": 2008.345523122307, "17": 1772.9614154537808, "18": 1992.7031010014955}, "qspdt_steps": {"0": 0, "1": 0, "2": 0, "3": 7.898731747424363, "4": 15.024180050640627, "5": 16.129414027467085, "6": 19.17133743179853, "7": 19.87233184649081, "8": 22.048858458795543, "9": 25.295191401300688, "10": 27.648432133856172, "11": 34.523089850215214, "12": 37.8676499574887, "13": 46.65542422842077, "14": 49.25885007815573, "15": 53.91735942927143, "16": 56.54248352974623, "17": 59.59959486581653, "18": 62.16287891781605}}