{"mission_setup": {"len_simulation": 18000, "time_step_duration": 0.15, "seed": 8, "n_drones": 30, "env_width": 1500, "env_height": 1500, "drone_com_range": 200, "drone_sen_range": 0, "drone_speed": 8, "drone_max_buffer_size": 500000, "drone_max_energy": 100000, "drone_retransmission_delta": 10, "drone_communication_success": 0.9, "depot_com_range": 200, "depot_coordinates": [750, 0], "event_duration": 2000, "packets_max_ttl": 18000, "show_plot": false, "routing_algorithm": "RoutingAlgorithm.QL", "communication_error_type": "ChannelError.GAUSSIAN", "time_on_active_routing": "0"}, "mean_number_of_relays": 3.1386376705525643, "packet_mean_delivery_time": 115.0609756097561, "packet_delivery_ratio": 0.148014440433213, "number_of_steps": 19, "qhc_steps": {"0": 45000, "1": 45000, "2": 45000, "3": 42858.858709401604, "4": 41180.30853799936, "5": 40540.200906490165, "6": 39436.37501642573, "7": 38814.489409057474, "8": 37443.32481034836, "9": 36474.97370266707, "10": 35431.10347685691, "11": 35340.116207188454, "12": 35256.60710699306, "13": 33885.36650693987, "14": 33868.07464231835, "15": 32832.32889537218, "16": 32985.01675734908, "17": 33088.69101205896, "18": 31673.67901019499}, "qspdt_steps": {"0": 0, "1": 0, "2": 0, "3": 8.065235841718588, "4": 18.33215196030647, "5": 29.378197922794296, "6": 29.210552943540154, "7": 34.25252788904263, "8": 41.811056765287695, "9": 53.24553865017805, "10": 65.20063035155168, "11": 72.54122497232231, "12": 78.33957852319708, "13": 82.92774724078069, "14": 93.77508618517552, "15": 95.47433584372887, "16": 100.71503919902435, "17": 109.97671371213896, "18": 117.82911148784693}}