{"mission_setup": {"len_simulation": 18000, "time_step_duration": 0.15, "seed": 9, "n_drones": 15, "env_width": 1500, "env_height": 1500, "drone_com_range": 200, "drone_sen_range": 0, "drone_speed": 8, "drone_max_buffer_size": 500000, "drone_max_energy": 100000, "drone_retransmission_delta": 10, "drone_communication_success": 0.9, "depot_com_range": 200, "depot_coordinates": [750, 0], "event_duration": 2000, "packets_max_ttl": 18000, "show_plot": false, "routing_algorithm": "RoutingAlgorithm.QL", "communication_error_type": "ChannelError.GAUSSIAN", "time_on_active_routing": "0"}, "mean_number_of_relays": 1.9104080511292982, "packet_mean_delivery_time": 104.12857142857142, "packet_delivery_ratio": 0.07581227436823104, "number_of_steps": 18, "qhc_steps": {"0": 11250, "1": 11250, "2": 11250, "3": 10221.52510976, "4": 9252.341882802997, "5": 8910.396491593561, "6": 8156.972672167552, "7": 7965.374706766775, "8": 7075.008141122047, "9": 7127.529845362069, "10": 6841.534252549739, "11": 6602.901006041077, "12": 6724.372841756882, "13": 6472.61557314126, "14": 6389.0654469338815, "15": 6356.414521933861, "16": 6157.019844616639, "17": 6096.869530828252, "18": 6482.156795251736}, "qspdt_steps": {"0": 0, "1": 0, "2": 0, "3": 18.262595585075065, "4": 33.84264150557163, "5": 41.440172305568666, "6": 53.96086313680837, "7": 55.19577153047112, "8": 72.33068051836632, "9": 74.06319255675106, "10": 94.49220710210837, "11": 101.55654994233751, "12": 104.25925960385091, "13": 108.63889160398169, "14": 101.87765580515384, "15": 107.03143870112685, "16": 114.05786329167282, "17": 122.69163338355722, "18": 125.28105538553746}}