{"mission_setup": {"len_simulation": 18000, "time_step_duration": 0.15, "seed": 19, "n_drones": 25, "env_width": 1500, "env_height": 1500, "drone_com_range": 200, "drone_sen_range": 0, "drone_speed": 8, "drone_max_buffer_size": 500000, "drone_max_energy": 100000, "drone_retransmission_delta": 10, "drone_communication_success": 0.9, "depot_com_range": 200, "depot_coordinates": [750, 0], "event_duration": 2000, "packets_max_ttl": 18000, "show_plot": false, "routing_algorithm": "RoutingAlgorithm.QL", "communication_error_type": "ChannelError.GAUSSIAN", "time_on_active_routing": "0"}, "mean_number_of_relays": 2.909318390829181, "packet_mean_delivery_time": 136.4525, "packet_delivery_ratio": 0.21660649819494585, "number_of_steps": 19, "qhc_steps": {"0": 31250, "1": 31178.8, "2": 30990.384000000002, "3": 29619.89604863999, "4": 28483.52998321945, "5": 27798.02738606384, "6": 26944.63099285374, "7": 25787.394233927793, "8": 25192.793563465762, "9": 24746.430927087342, "10": 24153.85507367673, "11": 24297.928238479348, "12": 24098.18546074706, "13": 22972.146639500676, "14": 22370.31930025582, "15": 22445.908957526182, "16": 21831.412994316965, "17": 21580.557363795702, "18": 21622.300711757183}, "qspdt_steps": {"0": 0, "1": 0.05070000000000001, "2": 0.4384677700823862, "3": 7.036341933715515, "4": 15.965915537717093, "5": 21.274947862463065, "6": 30.379835210605275, "7": 36.06244567033389, "8": 43.59375495548732, "9": 50.386578172561826, "10": 54.7841613986528, "11": 55.513474477177596, "12": 58.696507003477485, "13": 65.37598123766006, "14": 71.81919633917471, "15": 78.65749064911182, "16": 87.32420424654875, "17": 98.66777033084745, "18": 105.55377367969211}}