{"mission_setup": {"len_simulation": 18000, "time_step_duration": 0.15, "seed": 7, "n_drones": 30, "env_width": 1500, "env_height": 1500, "drone_com_range": 200, "drone_sen_range": 0, "drone_speed": 8, "drone_max_buffer_size": 500000, "drone_max_energy": 100000, "drone_retransmission_delta": 10, "drone_communication_success": 0.9, "depot_com_range": 200, "depot_coordinates": [750, 0], "event_duration": 2000, "packets_max_ttl": 18000, "show_plot": false, "routing_algorithm": "RoutingAlgorithm.QL", "communication_error_type": "ChannelError.GAUSSIAN", "time_on_active_routing": "0"}, "mean_number_of_relays": 3.047831733039509, "packet_mean_delivery_time": 131.5692857142857, "packet_delivery_ratio": 0.2527075812274368, "number_of_steps": 19, "qhc_steps": {"0": 45000, "1": 44871.583999999995, "2": 44871.583999999995, "3": 42891.20673792001, "4": 41984.170983974516, "5": 40907.49353589121, "6": 40038.423930544326, "7": 38886.64987442399, "8": 37336.59744190358, "9": 37774.28519279292, "10": 37585.86667132471, "11": 35955.27523301178, "12": 36146.501118377244, "13": 35207.03235742576, "14": 34839.67093004537, "15": 34832.05331887423, "16": 34133.15299268537, "17": 33170.09197234037, "18": 32503.939060912926}, "qspdt_steps": {"0": 0, "1": 0.10728414285714284, "2": 0.10728414285714284, "3": 11.542465537057813, "4": 20.406910352082644, "5": 28.045623425174934, "6": 38.29024096838192, "7": 45.20331481818186, "8": 56.43981341346183, "9": 59.48112963616026, "10": 67.15575190541546, "11": 71.22509159231133, "12": 80.22580359957766, "13": 85.76256862513581, "14": 93.1105878804601, "15": 99.64617342323781, "16": 104.54961745722602, "17": 111.42828243556399, "18": 116.9171227257525}}