{"mission_setup": {"len_simulation": 18000, "time_step_duration": 0.15, "seed": 6, "n_drones": 25, "env_width": 1500, "env_height": 1500, "drone_com_range": 200, "drone_sen_range": 0, "drone_speed": 8, "drone_max_buffer_size": 500000, "drone_max_energy": 100000, "drone_retransmission_delta": 10, "drone_communication_success": 0.9, "depot_com_range": 200, "depot_coordinates": [750, 0], "event_duration": 2000, "packets_max_ttl": 18000, "show_plot": false, "routing_algorithm": "RoutingAlgorithm.QL", "communication_error_type": "ChannelError.GAUSSIAN", "time_on_active_routing": "0"}, "mean_number_of_relays": 2.5591796392389425, "packet_mean_delivery_time": 138.819, "packet_delivery_ratio": 0.18050541516245489, "number_of_steps": 18, "qhc_steps": {"0": 31250, "1": 31175.6, "2": 31175.6, "3": 29672.011002880008, "4": 28850.43183710865, "5": 27429.99732997405, "6": 26194.45599175816, "7": 25566.167592119626, "8": 24406.644400403056, "9": 24296.526904472477, "10": 22993.59301094231, "11": 23183.283993988574, "12": 22537.63299817349, "13": 22418.121638342654, "14": 21577.541996125536, "15": 21223.057080233986, "16": 20888.505077707574, "17": 20406.441762966, "18": 19848.79007875935}, "qspdt_steps": {"0": 0, "1": 0.020700000000000003, "2": 0.020700000000000003, "3": 87.42094997516807, "4": 176.78065637269376, "5": 264.6158459611653, "6": 307.61791576560404, "7": 338.25337849268266, "8": 373.3195067136116, "9": 402.6074973788387, "10": 496.22397529816885, "11": 525.7650253224188, "12": 598.8219546460056, "13": 673.6004683353505, "14": 804.538271105022, "15": 856.8422912124095, "16": 909.928968286295, "17": 951.3155842452811, "18": 971.4796806682875}}