{"mission_setup": {"len_simulation": 18000, "time_step_duration": 0.15, "seed": 27, "n_drones": 25, "env_width": 1500, "env_height": 1500, "drone_com_range": 200, "drone_sen_range": 0, "drone_speed": 8, "drone_max_buffer_size": 500000, "drone_max_energy": 100000, "drone_retransmission_delta": 10, "drone_communication_success": 0.9, "depot_com_range": 200, "depot_coordinates": [750, 0], "event_duration": 2000, "packets_max_ttl": 18000, "show_plot": false, "routing_algorithm": "RoutingAlgorithm.QL", "communication_error_type": "ChannelError.GAUSSIAN", "time_on_active_routing": "0"}, "mean_number_of_relays": 2.7125245286238377, "packet_mean_delivery_time": 138.80089285714286, "packet_delivery_ratio": 0.20216606498194944, "number_of_steps": 19, "qhc_steps": {"0": 31250, "1": 31250, "2": 31250, "3": 29431.670164479998, "4": 29398.16885589266, "5": 28890.00465732183, "6": 28058.428197751135, "7": 27276.244426732723, "8": 26683.609946071145, "9": 26192.752191819876, "10": 24624.59463658555, "11": 23633.54544806609, "12": 23541.642208345267, "13": 23655.298167505505, "14": 23344.03696028363, "15": 22447.61407998815, "16": 22289.61195355793, "17": 21491.14471853942, "18": 20879.829786119928}, "qspdt_steps": {"0": 0, "1": 0, "2": 0, "3": 15.640527456057168, "4": 21.572158298219154, "5": 34.212325574466725, "6": 43.12347887698483, "7": 46.26641858449216, "8": 52.573561537579984, "9": 59.97103925330032, "10": 66.53810950191753, "11": 73.40432878531912, "12": 86.03206443063843, "13": 95.2646560038601, "14": 105.81002093278788, "15": 109.0434248654423, "16": 117.65117539495266, "17": 120.77943120063259, "18": 127.7358653129126}}