{"mission_setup": {"len_simulation": 18000, "time_step_duration": 0.15, "seed": 22, "n_drones": 10, "env_width": 1500, "env_height": 1500, "drone_com_range": 200, "drone_sen_range": 0, "drone_speed": 8, "drone_max_buffer_size": 500000, "drone_max_energy": 100000, "drone_retransmission_delta": 10, "drone_communication_success": 0.9, "depot_com_range": 200, "depot_coordinates": [750, 0], "event_duration": 2000, "packets_max_ttl": 18000, "show_plot": false, "routing_algorithm": "RoutingAlgorithm.QL", "communication_error_type": "ChannelError.GAUSSIAN", "time_on_active_routing": "0"}, "mean_number_of_relays": 1.492627176695389, "packet_mean_delivery_time": 116.33099999999999, "packet_delivery_ratio": 0.18050541516245489, "number_of_steps": 19, "qhc_steps": {"0": 5000, "1": 5000, "2": 5000, "3": 4456.560420864002, "4": 4077.0870718522997, "5": 3857.7080917418975, "6": 3538.7844842870113, "7": 2961.0138714378054, "8": 3006.943106675622, "9": 2887.698832470181, "10": 2915.8804475897437, "11": 2585.9993249562535, "12": 2564.9671626401587, "13": 2731.2100012427045, "14": 2869.8061821552983, "15": 2484.071657552231, "16": 2638.9840065012713, "17": 2805.8778803982027, "18": 2500.2405729979764}, "qspdt_steps": {"0": 0, "1": 0, "2": 0, "3": 3.7150667718641452, "4": 8.989304812390879, "5": 13.588735682717271, "6": 17.08406838457215, "7": 19.492671495456484, "8": 22.03561587913082, "9": 28.254065784975975, "10": 37.93824063744224, "11": 39.103424117779134, "12": 47.62324928887391, "13": 49.273275366438355, "14": 54.164690828606396, "15": 58.5358052485022, "16": 59.08755785168503, "17": 59.83259077579787, "18": 65.20146048848973}}