{"mission_setup": {"len_simulation": 18000, "time_step_duration": 0.15, "seed": 18, "n_drones": 25, "env_width": 1500, "env_height": 1500, "drone_com_range": 200, "drone_sen_range": 0, "drone_speed": 8, "drone_max_buffer_size": 500000, "drone_max_energy": 100000, "drone_retransmission_delta": 10, "drone_communication_success": 0.9, "depot_com_range": 200, "depot_coordinates": [750, 0], "event_duration": 2000, "packets_max_ttl": 18000, "show_plot": false, "routing_algorithm": "RoutingAlgorithm.QL", "communication_error_type": "ChannelError.GAUSSIAN", "time_on_active_routing": "0"}, "mean_number_of_relays": 2.7993425349414376, "packet_mean_delivery_time": 139.85543478260868, "packet_delivery_ratio": 0.33212996389891697, "number_of_steps": 19, "qhc_steps": {"0": 31250, "1": 31250, "2": 31166.864, "3": 29498.760257413123, "4": 28038.009863983407, "5": 27508.509140783415, "6": 26869.848904684353, "7": 25918.658594856654, "8": 24806.942837194834, "9": 23275.772366055557, "10": 22944.14175460416, "11": 22908.10584050171, "12": 22275.978466584234, "13": 22353.0953900997, "14": 21610.49199714601, "15": 21391.225276727935, "16": 20258.874564764403, "17": 19968.962994082936, "18": 19744.82373162137}, "qspdt_steps": {"0": 0, "1": 0, "2": 0.06396428571428571, "3": 14.036626333507932, "4": 18.402551729762553, "5": 21.77261053365235, "6": 29.511942844051514, "7": 33.39570544296934, "8": 41.585087394113685, "9": 47.95378128707083, "10": 52.21999937407974, "11": 57.582369834625965, "12": 65.69074613074028, "13": 72.59017976006443, "14": 81.70541053801772, "15": 93.03834566666777, "16": 95.62391959874034, "17": 109.05183171879573, "18": 119.29789373424354}}