{"mission_setup": {"len_simulation": 18000, "time_step_duration": 0.15, "seed": 4, "n_drones": 20, "env_width": 1500, "env_height": 1500, "drone_com_range": 200, "drone_sen_range": 0, "drone_speed": 8, "drone_max_buffer_size": 500000, "drone_max_energy": 100000, "drone_retransmission_delta": 10, "drone_communication_success": 0.9, "depot_com_range": 200, "depot_coordinates": [750, 0], "event_duration": 2000, "packets_max_ttl": 18000, "show_plot": false, "routing_algorithm": "RoutingAlgorithm.QL", "communication_error_type": "ChannelError.GAUSSIAN", "time_on_active_routing": "0"}, "mean_number_of_relays": 2.0810363042643103, "packet_mean_delivery_time": 113.12272727272726, "packet_delivery_ratio": 0.11913357400722022, "number_of_steps": 19, "qhc_steps": {"0": 20000, "1": 20000, "2": 19610.304, "3": 18264.206854438915, "4": 17446.55152703116, "5": 16834.035709006614, "6": 16355.169572931129, "7": 15301.94987312102, "8": 14667.509914489696, "9": 14716.865849369477, "10": 14808.424196981874, "11": 14366.072796695755, "12": 14410.138160644461, "13": 13815.520220236247, "14": 13657.762703208875, "15": 13108.504607189003, "16": 12270.489218497944, "17": 12233.818623560344, "18": 11705.173099228534}, "qspdt_steps": {"0": 0, "1": 0, "2": 0.20979878063724042, "3": 9.514616423738433, "4": 19.220177034874197, "5": 21.473754652996664, "6": 29.84570756096932, "7": 31.520368703314542, "8": 33.81062691258901, "9": 37.92012970193473, "10": 44.061284627592705, "11": 55.31436654898695, "12": 63.45958260782873, "13": 64.61537869866349, "14": 74.80703658057291, "15": 86.2126315188323, "16": 105.01681699141726, "17": 116.8190423995194, "18": 123.36020775473787}}