{"mission_setup": {"len_simulation": 18000, "time_step_duration": 0.15, "seed": 6, "n_drones": 5, "env_width": 1500, "env_height": 1500, "drone_com_range": 200, "drone_sen_range": 0, "drone_speed": 8, "drone_max_buffer_size": 500000, "drone_max_energy": 100000, "drone_retransmission_delta": 10, "drone_communication_success": 0.9, "depot_com_range": 200, "depot_coordinates": [750, 0], "event_duration": 2000, "packets_max_ttl": 18000, "show_plot": false, "routing_algorithm": "RoutingAlgorithm.QL", "communication_error_type": "ChannelError.GAUSSIAN", "time_on_active_routing": "0"}, "mean_number_of_relays": 1.1040748898678414, "packet_mean_delivery_time": 154.75588235294117, "packet_delivery_ratio": 0.12274368231046931, "number_of_steps": 19, "qhc_steps": {"0": 1250, "1": 1250, "2": 1250, "3": 717.5698589696, "4": 697.16118433792, "5": 658.5523597824465, "6": 753.9731401112587, "7": 809.2667475380229, "8": 620.6428965801255, "9": 644.2918224384284, "10": 551.6586569834327, "11": 571.5502998322222, "12": 680.9406287607173, "13": 439.23637024739446, "14": 458.08128899832053, "15": 506.70444983567535, "16": 583.5436072167385, "17": 636.8305153939109, "18": 553.6024077502423}, "qspdt_steps": {"0": 0, "1": 0, "2": 0, "3": 7.2310563745928995, "4": 9.202429717728004, "5": 11.267416616416678, "6": 10.907640136143282, "7": 10.242912193599288, "8": 9.951892963772007, "9": 9.308253875274456, "10": 9.553168128288547, "11": 8.086479226220325, "12": 9.368670649869562, "13": 9.951170066351793, "14": 11.327303420344073, "15": 10.718472421426613, "16": 12.257256689379448, "17": 13.764210293825222, "18": 13.624459162392247}}