{"mission_setup": {"len_simulation": 18000, "time_step_duration": 0.15, "seed": 13, "n_drones": 15, "env_width": 1500, "env_height": 1500, "drone_com_range": 200, "drone_sen_range": 0, "drone_speed": 8, "drone_max_buffer_size": 500000, "drone_max_energy": 100000, "drone_retransmission_delta": 10, "drone_communication_success": 0.9, "depot_com_range": 200, "depot_coordinates": [750, 0], "event_duration": 2000, "packets_max_ttl": 18000, "show_plot": false, "routing_algorithm": "RoutingAlgorithm.QL", "communication_error_type": "ChannelError.GAUSSIAN", "time_on_active_routing": "0"}, "mean_number_of_relays": 1.8540219757437546, "packet_mean_delivery_time": 115.28999999999999, "packet_delivery_ratio": 0.18050541516245489, "number_of_steps": 19, "qhc_steps": {"0": 11250, "1": 11061.136, "2": 10793.25376, "3": 10017.90016, "4": 9570.60128763904, "5": 9006.78135161979, "6": 8579.433103166739, "7": 8159.672259272475, "8": 7374.377010930338, "9": 7728.268813262719, "10": 7967.855506695546, "11": 7600.820160367765, "12": 7584.704783791519, "13": 7344.1742366710405, "14": 7136.352531022923, "15": 7399.274606319182, "16": 7027.08628804103, "17": 6706.912515095125, "18": 6229.109612050522}, "qspdt_steps": {"0": 0, "1": 0.3048457920064432, "2": 0.5673145860374883, "3": 3.9758807708496837, "4": 11.421955124062674, "5": 20.86791194811196, "6": 26.681902587329684, "7": 31.330000412329, "8": 35.69488072666775, "9": 38.587282324501366, "10": 42.777966845343485, "11": 50.037587496215195, "12": 52.52652561604373, "13": 58.97767589922251, "14": 77.3168052038224, "15": 85.37623102445282, "16": 91.52694885646343, "17": 95.26187719217106, "18": 104.99944714861257}}