{"mission_setup": {"len_simulation": 18000, "time_step_duration": 0.15, "seed": 11, "n_drones": 15, "env_width": 1500, "env_height": 1500, "drone_com_range": 200, "drone_sen_range": 0, "drone_speed": 8, "drone_max_buffer_size": 500000, "drone_max_energy": 100000, "drone_retransmission_delta": 10, "drone_communication_success": 0.9, "depot_com_range": 200, "depot_coordinates": [750, 0], "event_duration": 2000, "packets_max_ttl": 18000, "show_plot": false, "routing_algorithm": "RoutingAlgorithm.QL", "communication_error_type": "ChannelError.GAUSSIAN", "time_on_active_routing": "0"}, "mean_number_of_relays": 1.7931933580348567, "packet_mean_delivery_time": 68.29054054054053, "packet_delivery_ratio": 0.13357400722021662, "number_of_steps": 19, "qhc_steps": {"0": 11250, "1": 11250, "2": 11250, "3": 10569.17759682314, "4": 9492.21920348154, "5": 9448.216617832522, "6": 9001.088360862424, "7": 8615.403517139819, "8": 8497.22541544678, "9": 8753.055642943717, "10": 8161.6302097829075, "11": 7952.8561401668785, "12": 7444.800415237546, "13": 7137.227227980815, "14": 6851.1607070378095, "15": 6845.280992009536, "16": 6480.544479782635, "17": 6441.359859924954, "18": 5978.0124478634225}, "qspdt_steps": {"0": 0, "1": 0, "2": 0, "3": 9.218966294062081, "4": 12.772116447722215, "5": 21.987499561659874, "6": 29.002309210727226, "7": 35.70866479106663, "8": 42.20701046309471, "9": 46.435930958870394, "10": 49.88016927093131, "11": 51.35552406692774, "12": 58.99040432283866, "13": 69.26532424365165, "14": 75.79757803126249, "15": 81.00898860183848, "16": 85.90299741721817, "17": 87.95119546396081, "18": 92.78962799306186}}