{"mission_setup": {"len_simulation": 18000, "time_step_duration": 0.15, "seed": 4, "n_drones": 5, "env_width": 1500, "env_height": 1500, "drone_com_range": 200, "drone_sen_range": 0, "drone_speed": 8, "drone_max_buffer_size": 500000, "drone_max_energy": 100000, "drone_retransmission_delta": 10, "drone_communication_success": 0.9, "depot_com_range": 200, "depot_coordinates": [750, 0], "event_duration": 2000, "packets_max_ttl": 18000, "show_plot": false, "routing_algorithm": "RoutingAlgorithm.QL", "communication_error_type": "ChannelError.GAUSSIAN", "time_on_active_routing": "0"}, "mean_number_of_relays": 1.0482447726836754, "packet_mean_delivery_time": 145.02631578947367, "packet_delivery_ratio": 0.1371841155234657, "number_of_steps": 18, "qhc_steps": {"0": 1250, "1": 1250, "2": 1091.536, "3": 813.8600840740864, "4": 660.2674125350502, "5": 627.5613832254805, "6": 517.07436591639, "7": 474.95509421298243, "8": 468.02114558644763, "9": 464.69428312613553, "10": 485.5863270827687, "11": 531.0583727400053, "12": 605.6520202254367, "13": 588.6640456744258, "14": 593.9100821353903, "15": 533.2951010020961, "16": 474.3052269752259, "17": 473.2079235560235, "18": 545.771869544996}, "qspdt_steps": {"0": 0, "1": 0, "2": 0.9127166824510278, "3": 3.136048950601226, "4": 5.2381720422449956, "5": 4.510337838862393, "6": 5.647832392873283, "7": 6.690985337383852, "8": 5.561904975326504, "9": 5.905835780113787, "10": 6.3287833229024635, "11": 6.827541317576857, "12": 7.343612138816168, "13": 8.435638738040037, "14": 6.898566750388964, "15": 7.387209589846915, "16": 9.402739344597832, "17": 9.376165622290472, "18": 9.72392986962594}}