{"mission_setup": {"len_simulation": 18000, "time_step_duration": 0.15, "seed": 8, "n_drones": 10, "env_width": 1500, "env_height": 1500, "drone_com_range": 200, "drone_sen_range": 0, "drone_speed": 8, "drone_max_buffer_size": 500000, "drone_max_energy": 100000, "drone_retransmission_delta": 10, "drone_communication_success": 0.9, "depot_com_range": 200, "depot_coordinates": [750, 0], "event_duration": 2000, "packets_max_ttl": 18000, "show_plot": false, "routing_algorithm": "RoutingAlgorithm.QL", "communication_error_type": "ChannelError.GAUSSIAN", "time_on_active_routing": "0"}, "mean_number_of_relays": 1.5789260658391797, "packet_mean_delivery_time": 139.71986301369864, "packet_delivery_ratio": 0.26353790613718414, "number_of_steps": 19, "qhc_steps": {"0": 5000, "1": 5000, "2": 5000, "3": 4352.891579702314, "4": 3893.499530068964, "5": 3483.9079603291384, "6": 3422.763148473894, "7": 3116.7859924804197, "8": 2869.1196683201756, "9": 2937.4784369430417, "10": 2678.785552095237, "11": 2662.4346839602654, "12": 2610.7190277437444, "13": 2518.763444428281, "14": 2929.0005424295828, "15": 3026.9350456382494, "16": 3304.4882460094545, "17": 3337.9706782190115, "18": 2851.0704144753668}, "qspdt_steps": {"0": 0, "1": 0, "2": 0, "3": 5.042962187480881, "4": 11.37792876321388, "5": 15.53092692957615, "6": 17.461681920135913, "7": 20.30170260637948, "8": 21.920713288083377, "9": 24.53256703519086, "10": 30.44178008160527, "11": 33.95365617413407, "12": 37.91539692918685, "13": 38.98354029117544, "14": 41.28227518447612, "15": 44.22370195341151, "16": 48.84604690559595, "17": 48.99149683425283, "18": 47.66204580642452}}