{"mission_setup": {"len_simulation": 18000, "time_step_duration": 0.15, "seed": 23, "n_drones": 15, "env_width": 1500, "env_height": 1500, "drone_com_range": 200, "drone_sen_range": 0, "drone_speed": 8, "drone_max_buffer_size": 500000, "drone_max_energy": 100000, "drone_retransmission_delta": 10, "drone_communication_success": 0.9, "depot_com_range": 200, "depot_coordinates": [750, 0], "event_duration": 2000, "packets_max_ttl": 18000, "show_plot": false, "routing_algorithm": "RoutingAlgorithm.QL", "communication_error_type": "ChannelError.GAUSSIAN", "time_on_active_routing": "0"}, "mean_number_of_relays": 2.1155271224843397, "packet_mean_delivery_time": 115.0524193548387, "packet_delivery_ratio": 0.22382671480144403, "number_of_steps": 19, "qhc_steps": {"0": 11250, "1": 11250, "2": 11085.583999999999, "3": 9811.19396352, "4": 9736.215219732807, "5": 9061.700988238574, "6": 8919.892239399629, "7": 8695.30518664544, "8": 8524.968597193389, "9": 8118.932382507274, "10": 7460.499236995284, "11": 7095.187601205508, "12": 6838.728477119254, "13": 6312.745447933463, "14": 6135.319815848728, "15": 6068.941469390699, "16": 5739.550763398401, "17": 5887.844062865025, "18": 5814.523353721299}, "qspdt_steps": {"0": 0, "1": 0, "2": 1.1335868571428573, "3": 7.2165747804393705, "4": 14.89833147492005, "5": 18.251865669823513, "6": 22.007786274496688, "7": 26.64559940132007, "8": 35.753783551005704, "9": 40.1275421352867, "10": 49.224445340181354, "11": 56.10875650166644, "12": 60.73773482737504, "13": 66.71497156473605, "14": 70.34342689354547, "15": 77.3094551803393, "16": 81.97624255769043, "17": 87.93774690875485, "18": 90.98814163595543}}