{"mission_setup": {"len_simulation": 18000, "time_step_duration": 0.15, "seed": 3, "n_drones": 5, "env_width": 1500, "env_height": 1500, "drone_com_range": 200, "drone_sen_range": 0, "drone_speed": 8, "drone_max_buffer_size": 500000, "drone_max_energy": 100000, "drone_retransmission_delta": 10, "drone_communication_success": 0.9, "depot_com_range": 200, "depot_coordinates": [750, 0], "event_duration": 2000, "packets_max_ttl": 18000, "show_plot": false, "routing_algorithm": "RoutingAlgorithm.QL", "communication_error_type": "ChannelError.GAUSSIAN", "time_on_active_routing": "0"}, "mean_number_of_relays": 1.2063913098395858, "packet_mean_delivery_time": 96.51666666666667, "packet_delivery_ratio": 0.1299638989169675, "number_of_steps": 19, "qhc_steps": {"0": 1250, "1": 1250, "2": 1250, "3": 1072.565507956736, "4": 873.9062131386352, "5": 783.7600670861378, "6": 841.4982514110602, "7": 673.2840021951453, "8": 525.248072154734, "9": 548.4169001284233, "10": 476.0820121755171, "11": 536.51859631256, "12": 540.939651763744, "13": 458.7275794220645, "14": 454.0392589567791, "15": 391.85210394385916, "16": 440.2104565292158, "17": 483.45668516886525, "18": 548.6847561239229}, "qspdt_steps": {"0": 0, "1": 0, "2": 0, "3": 2.584973567457552, "4": 4.333872148175044, "5": 5.997626988386403, "6": 8.799069760095364, "7": 10.69438932921259, "8": 10.720148171400586, "9": 10.95133737615053, "10": 11.306692127965075, "11": 11.342642647470356, "12": 12.318134214358285, "13": 12.542832799724408, "14": 14.632304759478654, "15": 13.55182201024815, "16": 13.35522508086218, "17": 14.293258164418866, "18": 15.598855223689501}}