{"mission_setup": {"len_simulation": 18000, "time_step_duration": 0.15, "seed": 9, "n_drones": 20, "env_width": 1500, "env_height": 1500, "drone_com_range": 200, "drone_sen_range": 0, "drone_speed": 8, "drone_max_buffer_size": 500000, "drone_max_energy": 100000, "drone_retransmission_delta": 10, "drone_communication_success": 0.9, "depot_com_range": 200, "depot_coordinates": [750, 0], "event_duration": 2000, "packets_max_ttl": 18000, "show_plot": false, "routing_algorithm": "RoutingAlgorithm.QL", "communication_error_type": "ChannelError.GAUSSIAN", "time_on_active_routing": "0"}, "mean_number_of_relays": 2.2160996760053364, "packet_mean_delivery_time": 96.62222222222222, "packet_delivery_ratio": 0.09747292418772563, "number_of_steps": 18, "qhc_steps": {"0": 20000, "1": 19960.0, "2": 19960.0, "3": 18011.782149265815, "4": 17657.628505373115, "5": 17330.607272421432, "6": 16527.167223296936, "7": 15921.213189835915, "8": 14876.688427227247, "9": 14552.793372349008, "10": 13743.133371170074, "11": 13874.852958949145, "12": 13475.465987210444, "13": 13303.50220801527, "14": 13167.810556341128, "15": 12858.485102325712, "16": 12637.268742356822, "17": 12237.456594736475, "18": 12840.144327239132}, "qspdt_steps": {"0": 0, "1": -0.0028000000000000004, "2": -0.0028000000000000004, "3": 47.6085942748933, "4": 98.09402648349725, "5": 134.31958955224786, "6": 175.6463389547644, "7": 205.4604615616449, "8": 253.0759924431135, "9": 265.82299889714886, "10": 311.5188718041462, "11": 320.34408764217454, "12": 328.39493194357357, "13": 351.53268745267474, "14": 365.4558098305233, "15": 365.416406735894, "16": 373.04182996400226, "17": 377.4694977197525, "18": 384.1417962443924}}