{"mission_setup": {"len_simulation": 18000, "time_step_duration": 0.15, "seed": 4, "n_drones": 15, "env_width": 1500, "env_height": 1500, "drone_com_range": 200, "drone_sen_range": 0, "drone_speed": 8, "drone_max_buffer_size": 500000, "drone_max_energy": 100000, "drone_retransmission_delta": 10, "drone_communication_success": 0.9, "depot_com_range": 200, "depot_coordinates": [750, 0], "event_duration": 2000, "packets_max_ttl": 18000, "show_plot": false, "routing_algorithm": "RoutingAlgorithm.QL", "communication_error_type": "ChannelError.GAUSSIAN", "time_on_active_routing": "0"}, "mean_number_of_relays": 1.8378230083871137, "packet_mean_delivery_time": 82.38857142857142, "packet_delivery_ratio": 0.1263537906137184, "number_of_steps": 19, "qhc_steps": {"0": 11250, "1": 11250, "2": 11179.76, "3": 10562.023128533241, "4": 9517.559843142912, "5": 9324.640461369754, "6": 8744.684048257237, "7": 8199.365638265997, "8": 7750.9494841005135, "9": 8080.887273129539, "10": 7378.16642788807, "11": 7072.25653137851, "12": 6746.87429225102, "13": 6384.415989123988, "14": 6070.466874371393, "15": 6672.163467856691, "16": 6494.2498365181655, "17": 6445.778092173596, "18": 6768.447939797572}, "qspdt_steps": {"0": 0, "1": 0, "2": 0.06766666666666667, "3": 8.440717001377866, "4": 11.321328742398668, "5": 17.96024403297285, "6": 24.715427419530403, "7": 27.01045898502982, "8": 27.334164125265403, "9": 34.32073752745636, "10": 47.29233937228732, "11": 53.4869270559018, "12": 60.11932521547363, "13": 60.549068080868224, "14": 68.8195047377306, "15": 74.71771704358612, "16": 84.38982949877096, "17": 95.67890221419013, "18": 110.16781321705582}}