{"mission_setup": {"len_simulation": 18000, "time_step_duration": 0.15, "seed": 29, "n_drones": 15, "env_width": 1500, "env_height": 1500, "drone_com_range": 200, "drone_sen_range": 0, "drone_speed": 8, "drone_max_buffer_size": 500000, "drone_max_energy": 100000, "drone_retransmission_delta": 10, "drone_communication_success": 0.9, "depot_com_range": 200, "depot_coordinates": [750, 0], "event_duration": 2000, "packets_max_ttl": 18000, "show_plot": false, "routing_algorithm": "RoutingAlgorithm.QL", "communication_error_type": "ChannelError.GAUSSIAN", "time_on_active_routing": "0"}, "mean_number_of_relays": 1.7877357172789496, "packet_mean_delivery_time": 117.69264705882352, "packet_delivery_ratio": 0.12274368231046931, "number_of_steps": 19, "qhc_steps": {"0": 11250, "1": 11250, "2": 11250, "3": 9881.298860272846, "4": 9509.062600304032, "5": 9158.995837432669, "6": 9080.062708090794, "7": 8682.369433793918, "8": 8081.340574250076, "9": 7931.932126496778, "10": 7920.629667362772, "11": 7826.136060001181, "12": 7649.989250316764, "13": 7538.176102122638, "14": 7721.975043856824, "15": 7684.7058693433155, "16": 7605.63686923437, "17": 7390.8039587597095, "18": 7055.007565901413}, "qspdt_steps": {"0": 0, "1": 0, "2": 0, "3": 8.546791511908248, "4": 12.289070399226116, "5": 15.86267900313839, "6": 22.930344924063984, "7": 28.544028712992457, "8": 32.936563658939704, "9": 44.71568393920379, "10": 58.62025920294802, "11": 69.7661272359363, "12": 74.83633867117697, "13": 81.39268347108157, "14": 94.19066581361193, "15": 103.18255865730504, "16": 108.21438632614512, "17": 112.48416793282678, "18": 114.9836292897012}}