{"mission_setup": {"len_simulation": 18000, "time_step_duration": 0.15, "seed": 25, "n_drones": 5, "env_width": 1500, "env_height": 1500, "drone_com_range": 200, "drone_sen_range": 0, "drone_speed": 8, "drone_max_buffer_size": 500000, "drone_max_energy": 100000, "drone_retransmission_delta": 10, "drone_communication_success": 0.9, "depot_com_range": 200, "depot_coordinates": [750, 0], "event_duration": 2000, "packets_max_ttl": 18000, "show_plot": false, "routing_algorithm": "RoutingAlgorithm.QL", "communication_error_type": "ChannelError.GAUSSIAN", "time_on_active_routing": "0"}, "mean_number_of_relays": 1.226850975194092, "packet_mean_delivery_time": 154.46739130434784, "packet_delivery_ratio": 0.08303249097472924, "number_of_steps": 19, "qhc_steps": {"0": 1250, "1": 1250, "2": 1250, "3": 961.0992384, "4": 766.1940374019072, "5": 730.7322479866807, "6": 870.7309409258, "7": 853.5408316353157, "8": 719.5901253088442, "9": 651.8908757068313, "10": 792.7313962015481, "11": 682.9294129384504, "12": 574.1110247832498, "13": 540.3432522122736, "14": 748.614081466795, "15": 746.4876405650223, "16": 688.0523748840566, "17": 932.9707071876069, "18": 967.9130750133085}, "qspdt_steps": {"0": 0, "1": 0, "2": 0, "3": 3.77701495591587, "4": 4.31624094450127, "5": 6.627231925250858, "6": 8.332643317458084, "7": 9.532171865599143, "8": 11.015239467054881, "9": 11.992583275287615, "10": 12.671972371447287, "11": 12.240812537337298, "12": 11.636535872469272, "13": 11.775254791940776, "14": 11.379090175607027, "15": 11.91293273610312, "16": 10.601031836594109, "17": 10.393324872440978, "18": 10.377415962825172}}