{"mission_setup": {"len_simulation": 18000, "time_step_duration": 0.15, "seed": 10, "n_drones": 5, "env_width": 1500, "env_height": 1500, "drone_com_range": 200, "drone_sen_range": 0, "drone_speed": 8, "drone_max_buffer_size": 500000, "drone_max_energy": 100000, "drone_retransmission_delta": 10, "drone_communication_success": 0.9, "depot_com_range": 200, "depot_coordinates": [750, 0], "event_duration": 2000, "packets_max_ttl": 18000, "show_plot": false, "routing_algorithm": "RoutingAlgorithm.QL", "communication_error_type": "ChannelError.GAUSSIAN", "time_on_active_routing": "0"}, "mean_number_of_relays": 1.118339841289835, "packet_mean_delivery_time": 144.37692307692308, "packet_delivery_ratio": 0.1407942238267148, "number_of_steps": 19, "qhc_steps": {"0": 1250, "1": 1250, "2": 1250, "3": 1016.3719526400001, "4": 883.4766159826781, "5": 823.8022905819431, "6": 818.753798451616, "7": 758.6772126216952, "8": 753.9103166245645, "9": 652.8012025861153, "10": 463.6239823012244, "11": 446.78932488407594, "12": 537.3970930742992, "13": 608.2394489422188, "14": 663.7787357145339, "15": 541.8440625552951, "16": 595.2331416468461, "17": 448.43859276211526, "18": 394.43446498039367}, "qspdt_steps": {"0": 0, "1": 0, "2": 0, "3": 4.843261367124104, "4": 5.309812686473257, "5": 4.154977716221514, "6": 5.291928900915467, "7": 5.664711752421723, "8": 6.515808793692939, "9": 7.335173032080287, "10": 7.422310168384284, "11": 7.685842182943111, "12": 8.057600255955336, "13": 8.489560133718557, "14": 8.063821600829302, "15": 7.9397768439630445, "16": 8.922352712028722, "17": 8.770358702928405, "18": 8.733755191705846}}