{"mission_setup": {"len_simulation": 18000, "time_step_duration": 0.15, "seed": 24, "n_drones": 25, "env_width": 1500, "env_height": 1500, "drone_com_range": 200, "drone_sen_range": 0, "drone_speed": 8, "drone_max_buffer_size": 500000, "drone_max_energy": 100000, "drone_retransmission_delta": 10, "drone_communication_success": 0.9, "depot_com_range": 200, "depot_coordinates": [750, 0], "event_duration": 2000, "packets_max_ttl": 18000, "show_plot": false, "routing_algorithm": "RoutingAlgorithm.QL", "communication_error_type": "ChannelError.GAUSSIAN", "time_on_active_routing": "0"}, "mean_number_of_relays": 2.6507106332510255, "packet_mean_delivery_time": 153.40882352941176, "packet_delivery_ratio": 0.18411552346570398, "number_of_steps": 19, "qhc_steps": {"0": 31250, "1": 31054.64, "2": 30842.640000000003, "3": 29382.251391999987, "4": 27666.87544627198, "5": 26975.680904527468, "6": 26264.61200221025, "7": 25033.90140409502, "8": 24636.31771752114, "9": 24582.066302339055, "10": 23813.779268835628, "11": 24410.538392623384, "12": 23890.21385029487, "13": 24051.527142130897, "14": 23438.873756291476, "15": 22954.84372979223, "16": 21828.562577999845, "17": 21903.052523221686, "18": 20789.72747189666}, "qspdt_steps": {"0": 0, "1": 0.235014132445431, "2": 0.537946245093191, "3": 6.765647596685962, "4": 11.631051910948399, "5": 19.276042932418395, "6": 25.898545404796295, "7": 33.38872878419639, "8": 41.09415098575415, "9": 43.407616223481085, "10": 44.922068118774604, "11": 51.292292607318934, "12": 57.753111955672445, "13": 66.39470240987247, "14": 71.96491053873265, "15": 79.6638497574369, "16": 81.7706281140249, "17": 85.01573370424927, "18": 94.61691483181441}}