{"mission_setup": {"len_simulation": 18000, "time_step_duration": 0.15, "seed": 25, "n_drones": 25, "env_width": 1500, "env_height": 1500, "drone_com_range": 200, "drone_sen_range": 0, "drone_speed": 8, "drone_max_buffer_size": 500000, "drone_max_energy": 100000, "drone_retransmission_delta": 10, "drone_communication_success": 0.9, "depot_com_range": 200, "depot_coordinates": [750, 0], "event_duration": 2000, "packets_max_ttl": 18000, "show_plot": false, "routing_algorithm": "RoutingAlgorithm.QL", "communication_error_type": "ChannelError.GAUSSIAN", "time_on_active_routing": "0"}, "mean_number_of_relays": 2.680756902078379, "packet_mean_delivery_time": 145.55390624999998, "packet_delivery_ratio": 0.23104693140794225, "number_of_steps": 19, "qhc_steps": {"0": 31250, "1": 31141.2, "2": 30787.932799999995, "3": 29317.62024534016, "4": 28072.651702082272, "5": 27280.185557358283, "6": 25896.779584481425, "7": 25234.716295839113, "8": 25014.653018590838, "9": 24253.74625706097, "10": 23367.83326848139, "11": 23343.16487005003, "12": 21568.89020024676, "13": 20623.443909182442, "14": 20358.347346019753, "15": 20426.662830671623, "16": 20164.57352005681, "17": 20374.57406914216, "18": 19391.7369867005}, "qspdt_steps": {"0": 0, "1": 0.060666666666666674, "2": 0.32177824939549454, "3": 10.831464314808017, "4": 22.249915551396995, "5": 36.65687567025626, "6": 44.22488559294332, "7": 52.51206684925826, "8": 63.80519364159244, "9": 70.25656132318026, "10": 79.38082152194941, "11": 92.69308790038383, "12": 97.66579593558566, "13": 103.38093804048634, "14": 106.91618633485501, "15": 115.58010529830023, "16": 126.12524112787142, "17": 130.19027280854505, "18": 134.37085317376508}}