{"mission_setup": {"len_simulation": 18000, "time_step_duration": 0.15, "seed": 28, "n_drones": 5, "env_width": 1500, "env_height": 1500, "drone_com_range": 200, "drone_sen_range": 0, "drone_speed": 8, "drone_max_buffer_size": 500000, "drone_max_energy": 100000, "drone_retransmission_delta": 10, "drone_communication_success": 0.9, "depot_com_range": 200, "depot_coordinates": [750, 0], "event_duration": 2000, "packets_max_ttl": 18000, "show_plot": false, "routing_algorithm": "RoutingAlgorithm.QL", "communication_error_type": "ChannelError.GAUSSIAN", "time_on_active_routing": "0"}, "mean_number_of_relays": 1.239559832404807, "packet_mean_delivery_time": 159.29651162790697, "packet_delivery_ratio": 0.1552346570397112, "number_of_steps": 19, "qhc_steps": {"0": 1250, "1": 1250, "2": 1250, "3": 1017.4752409599998, "4": 896.765653722058, "5": 875.9056338097625, "6": 827.3565874942739, "7": 883.3220883684861, "8": 859.1918025103847, "9": 817.1879997563013, "10": 682.154951439235, "11": 763.3398299858605, "12": 693.6302060117837, "13": 538.1202805914692, "14": 650.168736505504, "15": 710.7528020457839, "16": 660.0238067351182, "17": 640.9642195447791, "18": 615.5797807678641}, "qspdt_steps": {"0": 0, "1": 0, "2": 0, "3": 4.52006106969743, "4": 4.029434002504954, "5": 5.802477599852939, "6": 7.934477117683697, "7": 8.596869753005459, "8": 8.718165385301797, "9": 9.255558497000306, "10": 9.082701186957673, "11": 10.676613879415646, "12": 11.356216572884618, "13": 10.346256322426141, "14": 10.823894173042078, "15": 10.531344684440672, "16": 10.536613724203672, "17": 12.227436896390557, "18": 10.764388640490601}}