{"mission_setup": {"len_simulation": 18000, "time_step_duration": 0.15, "seed": 21, "n_drones": 5, "env_width": 1500, "env_height": 1500, "drone_com_range": 200, "drone_sen_range": 0, "drone_speed": 8, "drone_max_buffer_size": 500000, "drone_max_energy": 100000, "drone_retransmission_delta": 10, "drone_communication_success": 0.9, "depot_com_range": 200, "depot_coordinates": [750, 0], "event_duration": 2000, "packets_max_ttl": 18000, "show_plot": false, "routing_algorithm": "RoutingAlgorithm.QL", "communication_error_type": "ChannelError.GAUSSIAN", "time_on_active_routing": "0"}, "mean_number_of_relays": 1.0799265605875152, "packet_mean_delivery_time": 132.5265306122449, "packet_delivery_ratio": 0.17689530685920576, "number_of_steps": 19, "qhc_steps": {"0": 1250, "1": 1173.1680000000001, "2": 1173.1680000000001, "3": 980.9110681599999, "4": 810.608467894272, "5": 611.9980604964862, "6": 645.0181925689755, "7": 567.8346442683883, "8": 754.1004480835974, "9": 573.0604571920554, "10": 549.9666367738415, "11": 611.7422765521227, "12": 464.9010180325671, "13": 536.5687937388745, "14": 581.2066969632635, "15": 792.617798469933, "16": 461.92685402125375, "17": 611.3031402078716, "18": 706.6486887636933}, "qspdt_steps": {"0": 0, "1": 0.31411928571428577, "2": 0.31411928571428577, "3": 3.651011706610047, "4": 4.259768060037879, "5": 6.103382096007344, "6": 8.291151363669286, "7": 8.029016431872696, "8": 9.589873208287772, "9": 9.0612142731276, "10": 8.947940570248289, "11": 9.266117833736677, "12": 9.224182408322294, "13": 9.935688311463792, "14": 9.335962674046101, "15": 11.443904102263637, "16": 9.766699412503813, "17": 10.84443775284416, "18": 12.109563710759712}}