{"mission_setup": {"len_simulation": 18000, "time_step_duration": 0.15, "seed": 12, "n_drones": 15, "env_width": 1500, "env_height": 1500, "drone_com_range": 200, "drone_sen_range": 0, "drone_speed": 8, "drone_max_buffer_size": 500000, "drone_max_energy": 100000, "drone_retransmission_delta": 10, "drone_communication_success": 0.9, "depot_com_range": 200, "depot_coordinates": [750, 0], "event_duration": 2000, "packets_max_ttl": 18000, "show_plot": false, "routing_algorithm": "RoutingAlgorithm.QL", "communication_error_type": "ChannelError.GAUSSIAN", "time_on_active_routing": "0"}, "mean_number_of_relays": 2.029367910964375, "packet_mean_delivery_time": 132.56625, "packet_delivery_ratio": 0.1444043321299639, "number_of_steps": 19, "qhc_steps": {"0": 11250, "1": 11162.16, "2": 11162.16, "3": 9879.650679047783, "4": 9022.08853440268, "5": 8692.547804258376, "6": 8090.556424405926, "7": 8163.747047387381, "8": 8194.797076693558, "9": 7799.818284645343, "10": 7755.327005571722, "11": 7322.966882219517, "12": 6956.464783065907, "13": 6799.148870649316, "14": 6847.467553635943, "15": 6811.997623809306, "16": 7036.948853861831, "17": 6126.847802079939, "18": 5567.150283693219}, "qspdt_steps": {"0": 0, "1": 0.228074358974359, "2": 0.228074358974359, "3": 8.739869775666975, "4": 16.62971982376023, "5": 21.917242164126044, "6": 33.540377433064755, "7": 37.73931762837801, "8": 45.13996191001383, "9": 56.359694590650165, "10": 63.512547062945124, "11": 68.78582100204844, "12": 77.01623962493606, "13": 90.1512207815154, "14": 96.68170689003459, "15": 99.15718177251212, "16": 106.86884448331067, "17": 111.19303091441145, "18": 120.80224629666591}}