{"mission_setup": {"len_simulation": 18000, "time_step_duration": 0.15, "seed": 15, "n_drones": 10, "env_width": 1500, "env_height": 1500, "drone_com_range": 200, "drone_sen_range": 0, "drone_speed": 8, "drone_max_buffer_size": 500000, "drone_max_energy": 100000, "drone_retransmission_delta": 10, "drone_communication_success": 0.9, "depot_com_range": 200, "depot_coordinates": [750, 0], "event_duration": 2000, "packets_max_ttl": 18000, "show_plot": false, "routing_algorithm": "RoutingAlgorithm.QL", "communication_error_type": "ChannelError.GAUSSIAN", "time_on_active_routing": "0"}, "mean_number_of_relays": 1.4887634427810925, "packet_mean_delivery_time": 105.91153846153846, "packet_delivery_ratio": 0.18772563176895307, "number_of_steps": 19, "qhc_steps": {"0": 5000, "1": 4919.136, "2": 4919.136, "3": 4124.322852863999, "4": 4278.175770549682, "5": 4069.300101466186, "6": 3932.582294789185, "7": 3553.6962821074167, "8": 3194.754356020281, "9": 3007.2075345534136, "10": 2791.224747285362, "11": 2738.8267660577253, "12": 2561.100587904582, "13": 2538.342101888582, "14": 2499.522474090462, "15": 2577.3516921498035, "16": 2508.0063190708174, "17": 2766.173214263741, "18": 2276.9484069128057}, "qspdt_steps": {"0": 0, "1": 0.07640259259259259, "2": 0.07640259259259259, "3": 8.50213139307447, "4": 11.76717398252664, "5": 15.134934705161498, "6": 22.579163685646925, "7": 23.801626406673705, "8": 31.042927967649373, "9": 35.4742952408471, "10": 37.12876481752735, "11": 37.02335708256337, "12": 39.895676922788205, "13": 39.87112993065609, "14": 43.68772881724529, "15": 46.147388921706806, "16": 54.455848765292494, "17": 58.293949661597104, "18": 61.960180526390054}}