{"mission_setup": {"len_simulation": 18000, "time_step_duration": 0.15, "seed": 7, "n_drones": 30, "env_width": 1500, "env_height": 1500, "drone_com_range": 200, "drone_sen_range": 0, "drone_speed": 8, "drone_max_buffer_size": 500000, "drone_max_energy": 100000, "drone_retransmission_delta": 10, "drone_communication_success": 0.9, "depot_com_range": 200, "depot_coordinates": [750, 0], "event_duration": 2000, "packets_max_ttl": 18000, "show_plot": false, "routing_algorithm": "RoutingAlgorithm.QL", "communication_error_type": "ChannelError.GAUSSIAN", "time_on_active_routing": "0"}, "mean_number_of_relays": 2.958020725185606, "packet_mean_delivery_time": 143.81, "packet_delivery_ratio": 0.3249097472924188, "number_of_steps": 18, "qhc_steps": {"0": 45000, "1": 44871.583999999995, "2": 44871.583999999995, "3": 42891.20673792001, "4": 41111.328065440975, "5": 40635.361375148816, "6": 39400.265561580236, "7": 38421.66417630164, "8": 36926.501424396076, "9": 37497.75474721991, "10": 37397.70619833312, "11": 36123.2307437185, "12": 35452.64450633855, "13": 34686.19872292655, "14": 34521.78154743478, "15": 34045.71473959244, "16": 33594.11693905609, "17": 32564.226778869328, "18": 32149.097985307424}, "qspdt_steps": {"0": 0, "1": 8.773899857142858, "2": 8.773899857142858, "3": 124.79732198294222, "4": 230.24411335315673, "5": 298.7886655024553, "6": 386.0518541299488, "7": 466.703698001685, "8": 555.3884898202526, "9": 582.2827345781632, "10": 583.2693947576112, "11": 668.4699479208035, "12": 719.1251372269521, "13": 769.8928699392396, "14": 812.6311686158263, "15": 882.7480456645486, "16": 935.5413253529637, "17": 1012.8066720213312, "18": 1041.344652643356}}