{"mission_setup": {"len_simulation": 18000, "time_step_duration": 0.15, "seed": 8, "n_drones": 15, "env_width": 1500, "env_height": 1500, "drone_com_range": 200, "drone_sen_range": 0, "drone_speed": 8, "drone_max_buffer_size": 500000, "drone_max_energy": 100000, "drone_retransmission_delta": 10, "drone_communication_success": 0.9, "depot_com_range": 200, "depot_coordinates": [750, 0], "event_duration": 2000, "packets_max_ttl": 18000, "show_plot": false, "routing_algorithm": "RoutingAlgorithm.QL", "communication_error_type": "ChannelError.GAUSSIAN", "time_on_active_routing": "0"}, "mean_number_of_relays": 1.9402648055013856, "packet_mean_delivery_time": 138.17291666666668, "packet_delivery_ratio": 0.259927797833935, "number_of_steps": 18, "qhc_steps": {"0": 11250, "1": 11250, "2": 11250, "3": 9975.71203182592, "4": 9435.307743787758, "5": 9417.522481187256, "6": 8319.708158920874, "7": 7628.078878760491, "8": 7705.1281308449725, "9": 7621.755626906766, "10": 7616.207993397607, "11": 7562.234064069221, "12": 7109.269462348292, "13": 6959.2694159104885, "14": 6618.494325993911, "15": 6950.040652367892, "16": 6712.442054541463, "17": 6991.988999235974, "18": 6943.519272995826}, "qspdt_steps": {"0": 0, "1": 0, "2": 0, "3": 52.91365316505675, "4": 73.32344405037895, "5": 80.85157385897732, "6": 91.81709716765712, "7": 95.03856288178717, "8": 102.81503685936782, "9": 113.96854493346392, "10": 114.42684416330731, "11": 115.81832211751471, "12": 123.04932194541138, "13": 126.6117625248054, "14": 137.35455288075661, "15": 137.23973078211768, "16": 139.42766325105265, "17": 139.5527499417063, "18": 149.53793391742326}}