{"mission_setup": {"len_simulation": 18000, "time_step_duration": 0.15, "seed": 28, "n_drones": 20, "env_width": 1500, "env_height": 1500, "drone_com_range": 200, "drone_sen_range": 0, "drone_speed": 8, "drone_max_buffer_size": 500000, "drone_max_energy": 100000, "drone_retransmission_delta": 10, "drone_communication_success": 0.9, "depot_com_range": 200, "depot_coordinates": [750, 0], "event_duration": 2000, "packets_max_ttl": 18000, "show_plot": false, "routing_algorithm": "RoutingAlgorithm.QL", "communication_error_type": "ChannelError.GAUSSIAN", "time_on_active_routing": "0"}, "mean_number_of_relays": 2.3123751349117048, "packet_mean_delivery_time": 164.54347826086956, "packet_delivery_ratio": 0.2490974729241877, "number_of_steps": 19, "qhc_steps": {"0": 20000, "1": 20000, "2": 20000, "3": 19388.423372521473, "4": 18710.650394373275, "5": 17388.072746015347, "6": 17180.208644866627, "7": 16602.449589498443, "8": 16074.493941749248, "9": 15808.848679719862, "10": 15480.93165972827, "11": 15398.444781100423, "12": 15337.886308465168, "13": 14450.00197472225, "14": 13977.272493837312, "15": 14128.808614425716, "16": 13810.320024632645, "17": 12918.679660398724, "18": 12268.797656415261}, "qspdt_steps": {"0": 0, "1": 0, "2": 0, "3": 11.449176608984247, "4": 12.924078776825136, "5": 19.34121569000903, "6": 29.605655831632713, "7": 36.338408911242965, "8": 42.16163967549882, "9": 43.41292733513911, "10": 52.69619465725655, "11": 59.26658902598838, "12": 64.18976711197527, "13": 68.2114013739784, "14": 73.26598418470736, "15": 81.77562890776974, "16": 84.64575318534348, "17": 88.19651631948405, "18": 93.00299872173694}}