{"mission_setup": {"len_simulation": 18000, "time_step_duration": 0.15, "seed": 28, "n_drones": 10, "env_width": 1500, "env_height": 1500, "drone_com_range": 200, "drone_sen_range": 0, "drone_speed": 8, "drone_max_buffer_size": 500000, "drone_max_energy": 100000, "drone_retransmission_delta": 10, "drone_communication_success": 0.9, "depot_com_range": 200, "depot_coordinates": [750, 0], "event_duration": 2000, "packets_max_ttl": 18000, "show_plot": false, "routing_algorithm": "RoutingAlgorithm.QL", "communication_error_type": "ChannelError.GAUSSIAN", "time_on_active_routing": "0"}, "mean_number_of_relays": 1.5194228634850167, "packet_mean_delivery_time": 162.63636363636363, "packet_delivery_ratio": 0.23826714801444043, "number_of_steps": 19, "qhc_steps": {"0": 5000, "1": 4818.9056, "2": 4818.9056, "3": 4062.4548864000008, "4": 4099.032368647016, "5": 4055.02623400047, "6": 3598.5841920601165, "7": 3390.9609490617017, "8": 3091.079141283131, "9": 3000.820763966794, "10": 3122.313190166427, "11": 3151.350443747384, "12": 2955.333700361221, "13": 2892.568083967542, "14": 2861.1604570151667, "15": 3004.9368424194163, "16": 2928.012240753373, "17": 2918.9527491021654, "18": 2490.0156278856625}, "qspdt_steps": {"0": 0, "1": 0.20911038173056778, "2": 0.20911038173056778, "3": 5.834351772021131, "4": 8.091629357827548, "5": 15.365338089482599, "6": 20.821475661879276, "7": 28.951864797710815, "8": 30.957902972424417, "9": 30.010555818022784, "10": 33.65914275839563, "11": 36.881582428992864, "12": 39.01056175185371, "13": 43.554424811123184, "14": 45.303065024419446, "15": 47.21767191128466, "16": 51.281938126224766, "17": 55.139258423155354, "18": 63.5895340401825}}