{"mission_setup": {"len_simulation": 18000, "time_step_duration": 0.15, "seed": 3, "n_drones": 25, "env_width": 1500, "env_height": 1500, "drone_com_range": 200, "drone_sen_range": 0, "drone_speed": 8, "drone_max_buffer_size": 500000, "drone_max_energy": 100000, "drone_retransmission_delta": 10, "drone_communication_success": 0.9, "depot_com_range": 200, "depot_coordinates": [750, 0], "event_duration": 2000, "packets_max_ttl": 18000, "show_plot": false, "routing_algorithm": "RoutingAlgorithm.QL", "communication_error_type": "ChannelError.GAUSSIAN", "time_on_active_routing": "0"}, "mean_number_of_relays": 2.7449426359103257, "packet_mean_delivery_time": 151.78806818181818, "packet_delivery_ratio": 0.3176895306859206, "number_of_steps": 18, "qhc_steps": {"0": 31250, "1": 31250, "2": 31250, "3": 28597.31259903999, "4": 27908.133299696878, "5": 26857.91553424191, "6": 26018.02557400773, "7": 25626.902280385977, "8": 24187.581438455454, "9": 23410.894116474967, "10": 23194.985306093964, "11": 22558.044232652508, "12": 22617.335911714825, "13": 22457.93629875922, "14": 23119.164901631928, "15": 21833.393391764996, "16": 20262.277534190238, "17": 19888.254873824186, "18": 20109.076568427172}, "qspdt_steps": {"0": 0, "1": 0, "2": 0, "3": 110.3914948086218, "4": 163.91551229608262, "5": 229.47666939807598, "6": 278.46576600380615, "7": 312.4757517055721, "8": 379.07798512290935, "9": 426.92840288670646, "10": 474.5918225643948, "11": 542.7238252185457, "12": 556.9531345697704, "13": 615.9488852579193, "14": 619.3078027599564, "15": 659.1173919365841, "16": 708.4688767185154, "17": 742.7428533888112, "18": 746.2576492719189}}