{"mission_setup": {"len_simulation": 18000, "time_step_duration": 0.15, "seed": 26, "n_drones": 20, "env_width": 1500, "env_height": 1500, "drone_com_range": 200, "drone_sen_range": 0, "drone_speed": 8, "drone_max_buffer_size": 500000, "drone_max_energy": 100000, "drone_retransmission_delta": 10, "drone_communication_success": 0.9, "depot_com_range": 200, "depot_coordinates": [750, 0], "event_duration": 2000, "packets_max_ttl": 18000, "show_plot": false, "routing_algorithm": "RoutingAlgorithm.QL", "communication_error_type": "ChannelError.GAUSSIAN", "time_on_active_routing": "0"}, "mean_number_of_relays": 2.251000420065884, "packet_mean_delivery_time": 154.55961538461537, "packet_delivery_ratio": 0.2815884476534296, "number_of_steps": 19, "qhc_steps": {"0": 20000, "1": 20000, "2": 20000, "3": 18779.633589452795, "4": 18440.50084600678, "5": 17650.216024671387, "6": 17109.269967069256, "7": 16798.632442027163, "8": 16050.011447630633, "9": 16085.6478018435, "10": 15448.767188417052, "11": 14882.44631098657, "12": 14542.124556993635, "13": 13868.74903473219, "14": 13339.891616756824, "15": 13147.266661581365, "16": 12787.026629535298, "17": 12939.890359453475, "18": 12764.01856508643}, "qspdt_steps": {"0": 0, "1": 0, "2": 0, "3": 13.61223801335058, "4": 21.418050018404376, "5": 28.065784241018818, "6": 31.452749335778144, "7": 37.31893431157197, "8": 43.78077986357923, "9": 51.45451270710849, "10": 53.62518648820424, "11": 57.17555927035034, "12": 58.58815848209302, "13": 63.00523821477131, "14": 65.76700598162282, "15": 67.51710700449689, "16": 71.53876193993304, "17": 75.19161914758135, "18": 80.98995405873839}}