{"mission_setup": {"len_simulation": 18000, "time_step_duration": 0.15, "seed": 23, "n_drones": 20, "env_width": 1500, "env_height": 1500, "drone_com_range": 200, "drone_sen_range": 0, "drone_speed": 8, "drone_max_buffer_size": 500000, "drone_max_energy": 100000, "drone_retransmission_delta": 10, "drone_communication_success": 0.9, "depot_com_range": 200, "depot_coordinates": [750, 0], "event_duration": 2000, "packets_max_ttl": 18000, "show_plot": false, "routing_algorithm": "RoutingAlgorithm.QL", "communication_error_type": "ChannelError.GAUSSIAN", "time_on_active_routing": "0"}, "mean_number_of_relays": 2.366517210779506, "packet_mean_delivery_time": 128.79999999999998, "packet_delivery_ratio": 0.18411552346570398, "number_of_steps": 19, "qhc_steps": {"0": 20000, "1": 20000, "2": 19306.998374399995, "3": 18319.1033344, "4": 17627.281906155513, "5": 16324.107692788559, "6": 16535.5616353716, "7": 15866.582988119177, "8": 15882.089379343759, "9": 15202.093910180689, "10": 14141.409339181897, "11": 13594.074928336515, "12": 13327.965427527712, "13": 13293.216089995334, "14": 12882.906502817617, "15": 13132.940304066531, "16": 12604.599920477525, "17": 12930.624400355846, "18": 12277.516175035824}, "qspdt_steps": {"0": 0, "1": 0, "2": 1.432883103508895, "3": 7.376073410966158, "4": 16.188930121095886, "5": 24.64343168583278, "6": 27.073777595804163, "7": 30.60868938794424, "8": 35.35799186216519, "9": 45.435121851941055, "10": 54.411153140308464, "11": 58.76916258430895, "12": 61.48937924636961, "13": 67.32443678175257, "14": 69.78121449484256, "15": 77.12147797642761, "16": 93.95394926970891, "17": 101.66877102165934, "18": 104.36710301253135}}