{"mission_setup": {"len_simulation": 18000, "time_step_duration": 0.15, "seed": 2, "n_drones": 30, "env_width": 1500, "env_height": 1500, "drone_com_range": 200, "drone_sen_range": 0, "drone_speed": 8, "drone_max_buffer_size": 500000, "drone_max_energy": 100000, "drone_retransmission_delta": 10, "drone_communication_success": 0.9, "depot_com_range": 200, "depot_coordinates": [750, 0], "event_duration": 2000, "packets_max_ttl": 18000, "show_plot": false, "routing_algorithm": "RoutingAlgorithm.QL", "communication_error_type": "ChannelError.GAUSSIAN", "time_on_active_routing": "0"}, "mean_number_of_relays": 2.991343335727179, "packet_mean_delivery_time": 138.3236842105263, "packet_delivery_ratio": 0.20577617328519857, "number_of_steps": 18, "qhc_steps": {"0": 45000, "1": 45000, "2": 44844.48, "3": 42750.9644848005, "4": 41836.110696916585, "5": 40860.973030129266, "6": 38618.061059582134, "7": 38090.688687105976, "8": 37248.9256372692, "9": 36839.541618803254, "10": 34474.43167172565, "11": 33226.241526988684, "12": 32682.411270619537, "13": 33362.69441345767, "14": 32532.262542107543, "15": 31125.72204792002, "16": 31331.772229909813, "17": 31129.976158551908, "18": 29939.929264376082}, "qspdt_steps": {"0": 0, "1": 0, "2": 4.46241774484824, "3": 136.93193350934138, "4": 200.66536969294745, "5": 273.9351619476715, "6": 368.4177000060107, "7": 423.08346991017675, "8": 448.002531782079, "9": 486.49733954589163, "10": 542.1541003629519, "11": 634.6228346147014, "12": 690.8813066751027, "13": 728.2474991892229, "14": 817.5928247251328, "15": 947.1506237125656, "16": 983.1381916685391, "17": 1046.5433138690985, "18": 1086.3513303386549}}