{"mission_setup": {"len_simulation": 18000, "time_step_duration": 0.15, "seed": 12, "n_drones": 25, "env_width": 1500, "env_height": 1500, "drone_com_range": 200, "drone_sen_range": 0, "drone_speed": 8, "drone_max_buffer_size": 500000, "drone_max_energy": 100000, "drone_retransmission_delta": 10, "drone_communication_success": 0.9, "depot_com_range": 200, "depot_coordinates": [750, 0], "event_duration": 2000, "packets_max_ttl": 18000, "show_plot": false, "routing_algorithm": "RoutingAlgorithm.QL", "communication_error_type": "ChannelError.GAUSSIAN", "time_on_active_routing": "0"}, "mean_number_of_relays": 2.7907586970336813, "packet_mean_delivery_time": 96.49285714285715, "packet_delivery_ratio": 0.07581227436823104, "number_of_steps": 19, "qhc_steps": {"0": 31250, "1": 31034.399872, "2": 30767.097216000002, "3": 29751.700700160007, "4": 28631.056924679146, "5": 27396.740173591286, "6": 27422.130969270424, "7": 27007.444981794604, "8": 26589.68796669506, "9": 25973.013082559322, "10": 25706.12807843743, "11": 24989.121778673503, "12": 24012.970634187557, "13": 22939.311371958032, "14": 22575.010353157537, "15": 22143.125600102572, "16": 21520.961408886367, "17": 21204.845149972938, "18": 21574.82917947276}, "qspdt_steps": {"0": 0, "1": 0.8003797526358494, "2": 1.4315278874866209, "3": 9.653708833323218, "4": 16.21848611081523, "5": 29.37906569341463, "6": 35.398272238521955, "7": 48.459177457959676, "8": 60.06569865329696, "9": 68.37340301124243, "10": 75.51592636192254, "11": 82.46728440614041, "12": 91.52972057615099, "13": 101.96430037285722, "14": 108.51184853202568, "15": 117.37399149541598, "16": 126.38508401989067, "17": 130.2768690163027, "18": 142.58795053686254}}