{"mission_setup": {"len_simulation": 18000, "time_step_duration": 0.15, "seed": 4, "n_drones": 30, "env_width": 1500, "env_height": 1500, "drone_com_range": 200, "drone_sen_range": 0, "drone_speed": 8, "drone_max_buffer_size": 500000, "drone_max_energy": 100000, "drone_retransmission_delta": 10, "drone_communication_success": 0.9, "depot_com_range": 200, "depot_coordinates": [750, 0], "event_duration": 2000, "packets_max_ttl": 18000, "show_plot": false, "routing_algorithm": "RoutingAlgorithm.QL", "communication_error_type": "ChannelError.GAUSSIAN", "time_on_active_routing": "0"}, "mean_number_of_relays": 3.1709426170860846, "packet_mean_delivery_time": 165.31836734693877, "packet_delivery_ratio": 0.35379061371841153, "number_of_steps": 19, "qhc_steps": {"0": 45000, "1": 45000, "2": 44922.4, "3": 42962.49060352002, "4": 42208.168707719175, "5": 40537.417960220264, "6": 39030.86898205572, "7": 37953.398205974954, "8": 37389.04486664564, "9": 37066.25504928013, "10": 36525.617872793235, "11": 36003.653495387385, "12": 35638.98118955538, "13": 34113.42521444985, "14": 33333.01767218872, "15": 32675.616610625264, "16": 32594.923319468788, "17": 32493.94170837264, "18": 32366.267819918256}, "qspdt_steps": {"0": 0, "1": 0, "2": 0.016, "3": 9.88181141419021, "4": 16.849158616041176, "5": 20.700940626611462, "6": 24.789011907646902, "7": 30.224962610397405, "8": 39.430885513359314, "9": 48.01267631543408, "10": 53.03881056729238, "11": 54.036628000878125, "12": 59.15154793374399, "13": 64.68865848927982, "14": 72.91658380072322, "15": 71.82106562272287, "16": 77.25200699067065, "17": 82.87636362829315, "18": 89.5379920896231}}