{"mission_setup": {"len_simulation": 18000, "time_step_duration": 0.15, "seed": 9, "n_drones": 25, "env_width": 1500, "env_height": 1500, "drone_com_range": 200, "drone_sen_range": 0, "drone_speed": 8, "drone_max_buffer_size": 500000, "drone_max_energy": 100000, "drone_retransmission_delta": 10, "drone_communication_success": 0.9, "depot_com_range": 200, "depot_coordinates": [750, 0], "event_duration": 2000, "packets_max_ttl": 18000, "show_plot": false, "routing_algorithm": "RoutingAlgorithm.QL", "communication_error_type": "ChannelError.GAUSSIAN", "time_on_active_routing": "0"}, "mean_number_of_relays": 2.7144629173919133, "packet_mean_delivery_time": 136.92631578947368, "packet_delivery_ratio": 0.1371841155234657, "number_of_steps": 19, "qhc_steps": {"0": 31250, "1": 31250, "2": 31250, "3": 29892.079840747523, "4": 28662.354493523842, "5": 27296.364980804712, "6": 26460.04982062907, "7": 26196.14610217217, "8": 24931.806884423335, "9": 23712.05323049212, "10": 23608.26311136507, "11": 22967.73926811177, "12": 22521.52279823685, "13": 22104.673845112284, "14": 21799.12023539485, "15": 22209.730636219905, "16": 21589.582700329684, "17": 21455.101557411712, "18": 20870.91078976924}, "qspdt_steps": {"0": 0, "1": 0, "2": 0, "3": 9.702755370986809, "4": 13.823962252319786, "5": 18.320282498487824, "6": 26.52579269961326, "7": 34.03092347948006, "8": 46.53737717518019, "9": 58.52830452713858, "10": 59.664356782347845, "11": 72.61880193042062, "12": 79.51967243953617, "13": 90.64601821848134, "14": 95.71498641622684, "15": 105.58320180233565, "16": 116.49330616721716, "17": 122.80192478304116, "18": 131.011785467247}}