{"mission_setup": {"len_simulation": 18000, "time_step_duration": 0.15, "seed": 23, "n_drones": 30, "env_width": 1500, "env_height": 1500, "drone_com_range": 200, "drone_sen_range": 0, "drone_speed": 8, "drone_max_buffer_size": 500000, "drone_max_energy": 100000, "drone_retransmission_delta": 10, "drone_communication_success": 0.9, "depot_com_range": 200, "depot_coordinates": [750, 0], "event_duration": 2000, "packets_max_ttl": 18000, "show_plot": false, "routing_algorithm": "RoutingAlgorithm.QL", "communication_error_type": "ChannelError.GAUSSIAN", "time_on_active_routing": "0"}, "mean_number_of_relays": 3.1717395492198035, "packet_mean_delivery_time": 162.15714285714284, "packet_delivery_ratio": 0.22743682310469315, "number_of_steps": 19, "qhc_steps": {"0": 45000, "1": 45000, "2": 44726.24, "3": 42288.09497600001, "4": 40906.76314585498, "5": 39710.94802279771, "6": 39041.33330070647, "7": 38111.03135041554, "8": 37633.08567860446, "9": 36328.440244546786, "10": 35960.190998884485, "11": 36378.77278612794, "12": 35728.192521182245, "13": 34834.66688835057, "14": 34918.50581777398, "15": 34245.78454903547, "16": 33180.66590577013, "17": 32666.97658709815, "18": 31650.378325456644}, "qspdt_steps": {"0": 0, "1": 0, "2": 0.5666038166624014, "3": 9.14297042783487, "4": 19.795462489826793, "5": 35.563001355803564, "6": 43.071372392697846, "7": 51.690468070305705, "8": 53.93353115915657, "9": 65.1044252584104, "10": 76.80194267678284, "11": 84.29230975452373, "12": 93.71563222916771, "13": 104.09890504104604, "14": 110.22683741822142, "15": 115.6694208223248, "16": 120.03951181271941, "17": 126.7849743480328, "18": 134.54385269196118}}