{"mission_setup": {"len_simulation": 18000, "time_step_duration": 0.15, "seed": 14, "n_drones": 25, "env_width": 1500, "env_height": 1500, "drone_com_range": 200, "drone_sen_range": 0, "drone_speed": 8, "drone_max_buffer_size": 500000, "drone_max_energy": 100000, "drone_retransmission_delta": 10, "drone_communication_success": 0.9, "depot_com_range": 200, "depot_coordinates": [750, 0], "event_duration": 2000, "packets_max_ttl": 18000, "show_plot": false, "routing_algorithm": "RoutingAlgorithm.QL", "communication_error_type": "ChannelError.GAUSSIAN", "time_on_active_routing": "0"}, "mean_number_of_relays": 2.778996658459374, "packet_mean_delivery_time": 126.33658536585365, "packet_delivery_ratio": 0.296028880866426, "number_of_steps": 19, "qhc_steps": {"0": 31250, "1": 31170.64, "2": 31101.168, "3": 29750.456528691204, "4": 28147.773036316266, "5": 27214.94221949893, "6": 26142.508194950806, "7": 25582.697802411098, "8": 25270.36405189534, "9": 23881.187834898537, "10": 23028.2271918756, "11": 21211.647892121022, "12": 21363.929918544927, "13": 20218.38396070643, "14": 20492.903554244593, "15": 19578.930805631342, "16": 19824.900457420143, "17": 19715.441134768604, "18": 19135.942652462618}, "qspdt_steps": {"0": 0, "1": 0.2682, "2": 0.3243866666666667, "3": 8.76924338977734, "4": 10.476905191902112, "5": 16.254513404384838, "6": 26.162409243907625, "7": 34.02506188623497, "8": 41.24350784071395, "9": 46.632389611344, "10": 52.4142640922216, "11": 61.46737436776464, "12": 64.93475209306737, "13": 70.08214084389792, "14": 77.27364771310387, "15": 82.58658114095802, "16": 87.50021185751086, "17": 98.39165124340109, "18": 103.3248988874906}}