{"mission_setup": {"len_simulation": 18000, "time_step_duration": 0.15, "seed": 0, "n_drones": 15, "env_width": 1500, "env_height": 1500, "drone_com_range": 200, "drone_sen_range": 0, "drone_speed": 8, "drone_max_buffer_size": 500000, "drone_max_energy": 100000, "drone_retransmission_delta": 10, "drone_communication_success": 0.9, "depot_com_range": 200, "depot_coordinates": [750, 0], "event_duration": 2000, "packets_max_ttl": 18000, "show_plot": false, "routing_algorithm": "RoutingAlgorithm.QL", "communication_error_type": "ChannelError.GAUSSIAN", "time_on_active_routing": "0"}, "mean_number_of_relays": 1.9379418500448073, "packet_mean_delivery_time": 121.98666666666665, "packet_delivery_ratio": 0.1624548736462094, "number_of_steps": 19, "qhc_steps": {"0": 11250, "1": 11250, "2": 11169.199999999999, "3": 10119.956802559998, "4": 9799.827542106113, "5": 8804.826815519698, "6": 8374.506959674321, "7": 8077.024611942245, "8": 7576.4893656969525, "9": 7533.233872432718, "10": 7332.116749411566, "11": 6703.384314222039, "12": 6615.739178660073, "13": 6612.469178828181, "14": 6625.587576237526, "15": 6530.041747690315, "16": 6220.1315671892, "17": 6076.692825180596, "18": 6172.266638553044}, "qspdt_steps": {"0": 0, "1": 0, "2": 0.08808, "3": 27.538295897727338, "4": 46.88837807530551, "5": 71.48705422491858, "6": 84.58886183125357, "7": 100.60179020250006, "8": 101.54791643162106, "9": 108.66849744892899, "10": 124.50435211366548, "11": 136.44101165328988, "12": 151.71553741836104, "13": 181.02008319225328, "14": 180.89932460294733, "15": 190.22805114802, "16": 196.13231326160312, "17": 201.72964608848145, "18": 213.31025605217664}}