{"mission_setup": {"len_simulation": 18000, "time_step_duration": 0.15, "seed": 21, "n_drones": 10, "env_width": 1500, "env_height": 1500, "drone_com_range": 200, "drone_sen_range": 0, "drone_speed": 8, "drone_max_buffer_size": 500000, "drone_max_energy": 100000, "drone_retransmission_delta": 10, "drone_communication_success": 0.9, "depot_com_range": 200, "depot_coordinates": [750, 0], "event_duration": 2000, "packets_max_ttl": 18000, "show_plot": false, "routing_algorithm": "RoutingAlgorithm.QL", "communication_error_type": "ChannelError.GAUSSIAN", "time_on_active_routing": "0"}, "mean_number_of_relays": 1.5485459506222135, "packet_mean_delivery_time": 96.82741935483871, "packet_delivery_ratio": 0.11191335740072202, "number_of_steps": 19, "qhc_steps": {"0": 5000, "1": 4840.8, "2": 4657.011200000001, "3": 4132.745572352, "4": 3880.0649197649923, "5": 3044.605129998337, "6": 2932.256199975484, "7": 2900.7090186970127, "8": 2926.6824593722513, "9": 2690.6183693689954, "10": 2905.3071551626376, "11": 2676.2598670297684, "12": 2817.8586038608537, "13": 2311.846945507093, "14": 2655.949168409364, "15": 2144.110356989588, "16": 2017.0449168351365, "17": 2501.078600383015, "18": 2588.3989971083915}, "qspdt_steps": {"0": 0, "1": 0.1913588188494492, "2": 0.7045565194267442, "3": 5.9606128545408215, "4": 13.416901981954117, "5": 22.66205434290629, "6": 27.70683399100428, "7": 31.40084247077893, "8": 33.954432199244465, "9": 34.12124431753602, "10": 35.10222793253454, "11": 36.77700711346454, "12": 44.24146843924215, "13": 49.703028808334714, "14": 51.94198995927734, "15": 52.25968950203844, "16": 61.94346702315738, "17": 65.73066143568941, "18": 69.42652761438569}}