{"mission_setup": {"len_simulation": 18000, "time_step_duration": 0.15, "seed": 0, "n_drones": 5, "env_width": 1500, "env_height": 1500, "drone_com_range": 200, "drone_sen_range": 0, "drone_speed": 8, "drone_max_buffer_size": 500000, "drone_max_energy": 100000, "drone_retransmission_delta": 10, "drone_communication_success": 0.9, "depot_com_range": 200, "depot_coordinates": [750, 0], "event_duration": 2000, "packets_max_ttl": 18000, "show_plot": false, "routing_algorithm": "RoutingAlgorithm.QL", "communication_error_type": "ChannelError.GAUSSIAN", "time_on_active_routing": "0"}, "mean_number_of_relays": 1.2114641913408768, "packet_mean_delivery_time": 138.27972972972972, "packet_delivery_ratio": 0.13357400722021662, "number_of_steps": 19, "qhc_steps": {"0": 1250, "1": 1250, "2": 1250, "3": 940.6647580672, "4": 1037.9738880249402, "5": 902.6969217323881, "6": 599.0294399257525, "7": 713.4460661266486, "8": 595.1146153789823, "9": 571.3041519036694, "10": 536.9792006426053, "11": 510.38751139267396, "12": 518.7892366822273, "13": 473.504313032407, "14": 425.46329655784376, "15": 488.6005642877956, "16": 434.2855882831653, "17": 394.21682003421665, "18": 465.72737707939126}, "qspdt_steps": {"0": 0, "1": 0, "2": 0, "3": 3.091524762694166, "4": 3.6537370174700152, "5": 4.290675883715068, "6": 5.754170736832179, "7": 7.609087014151024, "8": 5.195534041870522, "9": 5.273358066138403, "10": 5.5137827198294405, "11": 4.832308331079652, "12": 4.552329161004406, "13": 5.031804093798461, "14": 5.77419230113373, "15": 6.70547492939286, "16": 7.919301605106263, "17": 8.378630233172972, "18": 11.060715053345616}}