{"mission_setup": {"len_simulation": 18000, "time_step_duration": 0.15, "seed": 14, "n_drones": 10, "env_width": 1500, "env_height": 1500, "drone_com_range": 200, "drone_sen_range": 0, "drone_speed": 8, "drone_max_buffer_size": 500000, "drone_max_energy": 100000, "drone_retransmission_delta": 10, "drone_communication_success": 0.9, "depot_com_range": 200, "depot_coordinates": [750, 0], "event_duration": 2000, "packets_max_ttl": 18000, "show_plot": false, "routing_algorithm": "RoutingAlgorithm.QL", "communication_error_type": "ChannelError.GAUSSIAN", "time_on_active_routing": "0"}, "mean_number_of_relays": 1.4942354031510658, "packet_mean_delivery_time": 150.11111111111111, "packet_delivery_ratio": 0.19494584837545126, "number_of_steps": 19, "qhc_steps": {"0": 5000, "1": 5000, "2": 5000, "3": 4086.4102399999997, "4": 3867.909777876582, "5": 3277.2890471527517, "6": 3049.6472367861375, "7": 2906.619349785865, "8": 2977.7973868341564, "9": 3059.7028294822753, "10": 2803.6262108761816, "11": 2433.4530374654355, "12": 2335.374034221307, "13": 2242.1309398277995, "14": 2220.962061795452, "15": 2106.6515444266547, "16": 2131.5932545473856, "17": 2268.966948705874, "18": 2404.391303030382}, "qspdt_steps": {"0": 0, "1": 0, "2": 0, "3": 7.391740047139196, "4": 10.298349274261104, "5": 13.300883042616244, "6": 18.64230621302256, "7": 19.664440691618132, "8": 30.05585080228214, "9": 37.80811460545896, "10": 41.27961092030361, "11": 43.78254551380521, "12": 44.660472230409376, "13": 47.483709707359864, "14": 49.81264522722989, "15": 51.885036945702794, "16": 53.5576587395419, "17": 55.21431716594307, "18": 57.469589834349414}}