{"mission_setup": {"len_simulation": 18000, "time_step_duration": 0.15, "seed": 16, "n_drones": 10, "env_width": 1500, "env_height": 1500, "drone_com_range": 200, "drone_sen_range": 0, "drone_speed": 8, "drone_max_buffer_size": 500000, "drone_max_energy": 100000, "drone_retransmission_delta": 10, "drone_communication_success": 0.9, "depot_com_range": 200, "depot_coordinates": [750, 0], "event_duration": 2000, "packets_max_ttl": 18000, "show_plot": false, "routing_algorithm": "RoutingAlgorithm.QL", "communication_error_type": "ChannelError.GAUSSIAN", "time_on_active_routing": "0"}, "mean_number_of_relays": 1.584322095210534, "packet_mean_delivery_time": 129.4701923076923, "packet_delivery_ratio": 0.18772563176895307, "number_of_steps": 19, "qhc_steps": {"0": 5000, "1": 5000, "2": 5000, "3": 3886.7938353152, "4": 3593.6438917922824, "5": 3481.317022999554, "6": 3288.469214096014, "7": 3036.4583920367186, "8": 2841.229031938771, "9": 2207.4442682043127, "10": 2481.4921295113545, "11": 2442.9388467412646, "12": 2114.563049036436, "13": 2215.4380880705685, "14": 2112.603865890416, "15": 1680.6668795746782, "16": 1725.3430214252605, "17": 1702.825665271042, "18": 1572.0233825286834}, "qspdt_steps": {"0": 0, "1": 0, "2": 0, "3": 6.625317405512229, "4": 15.96966079709153, "5": 21.250881756082062, "6": 25.211242541071986, "7": 29.827114759058286, "8": 39.803172486103755, "9": 48.042152921179124, "10": 50.897279535006525, "11": 52.8205398152573, "12": 60.08123076222644, "13": 64.63559119712372, "14": 64.78741475768798, "15": 72.38026544372275, "16": 74.08965751711845, "17": 75.5202048239271, "18": 77.40430752056434}}