{"mission_setup": {"len_simulation": 18000, "time_step_duration": 0.15, "seed": 27, "n_drones": 5, "env_width": 1500, "env_height": 1500, "drone_com_range": 200, "drone_sen_range": 0, "drone_speed": 8, "drone_max_buffer_size": 500000, "drone_max_energy": 100000, "drone_retransmission_delta": 10, "drone_communication_success": 0.9, "depot_com_range": 200, "depot_coordinates": [750, 0], "event_duration": 2000, "packets_max_ttl": 18000, "show_plot": false, "routing_algorithm": "RoutingAlgorithm.QL", "communication_error_type": "ChannelError.GAUSSIAN", "time_on_active_routing": "0"}, "mean_number_of_relays": 1.1595080763582966, "packet_mean_delivery_time": 127.14444444444445, "packet_delivery_ratio": 0.19494584837545126, "number_of_steps": 19, "qhc_steps": {"0": 1250, "1": 1181.2, "2": 1181.2, "3": 747.1164672, "4": 805.6501643231231, "5": 710.5259062164304, "6": 689.5548011400319, "7": 591.2746321165416, "8": 529.3497090743001, "9": 365.51355087519573, "10": 367.1007440281275, "11": 540.6784823916564, "12": 526.7297024590639, "13": 501.7646411793533, "14": 809.8968178505205, "15": 824.3211260390897, "16": 558.234083910773, "17": 575.1677377208733, "18": 523.4039858265637}, "qspdt_steps": {"0": 0, "1": 0.16711111111111113, "2": 0.16711111111111113, "3": 4.465787906017966, "4": 7.810304726853563, "5": 8.479218790018342, "6": 8.904202532778157, "7": 11.529381692841442, "8": 11.066075979510174, "9": 9.023040243480764, "10": 10.421752739913908, "11": 10.618399358001867, "12": 10.927931675203729, "13": 11.192971724808135, "14": 12.04476092985797, "15": 11.516327449233208, "16": 12.470501830164649, "17": 12.456021757828658, "18": 13.126708848569798}}