{"mission_setup": {"len_simulation": 18000, "time_step_duration": 0.15, "seed": 9, "n_drones": 10, "env_width": 1500, "env_height": 1500, "drone_com_range": 200, "drone_sen_range": 0, "drone_speed": 8, "drone_max_buffer_size": 500000, "drone_max_energy": 100000, "drone_retransmission_delta": 10, "drone_communication_success": 0.9, "depot_com_range": 200, "depot_coordinates": [750, 0], "event_duration": 2000, "packets_max_ttl": 18000, "show_plot": false, "routing_algorithm": "RoutingAlgorithm.QL", "communication_error_type": "ChannelError.GAUSSIAN", "time_on_active_routing": "0"}, "mean_number_of_relays": 1.4843292162753607, "packet_mean_delivery_time": 126.45882352941175, "packet_delivery_ratio": 0.12274368231046931, "number_of_steps": 18, "qhc_steps": {"0": 5000, "1": 5000, "2": 5000, "3": 4531.7746176, "4": 4234.615536470512, "5": 3933.211309668309, "6": 3357.2990786455402, "7": 3128.120029143598, "8": 2776.3876316130127, "9": 2627.5377107385284, "10": 2753.1067115175765, "11": 2292.8552393906343, "12": 2402.6213681325344, "13": 2353.925652888024, "14": 2411.4652974922396, "15": 2172.7108759034963, "16": 2025.7120021304418, "17": 1875.1480701104117, "18": 1932.9326739411492}, "qspdt_steps": {"0": 0, "1": 0, "2": 0, "3": 11.820026652575637, "4": 15.75459932150524, "5": 16.407793189055127, "6": 22.303487790412017, "7": 25.659206010511742, "8": 30.7058855048036, "9": 37.57315274510241, "10": 45.37728234239285, "11": 51.660385084963494, "12": 54.85087162894967, "13": 61.49570635541103, "14": 61.32278906849822, "15": 60.49023835231391, "16": 58.60396876601394, "17": 58.01365137256167, "18": 53.46940711235699}}