{"mission_setup": {"len_simulation": 18000, "time_step_duration": 0.15, "seed": 19, "n_drones": 15, "env_width": 1500, "env_height": 1500, "drone_com_range": 200, "drone_sen_range": 0, "drone_speed": 8, "drone_max_buffer_size": 500000, "drone_max_energy": 100000, "drone_retransmission_delta": 10, "drone_communication_success": 0.9, "depot_com_range": 200, "depot_coordinates": [750, 0], "event_duration": 2000, "packets_max_ttl": 18000, "show_plot": false, "routing_algorithm": "RoutingAlgorithm.QL", "communication_error_type": "ChannelError.GAUSSIAN", "time_on_active_routing": "0"}, "mean_number_of_relays": 2.030532154256711, "packet_mean_delivery_time": 144.09166666666667, "packet_delivery_ratio": 0.19494584837545126, "number_of_steps": 19, "qhc_steps": {"0": 11250, "1": 11250, "2": 11250, "3": 10397.184012256872, "4": 9731.209451831319, "5": 9480.723973822702, "6": 9231.454246086243, "7": 8640.283486774488, "8": 8553.628075380264, "9": 8174.8995178302075, "10": 7951.062781105641, "11": 7624.310305730469, "12": 7097.90621034453, "13": 7166.035495123376, "14": 6938.907979598605, "15": 6774.660864359601, "16": 6543.090977469717, "17": 6209.344820921239, "18": 5826.708358554553}, "qspdt_steps": {"0": 0, "1": 0, "2": 0, "3": 5.3089947148572145, "4": 11.061830969044111, "5": 17.01152711590599, "6": 24.45931813071585, "7": 25.490314921595772, "8": 29.70651199434175, "9": 34.90070645467995, "10": 42.01402794497356, "11": 45.18573967570323, "12": 52.16337846285042, "13": 59.56121390102675, "14": 60.146099154007985, "15": 63.4619188547695, "16": 71.23857884950785, "17": 77.93813923284775, "18": 78.88109318819235}}