{"mission_setup": {"len_simulation": 18000, "time_step_duration": 0.15, "seed": 7, "n_drones": 10, "env_width": 1500, "env_height": 1500, "drone_com_range": 200, "drone_sen_range": 0, "drone_speed": 8, "drone_max_buffer_size": 500000, "drone_max_energy": 100000, "drone_retransmission_delta": 10, "drone_communication_success": 0.9, "depot_com_range": 200, "depot_coordinates": [750, 0], "event_duration": 2000, "packets_max_ttl": 18000, "show_plot": false, "routing_algorithm": "RoutingAlgorithm.QL", "communication_error_type": "ChannelError.GAUSSIAN", "time_on_active_routing": "0"}, "mean_number_of_relays": 1.4061186022908512, "packet_mean_delivery_time": 129.99590163934425, "packet_delivery_ratio": 0.22021660649819494, "number_of_steps": 18, "qhc_steps": {"0": 5000, "1": 4936.639999999999, "2": 4697.97332992, "3": 4133.813914814382, "4": 4091.947665598317, "5": 3906.40320956453, "6": 3689.679165794848, "7": 3641.9081455375976, "8": 3408.144586291252, "9": 3129.0093620710127, "10": 2640.5395062851053, "11": 2738.338739718647, "12": 2722.1744039763744, "13": 2723.116517871146, "14": 2720.3193293307095, "15": 2335.9083462856224, "16": 2545.206673100582, "17": 2237.3779339889606, "18": 2049.1314012636235}, "qspdt_steps": {"0": 0, "1": 0.26170666666666664, "2": 3.3750885145778904, "3": 8.812839121797332, "4": 12.90392152479316, "5": 17.935465084447593, "6": 23.231971078193503, "7": 26.968595370349526, "8": 29.37352592507981, "9": 27.674929954878483, "10": 26.090252320201838, "11": 26.15364473347461, "12": 26.582326856466842, "13": 27.699759200531485, "14": 35.0010454660058, "15": 42.40645177396212, "16": 49.265325498406725, "17": 56.65631051151498, "18": 56.08123326183899}}