{"mission_setup": {"len_simulation": 18000, "time_step_duration": 0.15, "seed": 4, "n_drones": 20, "env_width": 1500, "env_height": 1500, "drone_com_range": 200, "drone_sen_range": 0, "drone_speed": 8, "drone_max_buffer_size": 500000, "drone_max_energy": 100000, "drone_retransmission_delta": 10, "drone_communication_success": 0.9, "depot_com_range": 200, "depot_coordinates": [750, 0], "event_duration": 2000, "packets_max_ttl": 18000, "show_plot": false, "routing_algorithm": "RoutingAlgorithm.QL", "communication_error_type": "ChannelError.GAUSSIAN", "time_on_active_routing": "0"}, "mean_number_of_relays": 2.0353190375324273, "packet_mean_delivery_time": 122.6158536585366, "packet_delivery_ratio": 0.148014440433213, "number_of_steps": 18, "qhc_steps": {"0": 20000, "1": 20000, "2": 19610.304, "3": 18426.650703871994, "4": 17334.897958699235, "5": 16902.552039948245, "6": 16006.501719454478, "7": 14993.20704134148, "8": 14710.501969949904, "9": 14658.432481699518, "10": 14689.456732311863, "11": 14372.269811100223, "12": 14119.229322059726, "13": 13918.444530620713, "14": 13076.30380478684, "15": 12744.819114832071, "16": 12155.35919395951, "17": 12036.013756520866, "18": 11617.180830562038}, "qspdt_steps": {"0": 0, "1": 0, "2": 5.87500121936276, "3": 64.19732412337447, "4": 112.32124683290589, "5": 122.8321955227134, "6": 145.53164453837513, "7": 175.48974725667017, "8": 186.59507364651202, "9": 193.01687859287776, "10": 204.92976987934622, "11": 224.34794152914674, "12": 235.01933190252382, "13": 250.18948332323137, "14": 257.43421638206297, "15": 269.64517415777885, "16": 265.01964915902005, "17": 262.8031824155329, "18": 262.3595100122194}}