{"mission_setup": {"len_simulation": 18000, "time_step_duration": 0.15, "seed": 25, "n_drones": 20, "env_width": 1500, "env_height": 1500, "drone_com_range": 200, "drone_sen_range": 0, "drone_speed": 8, "drone_max_buffer_size": 500000, "drone_max_energy": 100000, "drone_retransmission_delta": 10, "drone_communication_success": 0.9, "depot_com_range": 200, "depot_coordinates": [750, 0], "event_duration": 2000, "packets_max_ttl": 18000, "show_plot": false, "routing_algorithm": "RoutingAlgorithm.QL", "communication_error_type": "ChannelError.GAUSSIAN", "time_on_active_routing": "0"}, "mean_number_of_relays": 2.369055349707781, "packet_mean_delivery_time": 135.4815789473684, "packet_delivery_ratio": 0.1371841155234657, "number_of_steps": 19, "qhc_steps": {"0": 20000, "1": 20000, "2": 19762.239999999998, "3": 18750.3100277647, "4": 18284.598306985223, "5": 16977.53088193082, "6": 15767.243877671743, "7": 15823.315153791442, "8": 15257.108266983782, "9": 14834.158011793623, "10": 14333.851963527228, "11": 14347.643280333885, "12": 13211.457608005261, "13": 12758.731060617758, "14": 12691.020335911353, "15": 12416.675762861609, "16": 12054.387458225627, "17": 11852.325944824248, "18": 12161.873019249202}, "qspdt_steps": {"0": 0, "1": 0, "2": 0.32169503263102256, "3": 8.260511378610367, "4": 15.366083563425947, "5": 22.19320254168404, "6": 28.05260895114407, "7": 39.723205698946636, "8": 47.322014698534524, "9": 49.88336060284331, "10": 58.97271328808637, "11": 67.33338661057022, "12": 76.83746599451717, "13": 80.15218769568465, "14": 82.13354873303625, "15": 91.11745343495015, "16": 97.18704181725471, "17": 106.3699800228479, "18": 114.51295098526374}}