{"mission_setup": {"len_simulation": 18000, "time_step_duration": 0.15, "seed": 2, "n_drones": 10, "env_width": 1500, "env_height": 1500, "drone_com_range": 200, "drone_sen_range": 0, "drone_speed": 8, "drone_max_buffer_size": 500000, "drone_max_energy": 100000, "drone_retransmission_delta": 10, "drone_communication_success": 0.9, "depot_com_range": 200, "depot_coordinates": [750, 0], "event_duration": 2000, "packets_max_ttl": 18000, "show_plot": false, "routing_algorithm": "RoutingAlgorithm.QL", "communication_error_type": "ChannelError.GAUSSIAN", "time_on_active_routing": "0"}, "mean_number_of_relays": 1.4951368088042272, "packet_mean_delivery_time": 128.3670731707317, "packet_delivery_ratio": 0.148014440433213, "number_of_steps": 18, "qhc_steps": {"0": 5000, "1": 5000, "2": 5000, "3": 4337.1032064, "4": 4106.532769909964, "5": 3669.977498531233, "6": 3409.6222191806282, "7": 2960.6203776507937, "8": 2640.8758408771646, "9": 2845.5352719084763, "10": 2584.8695466447048, "11": 2430.0970207181363, "12": 2533.5910656595806, "13": 2246.7720507006857, "14": 2064.290918515342, "15": 1889.929820881576, "16": 2067.881331719982, "17": 2879.311663487955, "18": 2428.473730162879}, "qspdt_steps": {"0": 0, "1": 0, "2": 0, "3": 18.346677713385805, "4": 19.95631488562147, "5": 22.35663391790393, "6": 22.817343345512587, "7": 25.509551994338395, "8": 32.41483149140358, "9": 35.43444427997755, "10": 39.60679038961854, "11": 35.69268926574626, "12": 37.96981261314807, "13": 40.0260072728922, "14": 40.35595145647165, "15": 40.69903795212886, "16": 39.95159283866793, "17": 43.29799639918807, "18": 40.34915695255567}}