{"mission_setup": {"len_simulation": 18000, "time_step_duration": 0.15, "seed": 18, "n_drones": 20, "env_width": 1500, "env_height": 1500, "drone_com_range": 200, "drone_sen_range": 0, "drone_speed": 8, "drone_max_buffer_size": 500000, "drone_max_energy": 100000, "drone_retransmission_delta": 10, "drone_communication_success": 0.9, "depot_com_range": 200, "depot_coordinates": [750, 0], "event_duration": 2000, "packets_max_ttl": 18000, "show_plot": false, "routing_algorithm": "RoutingAlgorithm.QL", "communication_error_type": "ChannelError.GAUSSIAN", "time_on_active_routing": "0"}, "mean_number_of_relays": 2.35602434272244, "packet_mean_delivery_time": 147.91923076923075, "packet_delivery_ratio": 0.2815884476534296, "number_of_steps": 19, "qhc_steps": {"0": 20000, "1": 20000, "2": 20000, "3": 18766.081624063994, "4": 17541.29560154103, "5": 17396.271601541026, "6": 16260.787894016947, "7": 15982.647422107635, "8": 15638.751693276534, "9": 14809.730114739685, "10": 14398.621699150342, "11": 14084.666803064418, "12": 13770.649758413745, "13": 13407.077276029104, "14": 12089.155310684433, "15": 11564.317652918044, "16": 11814.73315060465, "17": 11819.1808037091, "18": 12443.493728774185}, "qspdt_steps": {"0": 0, "1": 0, "2": 0, "3": 13.235080272922197, "4": 18.32767829497425, "5": 20.6793925378851, "6": 27.40219799200178, "7": 33.20045093608543, "8": 41.74616402772682, "9": 50.73924505739625, "10": 57.3439931557445, "11": 61.85061793369206, "12": 72.34817885511424, "13": 81.21903017037334, "14": 83.09855322545438, "15": 89.47586128639328, "16": 92.6639080248653, "17": 99.22319860343828, "18": 111.76348441128364}}