{"mission_setup": {"len_simulation": 18000, "time_step_duration": 0.15, "seed": 22, "n_drones": 30, "env_width": 1500, "env_height": 1500, "drone_com_range": 200, "drone_sen_range": 0, "drone_speed": 8, "drone_max_buffer_size": 500000, "drone_max_energy": 100000, "drone_retransmission_delta": 10, "drone_communication_success": 0.9, "depot_com_range": 200, "depot_coordinates": [750, 0], "event_duration": 2000, "packets_max_ttl": 18000, "show_plot": false, "routing_algorithm": "RoutingAlgorithm.QL", "communication_error_type": "ChannelError.GAUSSIAN", "time_on_active_routing": "0"}, "mean_number_of_relays": 3.024087340740423, "packet_mean_delivery_time": 138.58223684210526, "packet_delivery_ratio": 0.2743682310469314, "number_of_steps": 19, "qhc_steps": {"0": 45000, "1": 44706.623999999996, "2": 44706.623999999996, "3": 42978.954379263996, "4": 41467.97068079645, "5": 41091.64672319991, "6": 39665.134828895476, "7": 37982.05330817107, "8": 36735.33923189425, "9": 36320.01143490838, "10": 35717.07442874616, "11": 34390.95833142584, "12": 33898.52180568173, "13": 32657.960608160436, "14": 32403.15132501256, "15": 31550.999140762997, "16": 31453.40788783367, "17": 31268.378361046634, "18": 31207.584682816952}, "qspdt_steps": {"0": 0, "1": 0.31207836133311134, "2": 0.31207836133311134, "3": 8.005514606460153, "4": 16.460926414143245, "5": 22.816723791131288, "6": 34.36606175507586, "7": 48.521399583681735, "8": 57.47662099188652, "9": 62.77217080526053, "10": 68.95878978079739, "11": 77.85877996254307, "12": 80.60861429650208, "13": 90.04400848957584, "14": 110.6747954816249, "15": 123.16778008809598, "16": 132.7713275216871, "17": 139.16142042819666, "18": 143.03316610798217}}