{"mission_setup": {"len_simulation": 18000, "time_step_duration": 0.15, "seed": 11, "n_drones": 10, "env_width": 1500, "env_height": 1500, "drone_com_range": 200, "drone_sen_range": 0, "drone_speed": 8, "drone_max_buffer_size": 500000, "drone_max_energy": 100000, "drone_retransmission_delta": 10, "drone_communication_success": 0.9, "depot_com_range": 200, "depot_coordinates": [750, 0], "event_duration": 2000, "packets_max_ttl": 18000, "show_plot": false, "routing_algorithm": "RoutingAlgorithm.QL", "communication_error_type": "ChannelError.GAUSSIAN", "time_on_active_routing": "0"}, "mean_number_of_relays": 1.4929299572509043, "packet_mean_delivery_time": 114.45441176470588, "packet_delivery_ratio": 0.12274368231046931, "number_of_steps": 19, "qhc_steps": {"0": 5000, "1": 5000, "2": 5000, "3": 4117.995008000001, "4": 3795.2635745894413, "5": 3464.4582116075767, "6": 3398.1325926515083, "7": 3062.3755584742607, "8": 2725.4291091591294, "9": 2899.738752674569, "10": 2820.4292099915133, "11": 2856.4723919501894, "12": 2571.382493230912, "13": 2794.8224101865994, "14": 2359.1479216443386, "15": 2394.536836791885, "16": 2270.6769694845966, "17": 2248.350117817179, "18": 2103.144799730707}, "qspdt_steps": {"0": 0, "1": 0, "2": 0, "3": 6.889240302598509, "4": 9.899536481621618, "5": 15.058652074702792, "6": 19.729590743581152, "7": 28.41810374548633, "8": 33.71260680669679, "9": 40.03489895990585, "10": 40.963412621663586, "11": 42.008373772943706, "12": 45.35285530472588, "13": 46.110202305308384, "14": 44.211646814867244, "15": 49.14515781225303, "16": 54.26290010717782, "17": 54.90084515621759, "18": 61.77152254273798}}