{"mission_setup": {"len_simulation": 18000, "time_step_duration": 0.15, "seed": 20, "n_drones": 30, "env_width": 1500, "env_height": 1500, "drone_com_range": 200, "drone_sen_range": 0, "drone_speed": 8, "drone_max_buffer_size": 500000, "drone_max_energy": 100000, "drone_retransmission_delta": 10, "drone_communication_success": 0.9, "depot_com_range": 200, "depot_coordinates": [750, 0], "event_duration": 2000, "packets_max_ttl": 18000, "show_plot": false, "routing_algorithm": "RoutingAlgorithm.QL", "communication_error_type": "ChannelError.GAUSSIAN", "time_on_active_routing": "0"}, "mean_number_of_relays": 3.161482421315434, "packet_mean_delivery_time": 154.15, "packet_delivery_ratio": 0.33574007220216606, "number_of_steps": 19, "qhc_steps": {"0": 45000, "1": 45000, "2": 44899.03999999999, "3": 41933.43604276561, "4": 41439.28242051228, "5": 39451.398181664255, "6": 38842.61819079139, "7": 37708.03404068533, "8": 36841.80235560089, "9": 36300.355659421024, "10": 34652.199569803146, "11": 34020.73459705161, "12": 33408.011001897896, "13": 32072.09711720795, "14": 31964.08165262561, "15": 32029.003687521985, "16": 31869.860500282306, "17": 31201.733518334695, "18": 31255.29886702595}, "qspdt_steps": {"0": 0, "1": 0, "2": 0.30979734064948994, "3": 12.479272971665196, "4": 15.936612814901679, "5": 22.8074958739856, "6": 27.548216771051163, "7": 35.86845935428839, "8": 41.06866382402218, "9": 45.86795044686403, "10": 56.3590184534288, "11": 70.09870946292638, "12": 77.83904620536036, "13": 89.13699912512642, "14": 92.1387451019515, "15": 100.5955483472012, "16": 108.91466698664915, "17": 112.84277487132097, "18": 122.58871147761879}}