{"mission_setup": {"len_simulation": 18000, "time_step_duration": 0.15, "seed": 5, "n_drones": 25, "env_width": 1500, "env_height": 1500, "drone_com_range": 200, "drone_sen_range": 0, "drone_speed": 8, "drone_max_buffer_size": 500000, "drone_max_energy": 100000, "drone_retransmission_delta": 10, "drone_communication_success": 0.9, "depot_com_range": 200, "depot_coordinates": [750, 0], "event_duration": 2000, "packets_max_ttl": 18000, "show_plot": false, "routing_algorithm": "RoutingAlgorithm.QL", "communication_error_type": "ChannelError.GAUSSIAN", "time_on_active_routing": "0"}, "mean_number_of_relays": 2.8823726822720026, "packet_mean_delivery_time": 75.80571428571429, "packet_delivery_ratio": 0.1263537906137184, "number_of_steps": 19, "qhc_steps": {"0": 31250, "1": 31250, "2": 31250, "3": 29436.3100829532, "4": 28627.424238420263, "5": 28190.49122545668, "6": 26405.67143415425, "7": 25719.390290793013, "8": 24393.38010264479, "9": 23681.88207744154, "10": 22702.973512660014, "11": 21793.950511699768, "12": 21372.92868745945, "13": 20693.705467288255, "14": 20604.836591562675, "15": 20530.86722600381, "16": 20586.42396862783, "17": 20498.634369684718, "18": 19876.410295652713}, "qspdt_steps": {"0": 0, "1": 0, "2": 0, "3": 10.484258903013068, "4": 15.628460557117481, "5": 19.906288917514175, "6": 23.297170179693232, "7": 30.502629161553404, "8": 34.245508838505074, "9": 42.02673757317521, "10": 47.15399610401628, "11": 56.938549763482506, "12": 67.85020918174317, "13": 79.35916644351823, "14": 83.10950383155945, "15": 88.20152662835464, "16": 98.135703424126, "17": 108.85727159088191, "18": 119.5684262244247}}