{"mission_setup": {"len_simulation": 18000, "time_step_duration": 0.15, "seed": 11, "n_drones": 25, "env_width": 1500, "env_height": 1500, "drone_com_range": 200, "drone_sen_range": 0, "drone_speed": 8, "drone_max_buffer_size": 500000, "drone_max_energy": 100000, "drone_retransmission_delta": 10, "drone_communication_success": 0.9, "depot_com_range": 200, "depot_coordinates": [750, 0], "event_duration": 2000, "packets_max_ttl": 18000, "show_plot": false, "routing_algorithm": "RoutingAlgorithm.QL", "communication_error_type": "ChannelError.GAUSSIAN", "time_on_active_routing": "0"}, "mean_number_of_relays": 2.5271542944723415, "packet_mean_delivery_time": 130.39112903225805, "packet_delivery_ratio": 0.22382671480144403, "number_of_steps": 19, "qhc_steps": {"0": 31250, "1": 31250, "2": 30445.9053824, "3": 28793.95832950784, "4": 27686.288862068937, "5": 26879.7750301615, "6": 26076.720327064824, "7": 25133.148254481563, "8": 24332.193873044595, "9": 23484.1865650497, "10": 23457.998127831474, "11": 23506.71598613179, "12": 24011.78903455127, "13": 23507.468892978617, "14": 23247.465225410986, "15": 22667.282882329873, "16": 22077.549025044344, "17": 22243.140698291612, "18": 21896.549499699617}, "qspdt_steps": {"0": 0, "1": 0, "2": 0.47572091636406766, "3": 9.435856076271609, "4": 14.787402233188418, "5": 20.65629222340978, "6": 27.016824675415943, "7": 38.19929146479676, "8": 43.8020829597296, "9": 55.93843615735134, "10": 60.514262090817176, "11": 65.58352300392299, "12": 73.36846036573453, "13": 84.79646709374462, "14": 95.26469446283657, "15": 97.36002897429995, "16": 105.85279522789553, "17": 112.27874521658167, "18": 119.9591995104212}}