{"mission_setup": {"len_simulation": 18000, "time_step_duration": 0.15, "seed": 15, "n_drones": 15, "env_width": 1500, "env_height": 1500, "drone_com_range": 200, "drone_sen_range": 0, "drone_speed": 8, "drone_max_buffer_size": 500000, "drone_max_energy": 100000, "drone_retransmission_delta": 10, "drone_communication_success": 0.9, "depot_com_range": 200, "depot_coordinates": [750, 0], "event_duration": 2000, "packets_max_ttl": 18000, "show_plot": false, "routing_algorithm": "RoutingAlgorithm.QL", "communication_error_type": "ChannelError.GAUSSIAN", "time_on_active_routing": "0"}, "mean_number_of_relays": 1.8447633035815163, "packet_mean_delivery_time": 120.23541666666667, "packet_delivery_ratio": 0.259927797833935, "number_of_steps": 19, "qhc_steps": {"0": 11250, "1": 11164.336, "2": 11164.336, "3": 10273.855964159999, "4": 9375.589834825962, "5": 9126.18141809664, "6": 8616.782254965983, "7": 7711.776180639859, "8": 7474.245360342524, "9": 6739.480353545165, "10": 6548.375040678667, "11": 6267.26905093865, "12": 6407.865127527237, "13": 6429.51508513675, "14": 5905.466563787292, "15": 6029.554670919408, "16": 5667.11812704953, "17": 5775.403634231152, "18": 5992.460473419852}, "qspdt_steps": {"0": 0, "1": 0.05435259259259259, "2": 0.05435259259259259, "3": 6.525070089430062, "4": 8.778227365993478, "5": 14.184580879290195, "6": 19.889912450483145, "7": 22.59152929738668, "8": 23.056283052799163, "9": 28.70624080165994, "10": 32.843645665542795, "11": 38.98751104603244, "12": 43.70845737259564, "13": 54.89876915856425, "14": 67.08316076610323, "15": 78.38705486324567, "16": 94.87517664938096, "17": 103.96374719658745, "18": 105.01955999903906}}