{"mission_setup": {"len_simulation": 18000, "time_step_duration": 0.15, "seed": 27, "n_drones": 10, "env_width": 1500, "env_height": 1500, "drone_com_range": 200, "drone_sen_range": 0, "drone_speed": 8, "drone_max_buffer_size": 500000, "drone_max_energy": 100000, "drone_retransmission_delta": 10, "drone_communication_success": 0.9, "depot_com_range": 200, "depot_coordinates": [750, 0], "event_duration": 2000, "packets_max_ttl": 18000, "show_plot": false, "routing_algorithm": "RoutingAlgorithm.QL", "communication_error_type": "ChannelError.GAUSSIAN", "time_on_active_routing": "0"}, "mean_number_of_relays": 1.42488613590818, "packet_mean_delivery_time": 136.76612903225805, "packet_delivery_ratio": 0.22382671480144403, "number_of_steps": 19, "qhc_steps": {"0": 5000, "1": 5000, "2": 5000, "3": 4176.5884928000005, "4": 3630.7783593984004, "5": 3425.636832767979, "6": 2923.636461485883, "7": 2950.8039493630486, "8": 2850.4957913853304, "9": 2588.6120191024816, "10": 2508.1835093663694, "11": 2671.580633210433, "12": 2562.365482080162, "13": 2338.6472173013135, "14": 2374.885457924782, "15": 2563.5213010808593, "16": 2473.2391612809765, "17": 2420.982686113154, "18": 2546.2233139530917}, "qspdt_steps": {"0": 0, "1": 0, "2": 0, "3": 9.3961232522803, "4": 10.60228514449979, "5": 13.296517320195633, "6": 17.459819349296335, "7": 19.500268455320985, "8": 24.587313821668463, "9": 27.422392205390672, "10": 33.69978811242249, "11": 37.98208981274808, "12": 37.802166250917345, "13": 39.74769116683975, "14": 38.891074755113905, "15": 39.24922272436203, "16": 42.64513202940393, "17": 44.19532639733903, "18": 45.35142651837731}}