{"mission_setup": {"len_simulation": 18000, "time_step_duration": 0.15, "seed": 5, "n_drones": 10, "env_width": 1500, "env_height": 1500, "drone_com_range": 200, "drone_sen_range": 0, "drone_speed": 8, "drone_max_buffer_size": 500000, "drone_max_energy": 100000, "drone_retransmission_delta": 10, "drone_communication_success": 0.9, "depot_com_range": 200, "depot_coordinates": [750, 0], "event_duration": 2000, "packets_max_ttl": 18000, "show_plot": false, "routing_algorithm": "RoutingAlgorithm.QL", "communication_error_type": "ChannelError.GAUSSIAN", "time_on_active_routing": "0"}, "mean_number_of_relays": 1.5552613941018767, "packet_mean_delivery_time": 138.15616438356165, "packet_delivery_ratio": 0.26353790613718414, "number_of_steps": 18, "qhc_steps": {"0": 5000, "1": 5000, "2": 5000, "3": 4196.59846238208, "4": 3825.3229732787067, "5": 3645.953180666246, "6": 3143.089228666782, "7": 3129.0931393406127, "8": 2742.722811552005, "9": 2678.7971168006784, "10": 2328.0714316521107, "11": 2303.2349083376953, "12": 2172.299978586037, "13": 2356.6512049751054, "14": 2223.603492412477, "15": 2455.4998307027554, "16": 2769.548033693056, "17": 2924.533120300696, "18": 2716.2752142488644}, "qspdt_steps": {"0": 0, "1": 0, "2": 0, "3": 14.261654681182561, "4": 17.290663356807883, "5": 25.25130696163991, "6": 34.75147283912776, "7": 36.045147399621605, "8": 38.32422562889545, "9": 37.78728069420437, "10": 36.21746474561806, "11": 36.23455281547704, "12": 40.43359389852768, "13": 41.14972569827503, "14": 41.650843415131185, "15": 41.22656732189227, "16": 40.86991511508271, "17": 43.187009126600174, "18": 43.758420505721915}}