{"mission_setup": {"len_simulation": 18000, "time_step_duration": 0.15, "seed": 18, "n_drones": 5, "env_width": 1500, "env_height": 1500, "drone_com_range": 200, "drone_sen_range": 0, "drone_speed": 8, "drone_max_buffer_size": 500000, "drone_max_energy": 100000, "drone_retransmission_delta": 10, "drone_communication_success": 0.9, "depot_com_range": 200, "depot_coordinates": [750, 0], "event_duration": 2000, "packets_max_ttl": 18000, "show_plot": false, "routing_algorithm": "RoutingAlgorithm.QL", "communication_error_type": "ChannelError.GAUSSIAN", "time_on_active_routing": "0"}, "mean_number_of_relays": 1.1876384274640088, "packet_mean_delivery_time": 108.51923076923076, "packet_delivery_ratio": 0.18772563176895307, "number_of_steps": 19, "qhc_steps": {"0": 1250, "1": 1250, "2": 1250, "3": 872.2685701079039, "4": 841.4834086336659, "5": 789.9996526456816, "6": 778.7719043542181, "7": 631.2059189364726, "8": 512.9905036472178, "9": 551.2145269929824, "10": 457.76107437422746, "11": 501.78985037361207, "12": 542.6283318970934, "13": 421.61139724867354, "14": 373.13510583571536, "15": 387.98388887780743, "16": 360.36757161498645, "17": 452.61198757194234, "18": 456.6845845326251}, "qspdt_steps": {"0": 0, "1": 0, "2": 0, "3": 3.6086803515948316, "4": 5.3818438119033445, "5": 8.156964964705782, "6": 11.188248839801934, "7": 11.308388638061402, "8": 10.897677068984255, "9": 11.993858386805822, "10": 12.64220141407967, "11": 12.590438909080122, "12": 12.571382551846405, "13": 12.82531669925798, "14": 12.269246134603602, "15": 13.022603014569611, "16": 13.728849541971654, "17": 12.731751917745783, "18": 11.46395215404902}}