{"mission_setup": {"len_simulation": 18000, "time_step_duration": 0.15, "seed": 16, "n_drones": 25, "env_width": 1500, "env_height": 1500, "drone_com_range": 200, "drone_sen_range": 0, "drone_speed": 8, "drone_max_buffer_size": 500000, "drone_max_energy": 100000, "drone_retransmission_delta": 10, "drone_communication_success": 0.9, "depot_com_range": 200, "depot_coordinates": [750, 0], "event_duration": 2000, "packets_max_ttl": 18000, "show_plot": false, "routing_algorithm": "RoutingAlgorithm.QL", "communication_error_type": "ChannelError.GAUSSIAN", "time_on_active_routing": "0"}, "mean_number_of_relays": 2.9197921056328138, "packet_mean_delivery_time": 138.52083333333331, "packet_delivery_ratio": 0.1299638989169675, "number_of_steps": 19, "qhc_steps": {"0": 31250, "1": 31210.0, "2": 31170.0, "3": 29057.367905279996, "4": 28305.587002974265, "5": 27493.70772011115, "6": 26899.756814585544, "7": 26288.237746501894, "8": 24317.748313341566, "9": 24002.926992673576, "10": 23516.16790201447, "11": 23663.800278409966, "12": 23652.0305533224, "13": 23723.15007277988, "14": 23037.4726165217, "15": 22904.94788662726, "16": 22692.847761181896, "17": 22467.371629144116, "18": 22147.634776294057}, "qspdt_steps": {"0": 0, "1": 0.0028000000000000004, "2": 0.0036000000000000003, "3": 8.180593684329374, "4": 12.424701386599645, "5": 16.34734353231315, "6": 26.87272618738782, "7": 34.04334810370843, "8": 46.76866846807294, "9": 54.19650386186398, "10": 59.66562771186009, "11": 64.9904057354705, "12": 73.64972622266218, "13": 82.56156892475079, "14": 89.38311100248701, "15": 94.24918742619548, "16": 100.16134641254561, "17": 109.34078750031864, "18": 117.22889554044318}}