{"mission_setup": {"len_simulation": 18000, "time_step_duration": 0.15, "seed": 5, "n_drones": 10, "env_width": 1500, "env_height": 1500, "drone_com_range": 200, "drone_sen_range": 0, "drone_speed": 8, "drone_max_buffer_size": 500000, "drone_max_energy": 100000, "drone_retransmission_delta": 10, "drone_communication_success": 0.9, "depot_com_range": 200, "depot_coordinates": [750, 0], "event_duration": 2000, "packets_max_ttl": 18000, "show_plot": false, "routing_algorithm": "RoutingAlgorithm.QL", "communication_error_type": "ChannelError.GAUSSIAN", "time_on_active_routing": "0"}, "mean_number_of_relays": 1.5549507696574678, "packet_mean_delivery_time": 138.18, "packet_delivery_ratio": 0.27075812274368233, "number_of_steps": 19, "qhc_steps": {"0": 5000, "1": 5000, "2": 5000, "3": 4196.59846238208, "4": 3825.3229732787067, "5": 3623.6312606694755, "6": 3191.424938935283, "7": 2910.1376809883027, "8": 2666.2570033608376, "9": 2467.4724875438114, "10": 2318.876517959392, "11": 2316.4422656442403, "12": 2234.0916517587766, "13": 2399.3045060892982, "14": 2298.178544275121, "15": 2510.887090015343, "16": 2835.9385165677263, "17": 2677.9108335340165, "18": 2419.044712276265}, "qspdt_steps": {"0": 0, "1": 0, "2": 0, "3": 5.734948197998243, "4": 7.697382568363316, "5": 12.02536460848139, "6": 12.497415419390371, "7": 17.427361778488983, "8": 25.221030390525613, "9": 29.110255547382067, "10": 33.24609867717756, "11": 37.26297190283632, "12": 39.43607037299345, "13": 43.909123115597644, "14": 50.89818709950207, "15": 57.793847517724785, "16": 60.53445513462998, "17": 65.9417013461948, "18": 69.89377183278819}}