{"mission_setup": {"len_simulation": 18000, "time_step_duration": 0.15, "seed": 20, "n_drones": 15, "env_width": 1500, "env_height": 1500, "drone_com_range": 200, "drone_sen_range": 0, "drone_speed": 8, "drone_max_buffer_size": 500000, "drone_max_energy": 100000, "drone_retransmission_delta": 10, "drone_communication_success": 0.9, "depot_com_range": 200, "depot_coordinates": [750, 0], "event_duration": 2000, "packets_max_ttl": 18000, "show_plot": false, "routing_algorithm": "RoutingAlgorithm.QL", "communication_error_type": "ChannelError.GAUSSIAN", "time_on_active_routing": "0"}, "mean_number_of_relays": 1.8309251317909918, "packet_mean_delivery_time": 133.20899999999997, "packet_delivery_ratio": 0.18050541516245489, "number_of_steps": 19, "qhc_steps": {"0": 11250, "1": 11176.24, "2": 11176.24, "3": 9656.421709537586, "4": 9428.480242225984, "5": 8907.36944091257, "6": 8759.62521229878, "7": 8000.816513805412, "8": 7818.592953948931, "9": 7718.542362363256, "10": 7417.4371034769, "11": 7234.120078069494, "12": 7150.01624739043, "13": 6471.730466199018, "14": 6611.923964082171, "15": 7021.121706858761, "16": 6661.43886533551, "17": 6781.330698317431, "18": 6052.722714955602}, "qspdt_steps": {"0": 0, "1": 0.2784, "2": 0.2784, "3": 8.885245890832344, "4": 16.281401363558217, "5": 24.954495244355417, "6": 29.868755205277644, "7": 36.487555791584406, "8": 41.18343264957238, "9": 41.86561638640152, "10": 45.653033426598114, "11": 49.75058919958718, "12": 56.13752737885758, "13": 66.98030026772871, "14": 70.35324051940144, "15": 74.3284741317179, "16": 82.03061515393834, "17": 87.92856377474855, "18": 97.73715975191814}}