{"mission_setup": {"len_simulation": 18000, "time_step_duration": 0.15, "seed": 2, "n_drones": 15, "env_width": 1500, "env_height": 1500, "drone_com_range": 200, "drone_sen_range": 0, "drone_speed": 8, "drone_max_buffer_size": 500000, "drone_max_energy": 100000, "drone_retransmission_delta": 10, "drone_communication_success": 0.9, "depot_com_range": 200, "depot_coordinates": [750, 0], "event_duration": 2000, "packets_max_ttl": 18000, "show_plot": false, "routing_algorithm": "RoutingAlgorithm.QL", "communication_error_type": "ChannelError.GAUSSIAN", "time_on_active_routing": "0"}, "mean_number_of_relays": 1.8121061529791485, "packet_mean_delivery_time": 78.13125, "packet_delivery_ratio": 0.08664259927797834, "number_of_steps": 18, "qhc_steps": {"0": 11250, "1": 11250, "2": 11250, "3": 10184.958745599999, "4": 9331.603602392674, "5": 9300.103380088058, "6": 8556.006514310291, "7": 7813.789978693514, "8": 7380.474323533539, "9": 7594.929168065929, "10": 7869.879918781906, "11": 7133.020325403144, "12": 6756.425833872952, "13": 6429.6128550500025, "14": 6129.545489442128, "15": 6031.809983572339, "16": 6255.49624467275, "17": 5979.8784703885585, "18": 5642.134895435434}, "qspdt_steps": {"0": 0, "1": 0, "2": 0, "3": 27.959517347265884, "4": 52.27239415054374, "5": 58.24811948431616, "6": 68.89953316054354, "7": 74.54856539264853, "8": 85.2797278019232, "9": 89.61769555194827, "10": 94.22944382947847, "11": 103.38350159700923, "12": 109.58312120624322, "13": 132.50783068707852, "14": 152.6878367186462, "15": 158.4881666986537, "16": 171.4211706324736, "17": 177.07254706498406, "18": 184.2900444875777}}