{"mission_setup": {"len_simulation": 18000, "time_step_duration": 0.15, "seed": 5, "n_drones": 25, "env_width": 1500, "env_height": 1500, "drone_com_range": 200, "drone_sen_range": 0, "drone_speed": 8, "drone_max_buffer_size": 500000, "drone_max_energy": 100000, "drone_retransmission_delta": 10, "drone_communication_success": 0.9, "depot_com_range": 200, "depot_coordinates": [750, 0], "event_duration": 2000, "packets_max_ttl": 18000, "show_plot": false, "routing_algorithm": "RoutingAlgorithm.QL", "communication_error_type": "ChannelError.GAUSSIAN", "time_on_active_routing": "0"}, "mean_number_of_relays": 2.8859939632765994, "packet_mean_delivery_time": 135.71076923076924, "packet_delivery_ratio": 0.23465703971119134, "number_of_steps": 18, "qhc_steps": {"0": 31250, "1": 31250, "2": 31250, "3": 29528.658242953206, "4": 28696.69414874347, "5": 27805.53931350047, "6": 26260.188039453227, "7": 25456.29907379045, "8": 24133.443241366946, "9": 23635.70696912055, "10": 22959.14860408413, "11": 22520.990183486338, "12": 21832.951594655184, "13": 21917.516670577366, "14": 22814.77244483777, "15": 21841.412454309877, "16": 21829.157805041414, "17": 22110.25476418261, "18": 21659.250066538603}, "qspdt_steps": {"0": 0, "1": 0, "2": 0, "3": 102.89278264994316, "4": 144.41494143678287, "5": 200.874579119994, "6": 211.55663262243246, "7": 227.0306654738392, "8": 264.81594835860426, "9": 280.5913226878468, "10": 293.6680558232735, "11": 313.9224803370377, "12": 338.6547326673891, "13": 367.7486726494065, "14": 381.7132776846061, "15": 401.42770783510787, "16": 432.50376571694073, "17": 463.7433408323334, "18": 493.81465463537666}}