{"mission_setup": {"len_simulation": 18000, "time_step_duration": 0.15, "seed": 6, "n_drones": 5, "env_width": 1500, "env_height": 1500, "drone_com_range": 200, "drone_sen_range": 0, "drone_speed": 8, "drone_max_buffer_size": 500000, "drone_max_energy": 100000, "drone_retransmission_delta": 10, "drone_communication_success": 0.9, "depot_com_range": 200, "depot_coordinates": [750, 0], "event_duration": 2000, "packets_max_ttl": 18000, "show_plot": false, "routing_algorithm": "RoutingAlgorithm.QL", "communication_error_type": "ChannelError.GAUSSIAN", "time_on_active_routing": "0"}, "mean_number_of_relays": 1.1040748898678414, "packet_mean_delivery_time": 154.75588235294117, "packet_delivery_ratio": 0.12274368231046931, "number_of_steps": 18, "qhc_steps": {"0": 1250, "1": 1250, "2": 1250, "3": 717.5698589696, "4": 697.16118433792, "5": 658.5523597824465, "6": 753.9731401112587, "7": 809.2667475380229, "8": 620.6428965801255, "9": 644.2918224384284, "10": 551.6586569834327, "11": 571.5502998322222, "12": 680.9406287607173, "13": 439.23637024739446, "14": 458.08128899832053, "15": 506.70444983567535, "16": 583.5436072167385, "17": 636.8305153939109, "18": 553.6024077502423}, "qspdt_steps": {"0": 0, "1": 0, "2": 0, "3": 3.1212248158071, "4": 4.673747096351997, "5": 5.892234406106919, "6": 6.977336136599529, "7": 6.553164625189257, "8": 7.638432586852818, "9": 7.027280657664596, "10": 6.602263117467185, "11": 6.270296788139684, "12": 8.107152862124588, "13": 7.988324197003188, "14": 9.284212017324505, "15": 8.130512186743326, "16": 9.846237227000355, "17": 11.724101865307219, "18": 8.014232992543105}}