{"mission_setup": {"len_simulation": 18000, "time_step_duration": 0.15, "seed": 17, "n_drones": 15, "env_width": 1500, "env_height": 1500, "drone_com_range": 200, "drone_sen_range": 0, "drone_speed": 8, "drone_max_buffer_size": 500000, "drone_max_energy": 100000, "drone_retransmission_delta": 10, "drone_communication_success": 0.9, "depot_com_range": 200, "depot_coordinates": [750, 0], "event_duration": 2000, "packets_max_ttl": 18000, "show_plot": false, "routing_algorithm": "RoutingAlgorithm.QL", "communication_error_type": "ChannelError.GAUSSIAN", "time_on_active_routing": "0"}, "mean_number_of_relays": 1.8365266807434635, "packet_mean_delivery_time": 145.03604651162792, "packet_delivery_ratio": 0.1552346570397112, "number_of_steps": 19, "qhc_steps": {"0": 11250, "1": 11250, "2": 11056.64832, "3": 10128.4996352, "4": 9723.87439104, "5": 9008.76778017318, "6": 8666.685187495876, "7": 8700.913938941205, "8": 8182.748126012331, "9": 7989.868454071007, "10": 7325.792693301908, "11": 7529.578775406379, "12": 7116.6337085069335, "13": 7146.5067173094185, "14": 6594.999755049392, "15": 6516.699446565591, "16": 6718.16164314643, "17": 6169.32202758169, "18": 6365.536031651325}, "qspdt_steps": {"0": 0, "1": 0, "2": 0.20878025431398115, "3": 10.245942502294954, "4": 16.61410726932536, "5": 19.566712093345, "6": 25.82565433888423, "7": 33.3262221484051, "8": 41.75900445659528, "9": 53.76327630822428, "10": 54.72844185134704, "11": 66.02675076454645, "12": 72.46959901382299, "13": 81.30150569454344, "14": 90.3956757200531, "15": 94.11849033448783, "16": 103.84165706380314, "17": 114.4946826533152, "18": 121.21265343354092}}