{"mission_setup": {"len_simulation": 18000, "time_step_duration": 0.15, "seed": 6, "n_drones": 15, "env_width": 1500, "env_height": 1500, "drone_com_range": 200, "drone_sen_range": 0, "drone_speed": 8, "drone_max_buffer_size": 500000, "drone_max_energy": 100000, "drone_retransmission_delta": 10, "drone_communication_success": 0.9, "depot_com_range": 200, "depot_coordinates": [750, 0], "event_duration": 2000, "packets_max_ttl": 18000, "show_plot": false, "routing_algorithm": "RoutingAlgorithm.QL", "communication_error_type": "ChannelError.GAUSSIAN", "time_on_active_routing": "0"}, "mean_number_of_relays": 1.871075704723296, "packet_mean_delivery_time": 119.11, "packet_delivery_ratio": 0.10830324909747292, "number_of_steps": 18, "qhc_steps": {"0": 11250, "1": 11250, "2": 11250, "3": 10177.870590566397, "4": 9912.233899950012, "5": 9537.058743798674, "6": 9381.383058033553, "7": 9302.669147656996, "8": 8395.162188228118, "9": 8334.76734446217, "10": 7514.539388884015, "11": 7740.591794829714, "12": 7385.531084312721, "13": 7747.717604875964, "14": 6849.271427776111, "15": 6406.473790953995, "16": 6196.271708295301, "17": 6474.30033155739, "18": 6877.339281366117}, "qspdt_steps": {"0": 0, "1": 0, "2": 0, "3": 52.588400237392904, "4": 79.6053135113264, "5": 111.71342241958209, "6": 115.48144331491021, "7": 121.56744964065678, "8": 148.07210030487073, "9": 154.51254616353071, "10": 174.8373322728583, "11": 184.94538211681927, "12": 190.1400825004485, "13": 193.26197497086036, "14": 191.84545872788226, "15": 197.65448578648684, "16": 202.04256176765028, "17": 209.32729347989712, "18": 205.84711318740193}}