{"mission_setup": {"len_simulation": 18000, "time_step_duration": 0.15, "seed": 10, "n_drones": 10, "env_width": 1500, "env_height": 1500, "drone_com_range": 200, "drone_sen_range": 0, "drone_speed": 8, "drone_max_buffer_size": 500000, "drone_max_energy": 100000, "drone_retransmission_delta": 10, "drone_communication_success": 0.9, "depot_com_range": 200, "depot_coordinates": [750, 0], "event_duration": 2000, "packets_max_ttl": 18000, "show_plot": false, "routing_algorithm": "RoutingAlgorithm.QL", "communication_error_type": "ChannelError.GAUSSIAN", "time_on_active_routing": "0"}, "mean_number_of_relays": 1.5919859059899544, "packet_mean_delivery_time": 126.80806451612902, "packet_delivery_ratio": 0.22382671480144403, "number_of_steps": 19, "qhc_steps": {"0": 5000, "1": 5000, "2": 4892.032000000001, "3": 4463.3125376, "4": 3987.37822629888, "5": 3446.5104068018168, "6": 3204.7480169847045, "7": 3393.668867319032, "8": 3278.0470910206172, "9": 3066.6243356829027, "10": 2973.374605466284, "11": 2935.432406538996, "12": 3063.93904895788, "13": 3043.372552662344, "14": 3606.9076769597427, "15": 3010.0703969294013, "16": 2739.6445890787845, "17": 2329.8634309831564, "18": 2156.865936727918}, "qspdt_steps": {"0": 0, "1": 0, "2": 0.5153118076923077, "3": 8.867870636776093, "4": 13.254126037610204, "5": 17.8560568762379, "6": 22.878129471280488, "7": 33.873810984262136, "8": 34.6012722602422, "9": 40.180869599765046, "10": 44.02408874365377, "11": 46.09877659403004, "12": 47.051730350090295, "13": 49.23237573732889, "14": 55.25549791514813, "15": 61.89526450494787, "16": 61.6235061112937, "17": 65.72773513374071, "18": 62.94223200016968}}