{"mission_setup": {"len_simulation": 18000, "time_step_duration": 0.15, "seed": 26, "n_drones": 10, "env_width": 1500, "env_height": 1500, "drone_com_range": 200, "drone_sen_range": 0, "drone_speed": 8, "drone_max_buffer_size": 500000, "drone_max_energy": 100000, "drone_retransmission_delta": 10, "drone_communication_success": 0.9, "depot_com_range": 200, "depot_coordinates": [750, 0], "event_duration": 2000, "packets_max_ttl": 18000, "show_plot": false, "routing_algorithm": "RoutingAlgorithm.QL", "communication_error_type": "ChannelError.GAUSSIAN", "time_on_active_routing": "0"}, "mean_number_of_relays": 1.552222817354044, "packet_mean_delivery_time": 128.51999999999998, "packet_delivery_ratio": 0.18050541516245489, "number_of_steps": 19, "qhc_steps": {"0": 5000, "1": 5000, "2": 4896.0, "3": 3995.3738547199996, "4": 3925.404524015911, "5": 3578.0775513770345, "6": 3242.431085786775, "7": 3208.908601703426, "8": 3431.518564726778, "9": 3198.5904783018823, "10": 2904.861506086973, "11": 2725.9284067067742, "12": 3011.6785381944633, "13": 2751.3073270926193, "14": 2770.5938198150407, "15": 2638.547663082918, "16": 2682.2376789022383, "17": 2638.3116695892336, "18": 2555.867850956478}, "qspdt_steps": {"0": 0, "1": 0, "2": 0.19446060606060606, "3": 7.2537790000201365, "4": 11.237645728887605, "5": 12.355632772117362, "6": 15.154025511395352, "7": 14.655889769203265, "8": 19.79519515667724, "9": 23.393088340905937, "10": 27.909471492484474, "11": 27.41003293437376, "12": 29.260314754795356, "13": 32.93728242859659, "14": 41.985846990746786, "15": 49.14325925360455, "16": 61.24249287562541, "17": 61.69114264914553, "18": 63.449847487490786}}