{"mission_setup": {"len_simulation": 18000, "time_step_duration": 0.15, "seed": 16, "n_drones": 5, "env_width": 1500, "env_height": 1500, "drone_com_range": 200, "drone_sen_range": 0, "drone_speed": 8, "drone_max_buffer_size": 500000, "drone_max_energy": 100000, "drone_retransmission_delta": 10, "drone_communication_success": 0.9, "depot_com_range": 200, "depot_coordinates": [750, 0], "event_duration": 2000, "packets_max_ttl": 18000, "show_plot": false, "routing_algorithm": "RoutingAlgorithm.QL", "communication_error_type": "ChannelError.GAUSSIAN", "time_on_active_routing": "0"}, "mean_number_of_relays": 1.3295798020506133, "packet_mean_delivery_time": 134.775, "packet_delivery_ratio": 0.11552346570397112, "number_of_steps": 19, "qhc_steps": {"0": 1250, "1": 1250, "2": 1250, "3": 1114.7286647586816, "4": 908.6214490321503, "5": 584.98801949278, "6": 487.7120735532088, "7": 514.9522385839108, "8": 550.6363693012746, "9": 502.83844837148894, "10": 470.2908696422283, "11": 413.1663746417804, "12": 632.054195176324, "13": 696.4265222719923, "14": 615.5026726736667, "15": 555.6384766626662, "16": 534.1007404717693, "17": 605.2927037390591, "18": 564.0685706274095}, "qspdt_steps": {"0": 0, "1": 0, "2": 0, "3": 2.2576012621153723, "4": 4.142791457781547, "5": 4.345562194022581, "6": 5.755224949974381, "7": 8.061342706442598, "8": 8.51488979302539, "9": 9.619675961252206, "10": 8.691920787806273, "11": 10.460195350269462, "12": 10.924856973140537, "13": 11.486965320520966, "14": 11.79444269857959, "15": 12.833426566044693, "16": 13.054118822694571, "17": 13.516216046196822, "18": 13.786351490374427}}