{"mission_setup": {"len_simulation": 18000, "time_step_duration": 0.15, "seed": 3, "n_drones": 30, "env_width": 1500, "env_height": 1500, "drone_com_range": 200, "drone_sen_range": 0, "drone_speed": 8, "drone_max_buffer_size": 500000, "drone_max_energy": 100000, "drone_retransmission_delta": 10, "drone_communication_success": 0.9, "depot_com_range": 200, "depot_coordinates": [750, 0], "event_duration": 2000, "packets_max_ttl": 18000, "show_plot": false, "routing_algorithm": "RoutingAlgorithm.QL", "communication_error_type": "ChannelError.GAUSSIAN", "time_on_active_routing": "0"}, "mean_number_of_relays": 3.0580234505862647, "packet_mean_delivery_time": 145.90128205128204, "packet_delivery_ratio": 0.4223826714801444, "number_of_steps": 19, "qhc_steps": {"0": 45000, "1": 45000, "2": 45000, "3": 41703.250396415926, "4": 40186.55598708432, "5": 39592.77331443001, "6": 38359.17388870227, "7": 38677.89018011183, "8": 38105.94772494768, "9": 36826.95706930847, "10": 35553.58074824417, "11": 34974.08706630822, "12": 34866.996049607216, "13": 33507.403734775944, "14": 33364.40312544368, "15": 31328.016122298457, "16": 30928.903133198524, "17": 30649.886957702623, "18": 29870.13419954036}, "qspdt_steps": {"0": 0, "1": 0, "2": 0, "3": 15.692456227164046, "4": 28.266089388280534, "5": 32.719842154056785, "6": 40.30589059630696, "7": 46.039048055329225, "8": 51.96328878310888, "9": 62.19169133081753, "10": 67.82336279964956, "11": 73.09823568152768, "12": 77.45445269259109, "13": 90.78740532425034, "14": 94.21499413728674, "15": 106.56596956108112, "16": 124.06785978029026, "17": 133.4220413649861, "18": 148.56180635910448}}