{"mission_setup": {"len_simulation": 18000, "time_step_duration": 0.15, "seed": 2, "n_drones": 25, "env_width": 1500, "env_height": 1500, "drone_com_range": 200, "drone_sen_range": 0, "drone_speed": 8, "drone_max_buffer_size": 500000, "drone_max_energy": 100000, "drone_retransmission_delta": 10, "drone_communication_success": 0.9, "depot_com_range": 200, "depot_coordinates": [750, 0], "event_duration": 2000, "packets_max_ttl": 18000, "show_plot": false, "routing_algorithm": "RoutingAlgorithm.QL", "communication_error_type": "ChannelError.GAUSSIAN", "time_on_active_routing": "0"}, "mean_number_of_relays": 2.671144320376123, "packet_mean_delivery_time": 118.75446428571428, "packet_delivery_ratio": 0.20216606498194944, "number_of_steps": 19, "qhc_steps": {"0": 31250, "1": 31250, "2": 31250, "3": 29320.676060159996, "4": 28982.280227020794, "5": 27571.62596106735, "6": 26305.153391868225, "7": 25544.132120155908, "8": 24598.537183002583, "9": 24680.471777729144, "10": 23728.220626214606, "11": 23155.77497608977, "12": 22704.161874064957, "13": 23407.567137430946, "14": 23232.567447898873, "15": 21890.08589220696, "16": 21438.55090484745, "17": 21337.35347177504, "18": 20716.960281305117}, "qspdt_steps": {"0": 0, "1": 0, "2": 0, "3": 10.756991782553712, "4": 18.128407727018455, "5": 29.71059243276954, "6": 41.195641526250874, "7": 48.055928666567105, "8": 56.43151752126984, "9": 60.37509535579338, "10": 67.66595532316792, "11": 75.14075281497422, "12": 78.46265367481021, "13": 87.62236107990972, "14": 95.99079859121912, "15": 107.72995747480326, "16": 115.86278771675846, "17": 124.44435956021833, "18": 138.33867789759026}}