{"mission_setup": {"len_simulation": 18000, "time_step_duration": 0.15, "seed": 0, "n_drones": 20, "env_width": 1500, "env_height": 1500, "drone_com_range": 200, "drone_sen_range": 0, "drone_speed": 8, "drone_max_buffer_size": 500000, "drone_max_energy": 100000, "drone_retransmission_delta": 10, "drone_communication_success": 0.9, "depot_com_range": 200, "depot_coordinates": [750, 0], "event_duration": 2000, "packets_max_ttl": 18000, "show_plot": false, "routing_algorithm": "RoutingAlgorithm.QL", "communication_error_type": "ChannelError.GAUSSIAN", "time_on_active_routing": "0"}, "mean_number_of_relays": 2.3305439330543933, "packet_mean_delivery_time": 117.39999999999999, "packet_delivery_ratio": 0.21660649819494585, "number_of_steps": 18, "qhc_steps": {"0": 20000, "1": 20000, "2": 19899.04, "3": 18620.8373248, "4": 17980.655158740865, "5": 17327.86775664422, "6": 16692.70966686614, "7": 16138.618303078207, "8": 15299.551071405174, "9": 15293.023258012028, "10": 14830.552251631763, "11": 14179.286620966674, "12": 13745.671001410428, "13": 13304.120574352972, "14": 13411.932550965077, "15": 13050.859379399975, "16": 13496.120586317, "17": 13761.82650644687, "18": 13792.712299539828}, "qspdt_steps": {"0": 0, "1": 0, "2": -0.017171428571428574, "3": 48.77441724704308, "4": 83.52342891575688, "5": 107.18705603391462, "6": 140.61784442381563, "7": 169.39764469311422, "8": 195.81352427482827, "9": 205.14954142431125, "10": 229.6581791338226, "11": 236.3794520376464, "12": 261.1002781464162, "13": 280.68051019527996, "14": 298.32055144893445, "15": 311.5381812787799, "16": 300.83100515755984, "17": 294.71568635994885, "18": 289.50148975348674}}