{"mission_setup": {"len_simulation": 18000, "time_step_duration": 0.15, "seed": 9, "n_drones": 15, "env_width": 1500, "env_height": 1500, "drone_com_range": 200, "drone_sen_range": 0, "drone_speed": 8, "drone_max_buffer_size": 500000, "drone_max_energy": 100000, "drone_retransmission_delta": 10, "drone_communication_success": 0.9, "depot_com_range": 200, "depot_coordinates": [750, 0], "event_duration": 2000, "packets_max_ttl": 18000, "show_plot": false, "routing_algorithm": "RoutingAlgorithm.QL", "communication_error_type": "ChannelError.GAUSSIAN", "time_on_active_routing": "0"}, "mean_number_of_relays": 1.9329946570903038, "packet_mean_delivery_time": 136.37837837837836, "packet_delivery_ratio": 0.13357400722021662, "number_of_steps": 19, "qhc_steps": {"0": 11250, "1": 11250, "2": 11250, "3": 10183.76510976, "4": 8968.055706175397, "5": 8659.791598975815, "6": 7801.534347252414, "7": 7451.12403559203, "8": 6801.9272371578845, "9": 6892.383093502763, "10": 6917.1787975468005, "11": 6875.034500196068, "12": 6993.526701527258, "13": 6761.884878009953, "14": 6766.529732582332, "15": 6489.11335429527, "16": 6209.938655823976, "17": 5856.025534635156, "18": 6236.614498798022}, "qspdt_steps": {"0": 0, "1": 0, "2": 0, "3": 10.061172850483235, "4": 19.46325880625409, "5": 25.949181212609133, "6": 26.277064099745946, "7": 33.53590212868601, "8": 37.59836792488824, "9": 42.02055201708939, "10": 62.12931024913673, "11": 68.38491504825402, "12": 72.8796016014633, "13": 84.17147097768692, "14": 90.69024746814361, "15": 102.15541396306223, "16": 123.20328213987798, "17": 132.2326903457617, "18": 138.99137866334166}}