{"mission_setup": {"len_simulation": 18000, "time_step_duration": 0.15, "seed": 23, "n_drones": 25, "env_width": 1500, "env_height": 1500, "drone_com_range": 200, "drone_sen_range": 0, "drone_speed": 8, "drone_max_buffer_size": 500000, "drone_max_energy": 100000, "drone_retransmission_delta": 10, "drone_communication_success": 0.9, "depot_com_range": 200, "depot_coordinates": [750, 0], "event_duration": 2000, "packets_max_ttl": 18000, "show_plot": false, "routing_algorithm": "RoutingAlgorithm.QL", "communication_error_type": "ChannelError.GAUSSIAN", "time_on_active_routing": "0"}, "mean_number_of_relays": 2.6156657026924024, "packet_mean_delivery_time": 156.56727272727272, "packet_delivery_ratio": 0.19855595667870035, "number_of_steps": 19, "qhc_steps": {"0": 31250, "1": 31250, "2": 31210.0, "3": 29470.078592000005, "4": 28155.999673606144, "5": 27669.678398079956, "6": 27770.62220364144, "7": 26316.937032693964, "8": 25839.52248413993, "9": 24620.23370718706, "10": 24231.076595512834, "11": 23940.082166914366, "12": 23635.9707251456, "13": 23380.438947125214, "14": 22915.76634979986, "15": 22206.65433677264, "16": 21291.31867338154, "17": 21369.22589552434, "18": 21162.74748930651}, "qspdt_steps": {"0": 0, "1": 0, "2": 0.0033600000000000006, "3": 10.199638146816742, "4": 18.12614455178454, "5": 23.01464765543317, "6": 29.684367120494212, "7": 33.414767792214086, "8": 40.22715052016766, "9": 45.14760980130657, "10": 58.923540591720865, "11": 59.5941477611534, "12": 64.3723281034723, "13": 70.4486042649913, "14": 77.58929985460438, "15": 77.7456359232986, "16": 85.6327329116182, "17": 93.61335842140691, "18": 103.60200986058514}}