{"mission_setup": {"len_simulation": 18000, "time_step_duration": 0.15, "seed": 15, "n_drones": 25, "env_width": 1500, "env_height": 1500, "drone_com_range": 200, "drone_sen_range": 0, "drone_speed": 8, "drone_max_buffer_size": 500000, "drone_max_energy": 100000, "drone_retransmission_delta": 10, "drone_communication_success": 0.9, "depot_com_range": 200, "depot_coordinates": [750, 0], "event_duration": 2000, "packets_max_ttl": 18000, "show_plot": false, "routing_algorithm": "RoutingAlgorithm.QL", "communication_error_type": "ChannelError.GAUSSIAN", "time_on_active_routing": "0"}, "mean_number_of_relays": 2.526869547845775, "packet_mean_delivery_time": 118.57215189873418, "packet_delivery_ratio": 0.2851985559566787, "number_of_steps": 19, "qhc_steps": {"0": 31250, "1": 31140.816, "2": 31140.816, "3": 29882.27194236928, "4": 28547.98036909235, "5": 27604.55717020704, "6": 27440.43675301493, "7": 27146.636454436997, "8": 26059.69499747929, "9": 25740.658968747724, "10": 24344.469198961622, "11": 23872.433885490664, "12": 23157.622681134704, "13": 21344.7516843785, "14": 21375.399983471554, "15": 21020.37214898968, "16": 21090.339506598808, "17": 21477.34665849688, "18": 21009.365794890706}, "qspdt_steps": {"0": 0, "1": 0.22458116402116404, "2": 0.22458116402116404, "3": 10.172328595994717, "4": 13.438386500198511, "5": 22.413085122527278, "6": 28.667798085894574, "7": 30.07539086607456, "8": 35.451285845443834, "9": 43.496739282063146, "10": 51.21233520971085, "11": 54.550117239428985, "12": 55.872822862959175, "13": 65.42504526103077, "14": 71.41704208501089, "15": 78.90465435399607, "16": 86.74055396191095, "17": 94.05161514984682, "18": 102.19255339533332}}