{"mission_setup": {"len_simulation": 18000, "time_step_duration": 0.15, "seed": 6, "n_drones": 30, "env_width": 1500, "env_height": 1500, "drone_com_range": 200, "drone_sen_range": 0, "drone_speed": 8, "drone_max_buffer_size": 500000, "drone_max_energy": 100000, "drone_retransmission_delta": 10, "drone_communication_success": 0.9, "depot_com_range": 200, "depot_coordinates": [750, 0], "event_duration": 2000, "packets_max_ttl": 18000, "show_plot": false, "routing_algorithm": "RoutingAlgorithm.QL", "communication_error_type": "ChannelError.GAUSSIAN", "time_on_active_routing": "0"}, "mean_number_of_relays": 2.9638471620122995, "packet_mean_delivery_time": 131.67096774193547, "packet_delivery_ratio": 0.22382671480144403, "number_of_steps": 19, "qhc_steps": {"0": 45000, "1": 45000, "2": 45000, "3": 43483.619581952, "4": 42347.18736336159, "5": 41666.288129350825, "6": 41102.61847270315, "7": 40080.1691503623, "8": 38890.14828350565, "9": 37591.21839068788, "10": 36632.09571181045, "11": 35771.15900827537, "12": 35311.393271611494, "13": 34302.04901640606, "14": 34002.89781650761, "15": 33360.18079455828, "16": 32783.44563301615, "17": 32430.833866482448, "18": 32523.97527689576}, "qspdt_steps": {"0": 0, "1": 0, "2": 0, "3": 11.210634140901709, "4": 25.005534369919253, "5": 36.672187828260036, "6": 45.29661745996719, "7": 55.63503872488141, "8": 62.71632496016596, "9": 72.17065246442718, "10": 73.37029522174794, "11": 78.29174781473267, "12": 86.11277873672202, "13": 99.92646684512846, "14": 116.17356298888556, "15": 124.33538864758202, "16": 132.65091918626482, "17": 136.40652700784864, "18": 141.2322839776691}}