{"mission_setup": {"len_simulation": 18000, "time_step_duration": 0.15, "seed": 2, "n_drones": 20, "env_width": 1500, "env_height": 1500, "drone_com_range": 200, "drone_sen_range": 0, "drone_speed": 8, "drone_max_buffer_size": 500000, "drone_max_energy": 100000, "drone_retransmission_delta": 10, "drone_communication_success": 0.9, "depot_com_range": 200, "depot_coordinates": [750, 0], "event_duration": 2000, "packets_max_ttl": 18000, "show_plot": false, "routing_algorithm": "RoutingAlgorithm.QL", "communication_error_type": "ChannelError.GAUSSIAN", "time_on_active_routing": "0"}, "mean_number_of_relays": 2.3145964125560536, "packet_mean_delivery_time": 119.59239130434781, "packet_delivery_ratio": 0.16606498194945848, "number_of_steps": 19, "qhc_steps": {"0": 20000, "1": 20000, "2": 20000, "3": 18826.698936320005, "4": 17670.581746073607, "5": 17366.15118870691, "6": 16472.795796626495, "7": 15782.280486773963, "8": 15693.178775021688, "9": 15290.129705865143, "10": 14620.916852368222, "11": 13939.333770190267, "12": 13862.20714502288, "13": 13598.058269085823, "14": 12779.275458075177, "15": 12863.075642212547, "16": 12407.317028357658, "17": 12297.295376725368, "18": 11869.52116685659}, "qspdt_steps": {"0": 0, "1": 0, "2": 0, "3": 6.88370017194643, "4": 12.568401031330515, "5": 19.043220266337777, "6": 28.810626423996652, "7": 34.778423476410076, "8": 42.699757492221416, "9": 48.88191270622456, "10": 55.49760412566317, "11": 62.11095151205435, "12": 72.17239612168798, "13": 89.60576647004264, "14": 92.7619732684952, "15": 100.32941074155829, "16": 108.24725494503696, "17": 124.34215897743579, "18": 136.30474353246552}}