{"mission_setup": {"len_simulation": 18000, "time_step_duration": 0.15, "seed": 7, "n_drones": 5, "env_width": 1500, "env_height": 1500, "drone_com_range": 200, "drone_sen_range": 0, "drone_speed": 8, "drone_max_buffer_size": 500000, "drone_max_energy": 100000, "drone_retransmission_delta": 10, "drone_communication_success": 0.9, "depot_com_range": 200, "depot_coordinates": [750, 0], "event_duration": 2000, "packets_max_ttl": 18000, "show_plot": false, "routing_algorithm": "RoutingAlgorithm.QL", "communication_error_type": "ChannelError.GAUSSIAN", "time_on_active_routing": "0"}, "mean_number_of_relays": 1.1348148148148147, "packet_mean_delivery_time": 115.8945205479452, "packet_delivery_ratio": 0.26353790613718414, "number_of_steps": 18, "qhc_steps": {"0": 1250, "1": 1186.64, "2": 1186.64, "3": 1023.2249688506367, "4": 808.2943571884543, "5": 899.4012207962677, "6": 816.6101322664748, "7": 617.1677521383868, "8": 614.9960078497475, "9": 600.0408858747854, "10": 522.6961548543195, "11": 557.0141638588703, "12": 497.3845788140966, "13": 602.5808186186258, "14": 580.0428903881788, "15": 527.8190756026307, "16": 527.5525374796977, "17": 509.0793150626855, "18": 519.0976745908577}, "qspdt_steps": {"0": 0, "1": 0.26170666666666664, "2": 0.26170666666666664, "3": 3.0774872816102516, "4": 5.652589717789045, "5": 7.049138176185659, "6": 7.800900991134672, "7": 6.766571964197157, "8": 6.652963407964692, "9": 7.08575577394022, "10": 8.156034671239693, "11": 9.22307203204097, "12": 9.655948866199669, "13": 9.810740112689418, "14": 9.573425847802246, "15": 8.738053325955839, "16": 8.878639457605962, "17": 8.008920804716938, "18": 6.70326386898378}}