{"mission_setup": {"len_simulation": 18000, "time_step_duration": 0.15, "seed": 8, "n_drones": 20, "env_width": 1500, "env_height": 1500, "drone_com_range": 200, "drone_sen_range": 0, "drone_speed": 8, "drone_max_buffer_size": 500000, "drone_max_energy": 100000, "drone_retransmission_delta": 10, "drone_communication_success": 0.9, "depot_com_range": 200, "depot_coordinates": [750, 0], "event_duration": 2000, "packets_max_ttl": 18000, "show_plot": false, "routing_algorithm": "RoutingAlgorithm.QL", "communication_error_type": "ChannelError.GAUSSIAN", "time_on_active_routing": "0"}, "mean_number_of_relays": 2.197719334767423, "packet_mean_delivery_time": 135.25227272727273, "packet_delivery_ratio": 0.23826714801444043, "number_of_steps": 19, "qhc_steps": {"0": 20000, "1": 20000, "2": 20000, "3": 18104.6496768, "4": 17263.03557492735, "5": 16556.485195111083, "6": 15622.109473486826, "7": 15322.716863541005, "8": 14851.077590487452, "9": 13878.598344656284, "10": 13403.488790201573, "11": 13405.92799051451, "12": 13585.445702157731, "13": 13725.743694101175, "14": 13478.08025662116, "15": 13336.966356311928, "16": 13305.43259437709, "17": 12376.914964771993, "18": 11688.84235930687}, "qspdt_steps": {"0": 0, "1": 0, "2": 0, "3": 10.388394070871835, "4": 19.21671560846434, "5": 23.89359916721538, "6": 28.544750412553107, "7": 32.32953457019636, "8": 36.1677124492281, "9": 38.34415003845271, "10": 44.9210776444529, "11": 50.94959022617123, "12": 55.77310211689251, "13": 61.50235622773386, "14": 68.4129000793232, "15": 68.56462659964174, "16": 74.55081548088647, "17": 79.00583918365224, "18": 84.91975052297107}}