{"mission_setup": {"len_simulation": 18000, "time_step_duration": 0.15, "seed": 14, "n_drones": 15, "env_width": 1500, "env_height": 1500, "drone_com_range": 200, "drone_sen_range": 0, "drone_speed": 8, "drone_max_buffer_size": 500000, "drone_max_energy": 100000, "drone_retransmission_delta": 10, "drone_communication_success": 0.9, "depot_com_range": 200, "depot_coordinates": [750, 0], "event_duration": 2000, "packets_max_ttl": 18000, "show_plot": false, "routing_algorithm": "RoutingAlgorithm.QL", "communication_error_type": "ChannelError.GAUSSIAN", "time_on_active_routing": "0"}, "mean_number_of_relays": 1.8828812316715542, "packet_mean_delivery_time": 152.6281690140845, "packet_delivery_ratio": 0.2563176895306859, "number_of_steps": 19, "qhc_steps": {"0": 11250, "1": 11250, "2": 10821.9616, "3": 10253.453440000001, "4": 9781.932194007944, "5": 9271.019903041473, "6": 9019.559523006432, "7": 8974.984574802862, "8": 8006.3227840988475, "9": 7165.808949342949, "10": 7280.421734091335, "11": 6662.839286094013, "12": 6542.966860588932, "13": 6837.343768171969, "14": 6758.122546747095, "15": 6513.6879478959345, "16": 6471.77920665365, "17": 6791.591260220032, "18": 6572.188583625097}, "qspdt_steps": {"0": 0, "1": 0, "2": 0.6200848601688655, "3": 11.237664175181967, "4": 14.5199098812891, "5": 24.213526982431283, "6": 29.70061831338224, "7": 33.940412517443946, "8": 40.99417185917837, "9": 43.447996663447796, "10": 52.30245256015723, "11": 58.48290427221605, "12": 61.689122452235964, "13": 68.07978556844625, "14": 69.46393052581163, "15": 76.96288548592585, "16": 82.5646324471368, "17": 101.14809016429832, "18": 107.22534361011215}}