{"mission_setup": {"len_simulation": 18000, "time_step_duration": 0.15, "seed": 29, "n_drones": 25, "env_width": 1500, "env_height": 1500, "drone_com_range": 200, "drone_sen_range": 0, "drone_speed": 8, "drone_max_buffer_size": 500000, "drone_max_energy": 100000, "drone_retransmission_delta": 10, "drone_communication_success": 0.9, "depot_com_range": 200, "depot_coordinates": [750, 0], "event_duration": 2000, "packets_max_ttl": 18000, "show_plot": false, "routing_algorithm": "RoutingAlgorithm.QL", "communication_error_type": "ChannelError.GAUSSIAN", "time_on_active_routing": "0"}, "mean_number_of_relays": 2.532964481150173, "packet_mean_delivery_time": 129.8975, "packet_delivery_ratio": 0.21660649819494585, "number_of_steps": 19, "qhc_steps": {"0": 31250, "1": 31250, "2": 31053.520000000004, "3": 28769.919119007754, "4": 28040.05832395044, "5": 27626.556364892665, "6": 27555.763787699103, "7": 26366.22623394852, "8": 25820.717117149732, "9": 25130.375037374204, "10": 24826.716963882966, "11": 23738.4772452023, "12": 22902.050789678102, "13": 22378.28179745997, "14": 22642.570241038615, "15": 21632.9403163655, "16": 20718.820495975036, "17": 20904.17990846936, "18": 20540.965365934706}, "qspdt_steps": {"0": 0, "1": 0, "2": 0.3262231829385918, "3": 9.639238346775553, "4": 15.63376952480888, "5": 21.578491200646763, "6": 32.920917453322936, "7": 41.415693784309056, "8": 48.330981668569954, "9": 56.9031897890965, "10": 63.15521467332214, "11": 69.57658961392879, "12": 77.23898422534153, "13": 79.50743269398131, "14": 85.81478330872217, "15": 90.7682997881267, "16": 90.32959971696334, "17": 94.43774257578575, "18": 104.45108886872498}}