{"mission_setup": {"len_simulation": 18000, "time_step_duration": 0.15, "seed": 17, "n_drones": 25, "env_width": 1500, "env_height": 1500, "drone_com_range": 200, "drone_sen_range": 0, "drone_speed": 8, "drone_max_buffer_size": 500000, "drone_max_energy": 100000, "drone_retransmission_delta": 10, "drone_communication_success": 0.9, "depot_com_range": 200, "depot_coordinates": [750, 0], "event_duration": 2000, "packets_max_ttl": 18000, "show_plot": false, "routing_algorithm": "RoutingAlgorithm.QL", "communication_error_type": "ChannelError.GAUSSIAN", "time_on_active_routing": "0"}, "mean_number_of_relays": 2.747672502969235, "packet_mean_delivery_time": 151.89166666666665, "packet_delivery_ratio": 0.3898916967509025, "number_of_steps": 19, "qhc_steps": {"0": 31250, "1": 31250, "2": 30889.52, "3": 29101.115915263992, "4": 28543.999130121978, "5": 28169.031981440865, "6": 27700.991801352102, "7": 26285.059388397738, "8": 25631.423713681488, "9": 24535.20906938636, "10": 23774.111446499148, "11": 23347.162195863777, "12": 22150.155487114553, "13": 22473.47432898605, "14": 21472.76856043855, "15": 21509.130355066853, "16": 21457.285283964873, "17": 20617.344998772372, "18": 20753.624874602872}, "qspdt_steps": {"0": 0, "1": 0, "2": 0.6454874704307715, "3": 10.368397215359927, "4": 17.069545112063246, "5": 25.010175333641463, "6": 31.114777120305206, "7": 36.25709548773592, "8": 39.5781451224931, "9": 45.24850757289244, "10": 51.71122585705082, "11": 58.57408647409982, "12": 73.20188876837136, "13": 80.2823547597514, "14": 88.7739917533302, "15": 93.89788780842058, "16": 104.48003678065629, "17": 109.50365029304496, "18": 119.00004766629387}}