{"mission_setup": {"len_simulation": 18000, "time_step_duration": 0.15, "seed": 17, "n_drones": 30, "env_width": 1500, "env_height": 1500, "drone_com_range": 200, "drone_sen_range": 0, "drone_speed": 8, "drone_max_buffer_size": 500000, "drone_max_energy": 100000, "drone_retransmission_delta": 10, "drone_communication_success": 0.9, "depot_com_range": 200, "depot_coordinates": [750, 0], "event_duration": 2000, "packets_max_ttl": 18000, "show_plot": false, "routing_algorithm": "RoutingAlgorithm.QL", "communication_error_type": "ChannelError.GAUSSIAN", "time_on_active_routing": "0"}, "mean_number_of_relays": 3.1429234518237728, "packet_mean_delivery_time": 150.88648648648646, "packet_delivery_ratio": 0.4007220216606498, "number_of_steps": 19, "qhc_steps": {"0": 45000, "1": 45000, "2": 44431.32544, "3": 42743.922275860474, "4": 42296.35541539509, "5": 41589.44632487551, "6": 41298.96478044999, "7": 40866.42098985548, "8": 40024.513446148914, "9": 39051.50440851164, "10": 37524.91534498018, "11": 36750.149011729845, "12": 35677.86607764283, "13": 34859.84579429785, "14": 33961.64160507329, "15": 32702.944880122483, "16": 32969.525101719024, "17": 31536.350926371324, "18": 31251.47351044957}, "qspdt_steps": {"0": 0, "1": 0, "2": 0.8362952339096084, "3": 6.8094033541299765, "4": 14.90219760314826, "5": 24.34864756853976, "6": 30.68828476869468, "7": 38.00786989972616, "8": 45.398154701764206, "9": 51.833604451901344, "10": 60.60482291611179, "11": 67.86872317656966, "12": 75.1147865048649, "13": 84.4438987868753, "14": 95.75390319405697, "15": 103.15880906412416, "16": 112.887985211604, "17": 117.40593730979836, "18": 124.41779113775466}}