{"mission_setup": {"len_simulation": 18000, "time_step_duration": 0.15, "seed": 6, "n_drones": 20, "env_width": 1500, "env_height": 1500, "drone_com_range": 200, "drone_sen_range": 0, "drone_speed": 8, "drone_max_buffer_size": 500000, "drone_max_energy": 100000, "drone_retransmission_delta": 10, "drone_communication_success": 0.9, "depot_com_range": 200, "depot_coordinates": [750, 0], "event_duration": 2000, "packets_max_ttl": 18000, "show_plot": false, "routing_algorithm": "RoutingAlgorithm.QL", "communication_error_type": "ChannelError.GAUSSIAN", "time_on_active_routing": "0"}, "mean_number_of_relays": 2.1937709219216504, "packet_mean_delivery_time": 112.75769230769231, "packet_delivery_ratio": 0.1407942238267148, "number_of_steps": 19, "qhc_steps": {"0": 20000, "1": 19928.8, "2": 19928.8, "3": 18580.448628735998, "4": 17492.956184764735, "5": 16879.875868541443, "6": 15877.19926979734, "7": 15913.887350075798, "8": 16206.66769320854, "9": 15899.09970484675, "10": 14646.932019317914, "11": 14107.117358133455, "12": 13880.253650240571, "13": 13693.085911669084, "14": 12520.495584349492, "15": 12172.889990938062, "16": 12563.95658442439, "17": 12139.889347513503, "18": 12351.382787800936}, "qspdt_steps": {"0": 0, "1": 0.060300000000000006, "2": 0.060300000000000006, "3": 8.930895281059716, "4": 16.100651913135096, "5": 26.888939946488083, "6": 33.38714668180794, "7": 41.66355679206469, "8": 48.95761467611878, "9": 53.666544746735525, "10": 62.272078898447674, "11": 71.6048615944105, "12": 78.63228722419362, "13": 90.19844230306839, "14": 101.28333533419588, "15": 108.56817966981116, "16": 111.17103354272189, "17": 127.75384152254348, "18": 139.9882422140633}}