{"mission_setup": {"len_simulation": 18000, "time_step_duration": 0.15, "seed": 29, "n_drones": 20, "env_width": 1500, "env_height": 1500, "drone_com_range": 200, "drone_sen_range": 0, "drone_speed": 8, "drone_max_buffer_size": 500000, "drone_max_energy": 100000, "drone_retransmission_delta": 10, "drone_communication_success": 0.9, "depot_com_range": 200, "depot_coordinates": [750, 0], "event_duration": 2000, "packets_max_ttl": 18000, "show_plot": false, "routing_algorithm": "RoutingAlgorithm.QL", "communication_error_type": "ChannelError.GAUSSIAN", "time_on_active_routing": "0"}, "mean_number_of_relays": 2.158686421537628, "packet_mean_delivery_time": 133.36132075471698, "packet_delivery_ratio": 0.19133574007220217, "number_of_steps": 19, "qhc_steps": {"0": 20000, "1": 20000, "2": 19932.64, "3": 18564.444433672303, "4": 17715.81048831607, "5": 16721.591469257524, "6": 15874.661347098361, "7": 15639.106960497498, "8": 15770.17206572961, "9": 15047.639472812547, "10": 15364.870040859001, "11": 15621.21380426749, "12": 15909.844469146461, "13": 15053.810903054346, "14": 14567.120024548745, "15": 14121.88129324004, "16": 13426.034085155456, "17": 13719.022349023951, "18": 12854.437206582395}, "qspdt_steps": {"0": 0, "1": 0, "2": 0.13483076923076923, "3": 6.3768649239000945, "4": 12.96848330966464, "5": 14.312194632486332, "6": 20.019040387146163, "7": 33.29653369374629, "8": 40.297569311993705, "9": 50.5808219455385, "10": 59.88523769457508, "11": 67.09754656964513, "12": 79.23049798088216, "13": 92.63663814737221, "14": 108.67916278731866, "15": 119.42082456754214, "16": 123.18202219947777, "17": 129.4911134209142, "18": 134.4018694871915}}