{"mission_setup": {"len_simulation": 18000, "time_step_duration": 0.15, "seed": 1, "n_drones": 5, "env_width": 1500, "env_height": 1500, "drone_com_range": 200, "drone_sen_range": 0, "drone_speed": 8, "drone_max_buffer_size": 500000, "drone_max_energy": 100000, "drone_retransmission_delta": 10, "drone_communication_success": 0.9, "depot_com_range": 200, "depot_coordinates": [750, 0], "event_duration": 2000, "packets_max_ttl": 18000, "show_plot": false, "routing_algorithm": "RoutingAlgorithm.QL", "communication_error_type": "ChannelError.GAUSSIAN", "time_on_active_routing": "0"}, "mean_number_of_relays": 1.3404035845528979, "packet_mean_delivery_time": 150.70657894736843, "packet_delivery_ratio": 0.1371841155234657, "number_of_steps": 19, "qhc_steps": {"0": 1250, "1": 1250, "2": 1250, "3": 795.3294592, "4": 598.6731632583114, "5": 767.1157412860218, "6": 580.0420372268342, "7": 565.3303469930997, "8": 569.3520998991555, "9": 642.5400188245908, "10": 517.5724563461879, "11": 559.9301415289103, "12": 537.7626194035663, "13": 509.1694187354912, "14": 472.279727191204, "15": 469.25132329072824, "16": 524.9945063758307, "17": 679.2150618200185, "18": 927.1607304127953}, "qspdt_steps": {"0": 0, "1": 0, "2": 0, "3": 4.86357749078086, "4": 6.482933393207022, "5": 7.412666294241788, "6": 7.339008448318519, "7": 8.901163899374321, "8": 8.896406042069618, "9": 8.645476759192587, "10": 9.047249546128063, "11": 10.304532052432247, "12": 9.929810504224852, "13": 10.632626766522646, "14": 10.795782796256637, "15": 10.919310603378724, "16": 12.207637458773114, "17": 12.085966267657755, "18": 12.116328147186284}}