{"mission_setup": {"len_simulation": 18000, "time_step_duration": 0.15, "seed": 7, "n_drones": 25, "env_width": 1500, "env_height": 1500, "drone_com_range": 200, "drone_sen_range": 0, "drone_speed": 8, "drone_max_buffer_size": 500000, "drone_max_energy": 100000, "drone_retransmission_delta": 10, "drone_communication_success": 0.9, "depot_com_range": 200, "depot_coordinates": [750, 0], "event_duration": 2000, "packets_max_ttl": 18000, "show_plot": false, "routing_algorithm": "RoutingAlgorithm.QL", "communication_error_type": "ChannelError.GAUSSIAN", "time_on_active_routing": "0"}, "mean_number_of_relays": 2.705996402158705, "packet_mean_delivery_time": 146.542, "packet_delivery_ratio": 0.27075812274368233, "number_of_steps": 19, "qhc_steps": {"0": 31250, "1": 31133.84, "2": 30903.951999999997, "3": 29513.16500384154, "4": 29174.073520018996, "5": 27888.592657257286, "6": 26615.482892669763, "7": 26119.894588503055, "8": 24935.644164291876, "9": 25552.93798042067, "10": 24998.15070286378, "11": 23830.03049931496, "12": 22961.622849477237, "13": 22176.368628466564, "14": 21922.937675757323, "15": 21974.952361246214, "16": 21422.227847631984, "17": 21336.777646432864, "18": 20907.392329001974}, "qspdt_steps": {"0": 0, "1": 0.04872833333333333, "2": 0.3452615476984889, "3": 7.659213154198475, "4": 14.181605500538401, "5": 19.81756389605387, "6": 24.88756215736799, "7": 28.901559917110767, "8": 30.665768878697747, "9": 35.687033949778915, "10": 39.92059543739027, "11": 41.30126167823338, "12": 42.20647679188744, "13": 45.06401284138961, "14": 50.190834830802224, "15": 51.91723845422858, "16": 56.40470125991852, "17": 59.77104563012627, "18": 63.75397336067234}}