{"mission_setup": {"len_simulation": 18000, "time_step_duration": 0.15, "seed": 1, "n_drones": 15, "env_width": 1500, "env_height": 1500, "drone_com_range": 200, "drone_sen_range": 0, "drone_speed": 8, "drone_max_buffer_size": 500000, "drone_max_energy": 100000, "drone_retransmission_delta": 10, "drone_communication_success": 0.9, "depot_com_range": 200, "depot_coordinates": [750, 0], "event_duration": 2000, "packets_max_ttl": 18000, "show_plot": false, "routing_algorithm": "RoutingAlgorithm.QL", "communication_error_type": "ChannelError.GAUSSIAN", "time_on_active_routing": "0"}, "mean_number_of_relays": 1.910712372790573, "packet_mean_delivery_time": 117.33999999999999, "packet_delivery_ratio": 0.21660649819494585, "number_of_steps": 19, "qhc_steps": {"0": 11250, "1": 11250, "2": 11250, "3": 9803.767614463999, "4": 9258.840160552665, "5": 9202.846196078024, "6": 8607.571338172493, "7": 7881.371204707583, "8": 7907.966846423694, "9": 7573.826828378869, "10": 7081.925371430992, "11": 7130.77027525873, "12": 7336.812008704653, "13": 7361.353643262616, "14": 7247.5486187191245, "15": 6913.582537495456, "16": 6527.93932728984, "17": 6745.46511580549, "18": 7019.4752096589655}, "qspdt_steps": {"0": 0, "1": 0, "2": 0, "3": 12.268536037247602, "4": 16.78272413152428, "5": 18.934816855446556, "6": 23.998121938640185, "7": 24.553356890397126, "8": 33.01140635805038, "9": 39.40921026517254, "10": 45.237707507452264, "11": 54.53241397075011, "12": 58.89084873879044, "13": 66.46015436940156, "14": 73.28661446323225, "15": 81.38324577288931, "16": 91.03287089186354, "17": 97.99737513780691, "18": 105.17465110747304}}