{"mission_setup": {"len_simulation": 18000, "time_step_duration": 0.15, "seed": 26, "n_drones": 30, "env_width": 1500, "env_height": 1500, "drone_com_range": 200, "drone_sen_range": 0, "drone_speed": 8, "drone_max_buffer_size": 500000, "drone_max_energy": 100000, "drone_retransmission_delta": 10, "drone_communication_success": 0.9, "depot_com_range": 200, "depot_coordinates": [750, 0], "event_duration": 2000, "packets_max_ttl": 18000, "show_plot": false, "routing_algorithm": "RoutingAlgorithm.QL", "communication_error_type": "ChannelError.GAUSSIAN", "time_on_active_routing": "0"}, "mean_number_of_relays": 3.08359770920028, "packet_mean_delivery_time": 131.21041666666665, "packet_delivery_ratio": 0.259927797833935, "number_of_steps": 19, "qhc_steps": {"0": 45000, "1": 45000, "2": 44358.34880000001, "3": 42789.69319178241, "4": 42730.863933453125, "5": 41716.16917437328, "6": 40426.11494037442, "7": 41029.537628932594, "8": 41826.79373633856, "9": 40440.84390958497, "10": 38499.03077992029, "11": 37216.81217544684, "12": 36391.08526324291, "13": 35550.93859306136, "14": 34888.905030395064, "15": 34354.841326992115, "16": 32253.901907025025, "17": 31437.29679849661, "18": 30764.001337702484}, "qspdt_steps": {"0": 0, "1": 0, "2": 0.3345789956405659, "3": 7.313647865854393, "4": 11.14970362412581, "5": 17.029312946378496, "6": 22.51796554549671, "7": 29.03430440334029, "8": 39.33297540976616, "9": 46.566829687484734, "10": 54.021823575225845, "11": 60.012455514551796, "12": 68.83090173768271, "13": 79.26935030297898, "14": 84.34428723165698, "15": 89.1317476083475, "16": 100.94734626215492, "17": 104.59061414154024, "18": 114.78349206651963}}