{"mission_setup": {"len_simulation": 18000, "time_step_duration": 0.15, "seed": 1, "n_drones": 25, "env_width": 1500, "env_height": 1500, "drone_com_range": 200, "drone_sen_range": 0, "drone_speed": 8, "drone_max_buffer_size": 500000, "drone_max_energy": 100000, "drone_retransmission_delta": 10, "drone_communication_success": 0.9, "depot_com_range": 200, "depot_coordinates": [750, 0], "event_duration": 2000, "packets_max_ttl": 18000, "show_plot": false, "routing_algorithm": "RoutingAlgorithm.QL", "communication_error_type": "ChannelError.GAUSSIAN", "time_on_active_routing": "0"}, "mean_number_of_relays": 2.678849128159495, "packet_mean_delivery_time": 140.03716216216216, "packet_delivery_ratio": 0.26714801444043323, "number_of_steps": 18, "qhc_steps": {"0": 31250, "1": 31250, "2": 31250, "3": 29670.682479615996, "4": 27748.71863823174, "5": 27535.776302986258, "6": 27054.52980679398, "7": 26351.8777476863, "8": 25859.60937427978, "9": 25078.00644413158, "10": 24057.17439974054, "11": 23547.733724463455, "12": 23875.258776202172, "13": 23900.78220536715, "14": 24224.694944268, "15": 23965.46935162469, "16": 23149.211016489975, "17": 22728.091938809863, "18": 22226.10541363834}, "qspdt_steps": {"0": 0, "1": 0, "2": 0, "3": 63.35079885275983, "4": 157.39196188406822, "5": 191.85815498132834, "6": 224.08153824256675, "7": 252.1580831241182, "8": 280.6472767343832, "9": 346.3066383324297, "10": 409.65161084760564, "11": 473.1155428378429, "12": 490.2799701068175, "13": 509.4267744159589, "14": 532.2415344536778, "15": 548.2439001146656, "16": 588.2980911379287, "17": 607.0924492482479, "18": 619.1064022032535}}