{"mission_setup": {"len_simulation": 18000, "time_step_duration": 0.15, "seed": 14, "n_drones": 30, "env_width": 1500, "env_height": 1500, "drone_com_range": 200, "drone_sen_range": 0, "drone_speed": 8, "drone_max_buffer_size": 500000, "drone_max_energy": 100000, "drone_retransmission_delta": 10, "drone_communication_success": 0.9, "depot_com_range": 200, "depot_coordinates": [750, 0], "event_duration": 2000, "packets_max_ttl": 18000, "show_plot": false, "routing_algorithm": "RoutingAlgorithm.QL", "communication_error_type": "ChannelError.GAUSSIAN", "time_on_active_routing": "0"}, "mean_number_of_relays": 3.167163861069678, "packet_mean_delivery_time": 125.02499999999999, "packet_delivery_ratio": 0.18772563176895307, "number_of_steps": 19, "qhc_steps": {"0": 45000, "1": 44920.64, "2": 44859.04, "3": 43020.64665600002, "4": 41873.55733099165, "5": 40747.548128651346, "6": 40549.81518016728, "7": 38919.952329075626, "8": 38244.816494181265, "9": 37563.13851037126, "10": 37411.848645503225, "11": 36620.93047007512, "12": 36139.74734305263, "13": 35682.561989809496, "14": 35415.47599821884, "15": 35102.81290166466, "16": 34245.781282503085, "17": 33587.63223867036, "18": 32787.29780261334}, "qspdt_steps": {"0": 0, "1": 0.2682, "2": 0.4542266666666667, "3": 9.745348536385997, "4": 14.260772346553452, "5": 19.89668915084295, "6": 28.36874060527407, "7": 32.496642809220674, "8": 38.61122028854091, "9": 48.93336047660277, "10": 59.37887524125583, "11": 67.32637705025223, "12": 75.4557962532906, "13": 80.4112226873341, "14": 86.40067908008287, "15": 93.75032714936997, "16": 96.82247213870778, "17": 107.47290169666609, "18": 118.11433407897727}}