{"mission_setup": {"len_simulation": 18000, "time_step_duration": 0.15, "seed": 4, "n_drones": 10, "env_width": 1500, "env_height": 1500, "drone_com_range": 200, "drone_sen_range": 0, "drone_speed": 8, "drone_max_buffer_size": 500000, "drone_max_energy": 100000, "drone_retransmission_delta": 10, "drone_communication_success": 0.9, "depot_com_range": 200, "depot_coordinates": [750, 0], "event_duration": 2000, "packets_max_ttl": 18000, "show_plot": false, "routing_algorithm": "RoutingAlgorithm.QL", "communication_error_type": "ChannelError.GAUSSIAN", "time_on_active_routing": "0"}, "mean_number_of_relays": 1.3981474781098489, "packet_mean_delivery_time": 150.825, "packet_delivery_ratio": 0.18772563176895307, "number_of_steps": 19, "qhc_steps": {"0": 5000, "1": 5000, "2": 4923.392, "3": 4113.817014942992, "4": 3881.6521398804903, "5": 3948.7041082627284, "6": 3617.4888519695232, "7": 3666.4562861054483, "8": 3405.059015529206, "9": 3340.848318720265, "10": 3349.328153370492, "11": 3067.68623290942, "12": 2781.3630679755915, "13": 2576.21513903587, "14": 2748.047823045436, "15": 2787.496110079044, "16": 2269.596574962782, "17": 2141.598089599653, "18": 2184.6919539784385}, "qspdt_steps": {"0": 0, "1": 0, "2": 0.1915714285714286, "3": 4.327682008438723, "4": 5.800719465694539, "5": 11.0684202198136, "6": 16.71110452684457, "7": 19.76337612294357, "8": 22.301492098263438, "9": 23.730050150729312, "10": 29.607476862599533, "11": 32.838359851983924, "12": 38.28841132428279, "13": 42.352497117454284, "14": 46.260864774766304, "15": 44.99557532946527, "16": 51.895134860178615, "17": 58.5125406888805, "18": 61.07727458005567}}