{"mission_setup": {"len_simulation": 18000, "time_step_duration": 0.15, "seed": 21, "n_drones": 20, "env_width": 1500, "env_height": 1500, "drone_com_range": 200, "drone_sen_range": 0, "drone_speed": 8, "drone_max_buffer_size": 500000, "drone_max_energy": 100000, "drone_retransmission_delta": 10, "drone_communication_success": 0.9, "depot_com_range": 200, "depot_coordinates": [750, 0], "event_duration": 2000, "packets_max_ttl": 18000, "show_plot": false, "routing_algorithm": "RoutingAlgorithm.QL", "communication_error_type": "ChannelError.GAUSSIAN", "time_on_active_routing": "0"}, "mean_number_of_relays": 2.202436866108502, "packet_mean_delivery_time": 129.42857142857142, "packet_delivery_ratio": 0.17689530685920576, "number_of_steps": 19, "qhc_steps": {"0": 20000, "1": 20000, "2": 19857.6, "3": 17964.365008895995, "4": 17172.36454663127, "5": 16502.874994369195, "6": 16561.869024444935, "7": 16441.00524399915, "8": 16414.59025114501, "9": 15055.693383163174, "10": 14794.31212840743, "11": 14053.49757040213, "12": 13709.265990938024, "13": 13199.828281050213, "14": 12880.069875369256, "15": 12246.32307448097, "16": 12072.671414533575, "17": 11917.925736723875, "18": 11301.497942043743}, "qspdt_steps": {"0": 0, "1": 0, "2": 0.3334838362895898, "3": 7.860552184289383, "4": 17.606932887376797, "5": 22.952369584684824, "6": 43.62913797820911, "7": 50.32988363822856, "8": 57.25370303217189, "9": 62.242012002017226, "10": 67.40027865145497, "11": 71.81581914091225, "12": 77.00877867890037, "13": 80.80421909869332, "14": 87.73340702230233, "15": 92.27158176895865, "16": 102.70931034250773, "17": 111.49511776035116, "18": 124.73057077132526}}