{"mission_setup": {"len_simulation": 18000, "time_step_duration": 0.15, "seed": 3, "n_drones": 10, "env_width": 1500, "env_height": 1500, "drone_com_range": 200, "drone_sen_range": 0, "drone_speed": 8, "drone_max_buffer_size": 500000, "drone_max_energy": 100000, "drone_retransmission_delta": 10, "drone_communication_success": 0.9, "depot_com_range": 200, "depot_coordinates": [750, 0], "event_duration": 2000, "packets_max_ttl": 18000, "show_plot": false, "routing_algorithm": "RoutingAlgorithm.QL", "communication_error_type": "ChannelError.GAUSSIAN", "time_on_active_routing": "0"}, "mean_number_of_relays": 1.5430531185197, "packet_mean_delivery_time": 145.37, "packet_delivery_ratio": 0.27075812274368233, "number_of_steps": 18, "qhc_steps": {"0": 5000, "1": 5000, "2": 4712.246083584, "3": 3995.7327585280004, "4": 3717.2328185856004, "5": 3426.5819321721187, "6": 3293.978577777004, "7": 3342.95678504872, "8": 2568.38246390689, "9": 2403.6063687127476, "10": 2403.9439858996384, "11": 2689.5641748924904, "12": 3207.064537614062, "13": 3039.332337152871, "14": 3277.298955113487, "15": 3374.535224176291, "16": 3034.881434314312, "17": 2660.2565441439633, "18": 2725.380076168042}, "qspdt_steps": {"0": 0, "1": 0, "2": 3.034503109153826, "3": 16.68572435382539, "4": 23.515665029152046, "5": 36.386106099553714, "6": 37.90023961027099, "7": 47.346011438355845, "8": 64.29132608819249, "9": 69.12362531296031, "10": 69.59436745664846, "11": 66.80023647386997, "12": 71.33123340024756, "13": 72.5923782980171, "14": 82.68413595502966, "15": 72.86303955689615, "16": 69.51691493290768, "17": 67.25756180977639, "18": 68.73964336505952}}