{"mission_setup": {"len_simulation": 18000, "time_step_duration": 0.15, "seed": 7, "n_drones": 20, "env_width": 1500, "env_height": 1500, "drone_com_range": 200, "drone_sen_range": 0, "drone_speed": 8, "drone_max_buffer_size": 500000, "drone_max_energy": 100000, "drone_retransmission_delta": 10, "drone_communication_success": 0.9, "depot_com_range": 200, "depot_coordinates": [750, 0], "event_duration": 2000, "packets_max_ttl": 18000, "show_plot": false, "routing_algorithm": "RoutingAlgorithm.QL", "communication_error_type": "ChannelError.GAUSSIAN", "time_on_active_routing": "0"}, "mean_number_of_relays": 2.2360554919908466, "packet_mean_delivery_time": 134.8945945945946, "packet_delivery_ratio": 0.4007220216606498, "number_of_steps": 19, "qhc_steps": {"0": 20000, "1": 19801.92, "2": 19412.749015039994, "3": 18442.87715532799, "4": 17728.08544117559, "5": 17062.801292245436, "6": 16218.763166631315, "7": 15710.813879932226, "8": 14967.767927733983, "9": 14796.170741354461, "10": 14659.38158051585, "11": 13979.509493798909, "12": 13430.070583571243, "13": 13425.222773833242, "14": 12726.303575881471, "15": 12257.995794920862, "16": 12080.228147832962, "17": 12404.462742297332, "18": 12023.173956731067}, "qspdt_steps": {"0": 0, "1": 0.2725954578754579, "2": 0.9598922684163494, "3": 9.74266722890307, "4": 15.31517739340141, "5": 20.844785932766293, "6": 27.390434814285687, "7": 35.41232661853092, "8": 44.628317810237185, "9": 50.58148807772365, "10": 56.77941393502434, "11": 56.763611842984446, "12": 62.47893423281304, "13": 67.31145674354632, "14": 74.2978988476353, "15": 83.89136255840891, "16": 91.65646968425578, "17": 97.39062566778989, "18": 102.46921256741543}}