{"mission_setup": {"len_simulation": 18000, "time_step_duration": 0.15, "seed": 28, "n_drones": 25, "env_width": 1500, "env_height": 1500, "drone_com_range": 200, "drone_sen_range": 0, "drone_speed": 8, "drone_max_buffer_size": 500000, "drone_max_energy": 100000, "drone_retransmission_delta": 10, "drone_communication_success": 0.9, "depot_com_range": 200, "depot_coordinates": [750, 0], "event_duration": 2000, "packets_max_ttl": 18000, "show_plot": false, "routing_algorithm": "RoutingAlgorithm.QL", "communication_error_type": "ChannelError.GAUSSIAN", "time_on_active_routing": "0"}, "mean_number_of_relays": 2.686071611367025, "packet_mean_delivery_time": 138.84740259740258, "packet_delivery_ratio": 0.2779783393501805, "number_of_steps": 19, "qhc_steps": {"0": 31250, "1": 31131.92, "2": 31131.92, "3": 29658.949742534656, "4": 29074.975937159157, "5": 28087.380539327183, "6": 27527.07053926029, "7": 26813.339020264626, "8": 26313.53731349345, "9": 25387.61061430099, "10": 24140.18498028401, "11": 23811.611328743096, "12": 23455.963676313866, "13": 22856.7450128923, "14": 22792.28776360159, "15": 22588.620878928337, "16": 22546.590877992447, "17": 21912.778794594644, "18": 21274.059628775864}, "qspdt_steps": {"0": 0, "1": 0.06555938697318008, "2": 0.06555938697318008, "3": 6.906665036352681, "4": 13.250787515400663, "5": 21.107235249336668, "6": 31.133767522526732, "7": 34.59891723405095, "8": 41.39911665051511, "9": 41.98149586999955, "10": 45.359357703282335, "11": 51.94918600234462, "12": 52.42979446342177, "13": 61.8774063604104, "14": 67.09052762127206, "15": 76.29974296926873, "16": 82.52121970882952, "17": 85.67865663346188, "18": 93.96203484142556}}