{"mission_setup": {"len_simulation": 18000, "time_step_duration": 0.15, "seed": 15, "n_drones": 5, "env_width": 1500, "env_height": 1500, "drone_com_range": 200, "drone_sen_range": 0, "drone_speed": 8, "drone_max_buffer_size": 500000, "drone_max_energy": 100000, "drone_retransmission_delta": 10, "drone_communication_success": 0.9, "depot_com_range": 200, "depot_coordinates": [750, 0], "event_duration": 2000, "packets_max_ttl": 18000, "show_plot": false, "routing_algorithm": "RoutingAlgorithm.QL", "communication_error_type": "ChannelError.GAUSSIAN", "time_on_active_routing": "0"}, "mean_number_of_relays": 1.190677240828436, "packet_mean_delivery_time": 141.4141304347826, "packet_delivery_ratio": 0.16606498194945848, "number_of_steps": 19, "qhc_steps": {"0": 1250, "1": 1250, "2": 1250, "3": 1045.002273066228, "4": 1003.6908646072905, "5": 951.730338703531, "6": 811.1090511893636, "7": 508.63535181725064, "8": 434.7638230632366, "9": 452.7871679275148, "10": 493.7778625009127, "11": 456.68226561059055, "12": 393.1273389082821, "13": 472.413105605102, "14": 359.3626620494155, "15": 435.2913936011891, "16": 404.6269047577321, "17": 490.70262585805153, "18": 507.94628776814136}, "qspdt_steps": {"0": 0, "1": 0, "2": 0, "3": 3.2659811887706343, "4": 5.663431226257898, "5": 7.643410420121738, "6": 10.500797586656027, "7": 10.988481555813673, "8": 10.653701736127369, "9": 10.394958905654526, "10": 12.230565456102903, "11": 12.103233736377517, "12": 11.311626399055974, "13": 10.19683251704248, "14": 9.929460052547237, "15": 10.32163071398128, "16": 10.558459064853944, "17": 11.10729718465288, "18": 12.078494263936514}}