{"mission_setup": {"len_simulation": 18000, "time_step_duration": 0.15, "seed": 4, "n_drones": 30, "env_width": 1500, "env_height": 1500, "drone_com_range": 200, "drone_sen_range": 0, "drone_speed": 8, "drone_max_buffer_size": 500000, "drone_max_energy": 100000, "drone_retransmission_delta": 10, "drone_communication_success": 0.9, "depot_com_range": 200, "depot_coordinates": [750, 0], "event_duration": 2000, "packets_max_ttl": 18000, "show_plot": false, "routing_algorithm": "RoutingAlgorithm.QL", "communication_error_type": "ChannelError.GAUSSIAN", "time_on_active_routing": "0"}, "mean_number_of_relays": 3.059176499111039, "packet_mean_delivery_time": 137.37916666666666, "packet_delivery_ratio": 0.259927797833935, "number_of_steps": 18, "qhc_steps": {"0": 45000, "1": 45000, "2": 44922.4, "3": 42605.347483648, "4": 41094.55935518413, "5": 39998.52108950343, "6": 38875.19648804087, "7": 38025.128749373915, "8": 37771.87111924328, "9": 37469.60075286341, "10": 36464.35580260786, "11": 35793.90761350026, "12": 35106.932742701814, "13": 34069.23046144587, "14": 33350.59172407711, "15": 32332.49120058674, "16": 31796.973748436696, "17": 31995.78762904148, "18": 31935.416739819684}, "qspdt_steps": {"0": 0, "1": 0, "2": 0.009600000000000001, "3": 112.93975075715315, "4": 150.2523968534292, "5": 175.80465690845577, "6": 223.88636091228315, "7": 314.5205255869563, "8": 346.7825682866043, "9": 415.28682292423537, "10": 496.2691093649721, "11": 575.2604901288878, "12": 632.929966546516, "13": 708.2639576395985, "14": 756.6526042161948, "15": 815.6885076875338, "16": 863.5736648383842, "17": 910.1050884620349, "18": 930.5609411707705}}