{"mission_setup": {"len_simulation": 18000, "time_step_duration": 0.15, "seed": 11, "n_drones": 30, "env_width": 1500, "env_height": 1500, "drone_com_range": 200, "drone_sen_range": 0, "drone_speed": 8, "drone_max_buffer_size": 500000, "drone_max_energy": 100000, "drone_retransmission_delta": 10, "drone_communication_success": 0.9, "depot_com_range": 200, "depot_coordinates": [750, 0], "event_duration": 2000, "packets_max_ttl": 18000, "show_plot": false, "routing_algorithm": "RoutingAlgorithm.QL", "communication_error_type": "ChannelError.GAUSSIAN", "time_on_active_routing": "0"}, "mean_number_of_relays": 2.984183888654576, "packet_mean_delivery_time": 130.95194805194805, "packet_delivery_ratio": 0.2779783393501805, "number_of_steps": 19, "qhc_steps": {"0": 45000, "1": 44826.4, "2": 44668.64, "3": 42995.24407295999, "4": 41063.15052523108, "5": 40084.26378065166, "6": 39589.24357997838, "7": 38535.21030582528, "8": 37751.69174991547, "9": 37311.44935912465, "10": 37633.77573969284, "11": 37111.65392043499, "12": 36695.15661744486, "13": 34894.55676179358, "14": 33907.22234833624, "15": 34324.82952962678, "16": 33509.44550233412, "17": 33250.900440496785, "18": 32648.70311489883}, "qspdt_steps": {"0": 0, "1": 0.3161409090909091, "2": 0.41928420779220776, "3": 10.680453678612244, "4": 16.9199758038, "5": 18.352902319760723, "6": 23.80445323950567, "7": 34.72089658849287, "8": 41.80817837345022, "9": 46.6077560729343, "10": 51.18327253092486, "11": 59.03927281882922, "12": 60.89054288965406, "13": 69.35052769352755, "14": 72.26891219657837, "15": 79.25270152994334, "16": 84.5513904203934, "17": 86.9468809843154, "18": 93.56796201830525}}