{"mission_setup": {"len_simulation": 18000, "time_step_duration": 0.15, "seed": 24, "n_drones": 5, "env_width": 1500, "env_height": 1500, "drone_com_range": 200, "drone_sen_range": 0, "drone_speed": 8, "drone_max_buffer_size": 500000, "drone_max_energy": 100000, "drone_retransmission_delta": 10, "drone_communication_success": 0.9, "depot_com_range": 200, "depot_coordinates": [750, 0], "event_duration": 2000, "packets_max_ttl": 18000, "show_plot": false, "routing_algorithm": "RoutingAlgorithm.QL", "communication_error_type": "ChannelError.GAUSSIAN", "time_on_active_routing": "0"}, "mean_number_of_relays": 1.1644993960065373, "packet_mean_delivery_time": 102.97758620689655, "packet_delivery_ratio": 0.20938628158844766, "number_of_steps": 19, "qhc_steps": {"0": 1250, "1": 1122.9987584, "2": 1122.9987584, "3": 1109.5301707776, "4": 982.6717582024377, "5": 720.0619445751502, "6": 633.050155585194, "7": 749.1403553353233, "8": 798.1706533504732, "9": 836.1162441705867, "10": 624.3195992732332, "11": 573.7690195520139, "12": 609.5438028419957, "13": 670.8557463328966, "14": 571.3515251646938, "15": 634.2976029446731, "16": 434.07937639458527, "17": 458.5308275997521, "18": 498.16988619939355}, "qspdt_steps": {"0": 0, "1": 0.432674565747579, "2": 0.432674565747579, "3": 3.5109355940851934, "4": 3.770516791222111, "5": 4.470968936541675, "6": 7.267123376653862, "7": 9.602501065741126, "8": 9.4731946932119, "9": 11.768363106791272, "10": 12.361019655397829, "11": 12.964311601760064, "12": 13.12057694870296, "13": 12.762776859984585, "14": 12.201637746104868, "15": 12.50443420686191, "16": 12.45715378179807, "17": 12.804196922996931, "18": 13.072615165617721}}