{"mission_setup": {"len_simulation": 18000, "time_step_duration": 0.15, "seed": 29, "n_drones": 5, "env_width": 1500, "env_height": 1500, "drone_com_range": 200, "drone_sen_range": 0, "drone_speed": 8, "drone_max_buffer_size": 500000, "drone_max_energy": 100000, "drone_retransmission_delta": 10, "drone_communication_success": 0.9, "depot_com_range": 200, "depot_coordinates": [750, 0], "event_duration": 2000, "packets_max_ttl": 18000, "show_plot": false, "routing_algorithm": "RoutingAlgorithm.QL", "communication_error_type": "ChannelError.GAUSSIAN", "time_on_active_routing": "0"}, "mean_number_of_relays": 1.2528981283595622, "packet_mean_delivery_time": 157.68311688311687, "packet_delivery_ratio": 0.2779783393501805, "number_of_steps": 19, "qhc_steps": {"0": 1250, "1": 1250, "2": 1250, "3": 786.9185628177195, "4": 823.7767904068395, "5": 874.5127712355344, "6": 734.935850895067, "7": 858.3296342169431, "8": 759.6812172745376, "9": 812.3621798484384, "10": 722.6685819688679, "11": 1038.2600265349965, "12": 1008.2193810724553, "13": 773.0489117911278, "14": 674.0120492403959, "15": 645.0882849524922, "16": 658.4078276089341, "17": 535.4090535462727, "18": 589.5637771828369}, "qspdt_steps": {"0": 0, "1": 0, "2": 0, "3": 4.893148027149119, "4": 5.863341035629145, "5": 6.1810812686947445, "6": 7.694558888010354, "7": 8.257949289882655, "8": 8.27635657125178, "9": 8.704845324559976, "10": 8.431226984137492, "11": 8.56307326379801, "12": 9.294052217400145, "13": 9.352169467570556, "14": 10.120487022088033, "15": 9.676810548299356, "16": 9.904786482968726, "17": 10.986900796914098, "18": 10.996544863178778}}