{"mission_setup": {"len_simulation": 18000, "time_step_duration": 0.15, "seed": 0, "n_drones": 25, "env_width": 1500, "env_height": 1500, "drone_com_range": 200, "drone_sen_range": 0, "drone_speed": 8, "drone_max_buffer_size": 500000, "drone_max_energy": 100000, "drone_retransmission_delta": 10, "drone_communication_success": 0.9, "depot_com_range": 200, "depot_coordinates": [750, 0], "event_duration": 2000, "packets_max_ttl": 18000, "show_plot": false, "routing_algorithm": "RoutingAlgorithm.QL", "communication_error_type": "ChannelError.GAUSSIAN", "time_on_active_routing": "0"}, "mean_number_of_relays": 2.7906739794922935, "packet_mean_delivery_time": 118.48124999999999, "packet_delivery_ratio": 0.23104693140794225, "number_of_steps": 19, "qhc_steps": {"0": 31250, "1": 31250, "2": 31185.84, "3": 29399.363384320008, "4": 28174.80897354513, "5": 26879.049819888434, "6": 26195.55061385175, "7": 25281.923485992626, "8": 25428.983673785282, "9": 24813.923532368222, "10": 24516.67401826894, "11": 23999.918235688212, "12": 22868.031210881887, "13": 22275.053148487525, "14": 21866.29049288974, "15": 21007.779473988405, "16": 20100.656682208115, "17": 19773.725261016116, "18": 19861.902791427834}, "qspdt_steps": {"0": 0, "1": 0, "2": 0.12276000000000002, "3": 107.95368842668537, "4": 154.74957174704534, "5": 197.48761310321157, "6": 227.88374066076557, "7": 278.372753304445, "8": 310.946798219765, "9": 355.5370630608168, "10": 379.304302305839, "11": 395.70974099616757, "12": 423.41173704886523, "13": 441.84222229489444, "14": 436.7072337815309, "15": 474.3492856884257, "16": 496.16500650817466, "17": 561.8054232436702, "18": 587.3736295706528}}