{"mission_setup": {"len_simulation": 18000, "time_step_duration": 0.15, "seed": 10, "n_drones": 15, "env_width": 1500, "env_height": 1500, "drone_com_range": 200, "drone_sen_range": 0, "drone_speed": 8, "drone_max_buffer_size": 500000, "drone_max_energy": 100000, "drone_retransmission_delta": 10, "drone_communication_success": 0.9, "depot_com_range": 200, "depot_coordinates": [750, 0], "event_duration": 2000, "packets_max_ttl": 18000, "show_plot": false, "routing_algorithm": "RoutingAlgorithm.QL", "communication_error_type": "ChannelError.GAUSSIAN", "time_on_active_routing": "0"}, "mean_number_of_relays": 1.9716740535320771, "packet_mean_delivery_time": 89.57857142857142, "packet_delivery_ratio": 0.15162454873646208, "number_of_steps": 19, "qhc_steps": {"0": 11250, "1": 11250, "2": 11155.6, "3": 10125.846422527999, "4": 9497.1518793728, "5": 8952.324550959494, "6": 8333.185564071302, "7": 8450.556308600857, "8": 8078.104410644654, "9": 7753.61318745585, "10": 7704.3121238216345, "11": 6932.809999862809, "12": 6824.809444597173, "13": 6359.459693192168, "14": 6411.654860568, "15": 5987.18380087906, "16": 5861.106819237707, "17": 6039.785282055486, "18": 5455.5370857020625}, "qspdt_steps": {"0": 0, "1": 0, "2": 0.21427962962962965, "3": 7.622535740199448, "4": 12.198367410086886, "5": 15.176956664664658, "6": 19.290798620815156, "7": 27.33847525325183, "8": 35.12747209578744, "9": 42.57668839831216, "10": 49.57610085199495, "11": 62.730450836785764, "12": 67.07104150514263, "13": 68.64413173023112, "14": 74.14563370978412, "15": 81.18289344934193, "16": 91.18334137103287, "17": 95.0920383770501, "18": 95.80832422075721}}