{"mission_setup": {"len_simulation": 18000, "time_step_duration": 0.15, "seed": 19, "n_drones": 5, "env_width": 1500, "env_height": 1500, "drone_com_range": 200, "drone_sen_range": 0, "drone_speed": 8, "drone_max_buffer_size": 500000, "drone_max_energy": 100000, "drone_retransmission_delta": 10, "drone_communication_success": 0.9, "depot_com_range": 200, "depot_coordinates": [750, 0], "event_duration": 2000, "packets_max_ttl": 18000, "show_plot": false, "routing_algorithm": "RoutingAlgorithm.QL", "communication_error_type": "ChannelError.GAUSSIAN", "time_on_active_routing": "0"}, "mean_number_of_relays": 1.1941290501246191, "packet_mean_delivery_time": 148.29642857142855, "packet_delivery_ratio": 0.05054151624548736, "number_of_steps": 19, "qhc_steps": {"0": 1250, "1": 1250, "2": 1126.9535999999998, "3": 862.7379456, "4": 756.4894073667584, "5": 653.5320672967091, "6": 538.8008643635732, "7": 531.1581704557136, "8": 486.8719282010018, "9": 533.8050289943387, "10": 402.52045181462734, "11": 463.9179071810965, "12": 564.1459146396993, "13": 722.0545517861726, "14": 583.6285978725863, "15": 450.11432177487677, "16": 419.1302789763944, "17": 534.0573459476321, "18": 476.81107952589934}, "qspdt_steps": {"0": 0, "1": 0, "2": 0.18525573241415794, "3": 4.655700209746946, "4": 5.651412819964271, "5": 5.0497025419595225, "6": 7.801930352778343, "7": 9.09069446340367, "8": 8.784414199965324, "9": 10.669999478745776, "10": 11.29678588476134, "11": 11.923772391238538, "12": 12.870449311944867, "13": 13.7908829629967, "14": 13.260129363507549, "15": 14.06918027331471, "16": 11.541573597615209, "17": 10.221301917941153, "18": 10.870036292254298}}