{"mission_setup": {"len_simulation": 18000, "time_step_duration": 0.15, "seed": 3, "n_drones": 15, "env_width": 1500, "env_height": 1500, "drone_com_range": 200, "drone_sen_range": 0, "drone_speed": 8, "drone_max_buffer_size": 500000, "drone_max_energy": 100000, "drone_retransmission_delta": 10, "drone_communication_success": 0.9, "depot_com_range": 200, "depot_coordinates": [750, 0], "event_duration": 2000, "packets_max_ttl": 18000, "show_plot": false, "routing_algorithm": "RoutingAlgorithm.QL", "communication_error_type": "ChannelError.GAUSSIAN", "time_on_active_routing": "0"}, "mean_number_of_relays": 1.8867787764569441, "packet_mean_delivery_time": 121.13674698795181, "packet_delivery_ratio": 0.2996389891696751, "number_of_steps": 18, "qhc_steps": {"0": 11250, "1": 11250, "2": 11078.4224, "3": 9765.650473426944, "4": 9313.801212391261, "5": 8368.899342905182, "6": 8543.965436846847, "7": 8234.81257018325, "8": 7922.703009661161, "9": 7746.2815801150755, "10": 7460.55655947218, "11": 7553.639135546719, "12": 7391.16199755845, "13": 6851.393462459073, "14": 6533.34263773894, "15": 6151.126650951074, "16": 5769.774749375425, "17": 5838.921373810621, "18": 5844.404802957465}, "qspdt_steps": {"0": 0, "1": 0, "2": 0.16248341031941035, "3": 37.35201741906756, "4": 51.68408206601349, "5": 78.68001692526296, "6": 86.94334909148479, "7": 104.95006445675712, "8": 117.12338920880072, "9": 117.16207971686147, "10": 131.77561604166397, "11": 146.17625135777251, "12": 158.71254657365103, "13": 165.36223203841692, "14": 173.43017980847964, "15": 175.618962328053, "16": 191.63227399906322, "17": 193.15495554512518, "18": 191.13239349606658}}