{"mission_setup": {"len_simulation": 18000, "time_step_duration": 0.15, "seed": 3, "n_drones": 15, "env_width": 1500, "env_height": 1500, "drone_com_range": 200, "drone_sen_range": 0, "drone_speed": 8, "drone_max_buffer_size": 500000, "drone_max_energy": 100000, "drone_retransmission_delta": 10, "drone_communication_success": 0.9, "depot_com_range": 200, "depot_coordinates": [750, 0], "event_duration": 2000, "packets_max_ttl": 18000, "show_plot": false, "routing_algorithm": "RoutingAlgorithm.QL", "communication_error_type": "ChannelError.GAUSSIAN", "time_on_active_routing": "0"}, "mean_number_of_relays": 1.8840525651325606, "packet_mean_delivery_time": 120.73192771084337, "packet_delivery_ratio": 0.2996389891696751, "number_of_steps": 19, "qhc_steps": {"0": 11250, "1": 11250, "2": 11078.4224, "3": 9765.650473426944, "4": 9313.801212391261, "5": 8376.387342905182, "6": 8589.110934446846, "7": 8279.95806778325, "8": 7937.062588450677, "9": 7648.372858533239, "10": 7332.007830346993, "11": 7403.6544085433625, "12": 7510.019758412983, "13": 6873.999904406134, "14": 6644.501915004318, "15": 5996.575024300163, "16": 5744.287846596703, "17": 5759.083741457615, "18": 5696.694902097488}, "qspdt_steps": {"0": 0, "1": 0, "2": 0.22097258968058966, "3": 5.158036731076441, "4": 8.725238175384282, "5": 15.234597400384942, "6": 23.2929279186115, "7": 27.44987946817868, "8": 31.95356735285622, "9": 34.81521916849105, "10": 39.46089113804949, "11": 41.589277711525675, "12": 47.19556984931469, "13": 55.47610771424776, "14": 63.66120190436235, "15": 66.31885735596484, "16": 79.24736320963048, "17": 86.1259646129196, "18": 103.20613078739515}}