{"mission_setup": {"len_simulation": 18000, "time_step_duration": 0.15, "seed": 19, "n_drones": 10, "env_width": 1500, "env_height": 1500, "drone_com_range": 200, "drone_sen_range": 0, "drone_speed": 8, "drone_max_buffer_size": 500000, "drone_max_energy": 100000, "drone_retransmission_delta": 10, "drone_communication_success": 0.9, "depot_com_range": 200, "depot_coordinates": [750, 0], "event_duration": 2000, "packets_max_ttl": 18000, "show_plot": false, "routing_algorithm": "RoutingAlgorithm.QL", "communication_error_type": "ChannelError.GAUSSIAN", "time_on_active_routing": "0"}, "mean_number_of_relays": 1.561087086453609, "packet_mean_delivery_time": 87.8842105263158, "packet_delivery_ratio": 0.06859205776173286, "number_of_steps": 19, "qhc_steps": {"0": 5000, "1": 5000, "2": 4766.08, "3": 4266.590412799999, "4": 3629.85881411584, "5": 3745.330184655077, "6": 3081.8778145217384, "7": 2974.8300731822146, "8": 3002.327432777628, "9": 2730.162948507233, "10": 2526.3323977157634, "11": 2615.6456340745967, "12": 2615.4855278066, "13": 2502.8462857605423, "14": 2582.4689117340636, "15": 2373.748971626646, "16": 2357.589086100782, "17": 2547.3136341512914, "18": 2322.6604214388135}, "qspdt_steps": {"0": 0, "1": 0, "2": 0.18576552706552707, "3": 4.649177448480918, "4": 8.770796977783299, "5": 12.362216770021314, "6": 24.80085753832844, "7": 25.58505077117946, "8": 28.790311522532395, "9": 32.52792925423135, "10": 40.925130578439656, "11": 43.29103236370524, "12": 43.77490550912456, "13": 53.232247137493744, "14": 54.542660652052405, "15": 60.06158888628378, "16": 61.994630683531774, "17": 64.1880882627093, "18": 67.35242832168325}}