{"mission_setup": {"len_simulation": 18000, "time_step_duration": 0.15, "seed": 7, "n_drones": 25, "env_width": 1500, "env_height": 1500, "drone_com_range": 200, "drone_sen_range": 0, "drone_speed": 8, "drone_max_buffer_size": 500000, "drone_max_energy": 100000, "drone_retransmission_delta": 10, "drone_communication_success": 0.9, "depot_com_range": 200, "depot_coordinates": [750, 0], "event_duration": 2000, "packets_max_ttl": 18000, "show_plot": false, "routing_algorithm": "RoutingAlgorithm.QL", "communication_error_type": "ChannelError.GAUSSIAN", "time_on_active_routing": "0"}, "mean_number_of_relays": 2.734891977640127, "packet_mean_delivery_time": 146.16666666666666, "packet_delivery_ratio": 0.2924187725631769, "number_of_steps": 18, "qhc_steps": {"0": 31250, "1": 31133.84, "2": 30903.951999999997, "3": 29513.16500384154, "4": 28902.22787543124, "5": 27917.83669244895, "6": 26484.09387422562, "7": 25904.479322324172, "8": 24816.897485476606, "9": 24637.09026583773, "10": 25013.97649586362, "11": 23553.757123897038, "12": 22504.679971125202, "13": 22311.038704586743, "14": 21799.731862264165, "15": 21394.091615347585, "16": 21133.050614715725, "17": 21122.524014411916, "18": 20291.467591995144}, "qspdt_steps": {"0": 0, "1": 3.7912716666666673, "2": 5.095058452301512, "3": 92.4795610461215, "4": 178.75553133923367, "5": 241.9092001123324, "6": 327.44152316602015, "7": 400.7647083198726, "8": 466.41373805224947, "9": 490.3142031030806, "10": 539.7575388360019, "11": 622.3214650210346, "12": 672.010043644188, "13": 699.447661291144, "14": 734.2870675559446, "15": 750.9226211401182, "16": 769.5880175759024, "17": 776.0934296170833, "18": 803.4840511322252}}