{"mission_setup": {"len_simulation": 18000, "time_step_duration": 0.15, "seed": 3, "n_drones": 30, "env_width": 1500, "env_height": 1500, "drone_com_range": 200, "drone_sen_range": 0, "drone_speed": 8, "drone_max_buffer_size": 500000, "drone_max_energy": 100000, "drone_retransmission_delta": 10, "drone_communication_success": 0.9, "depot_com_range": 200, "depot_coordinates": [750, 0], "event_duration": 2000, "packets_max_ttl": 18000, "show_plot": false, "routing_algorithm": "RoutingAlgorithm.QL", "communication_error_type": "ChannelError.GAUSSIAN", "time_on_active_routing": "0"}, "mean_number_of_relays": 3.073822296548878, "packet_mean_delivery_time": 143.064, "packet_delivery_ratio": 0.36101083032490977, "number_of_steps": 18, "qhc_steps": {"0": 45000, "1": 45000, "2": 45000, "3": 41791.236028661784, "4": 40252.21636915202, "5": 39485.01033336834, "6": 38713.55494548482, "7": 38689.48550729965, "8": 37927.97661650886, "9": 36756.08711946212, "10": 36102.78983395151, "11": 35741.395885094294, "12": 34957.51311255699, "13": 34033.20514915537, "14": 33917.005133711114, "15": 32031.8623514126, "16": 31100.075219863116, "17": 30943.097807722697, "18": 30274.21147116425}, "qspdt_steps": {"0": 0, "1": 0, "2": 0, "3": 125.75418277420376, "4": 178.35155737001088, "5": 219.71468191310106, "6": 274.22243000808396, "7": 296.75899118322974, "8": 333.9039969491214, "9": 373.3589742791546, "10": 423.42163150731193, "11": 441.5783599693565, "12": 477.57117020524583, "13": 527.7765422790621, "14": 525.9030217874952, "15": 579.6106559309156, "16": 628.3841615464382, "17": 664.1660780045646, "18": 696.3903769723435}}