{"mission_setup": {"len_simulation": 18000, "time_step_duration": 0.15, "seed": 26, "n_drones": 25, "env_width": 1500, "env_height": 1500, "drone_com_range": 200, "drone_sen_range": 0, "drone_speed": 8, "drone_max_buffer_size": 500000, "drone_max_energy": 100000, "drone_retransmission_delta": 10, "drone_communication_success": 0.9, "depot_com_range": 200, "depot_coordinates": [750, 0], "event_duration": 2000, "packets_max_ttl": 18000, "show_plot": false, "routing_algorithm": "RoutingAlgorithm.QL", "communication_error_type": "ChannelError.GAUSSIAN", "time_on_active_routing": "0"}, "mean_number_of_relays": 2.6823562029473864, "packet_mean_delivery_time": 125.90915492957745, "packet_delivery_ratio": 0.2563176895306859, "number_of_steps": 19, "qhc_steps": {"0": 31250, "1": 31130.0, "2": 31130.0, "3": 29221.996750479357, "4": 28428.059629231833, "5": 27605.868920426747, "6": 27444.44270901797, "7": 26962.52068268547, "8": 26312.37490788311, "9": 25827.571056309596, "10": 25201.14615003024, "11": 24639.856718881856, "12": 24195.899706267668, "13": 23199.458004096334, "14": 22862.87038062166, "15": 22399.26945860535, "16": 22211.386569459897, "17": 21589.625411416935, "18": 21080.88283832345}, "qspdt_steps": {"0": 0, "1": 0.12777857142857144, "2": 0.12777857142857144, "3": 9.355167322865837, "4": 13.99494473066061, "5": 19.210165281855524, "6": 26.272205268193947, "7": 35.23399829169439, "8": 41.89042680875201, "9": 52.46038636042309, "10": 54.812413180133234, "11": 55.73680683772474, "12": 62.10205740451525, "13": 75.98048059389656, "14": 80.77109357923477, "15": 90.7875740363618, "16": 98.39593003464283, "17": 106.12005190837763, "18": 114.82889860977393}}