{"mission_setup": {"len_simulation": 18000, "time_step_duration": 0.15, "seed": 16, "n_drones": 15, "env_width": 1500, "env_height": 1500, "drone_com_range": 200, "drone_sen_range": 0, "drone_speed": 8, "drone_max_buffer_size": 500000, "drone_max_energy": 100000, "drone_retransmission_delta": 10, "drone_communication_success": 0.9, "depot_com_range": 200, "depot_coordinates": [750, 0], "event_duration": 2000, "packets_max_ttl": 18000, "show_plot": false, "routing_algorithm": "RoutingAlgorithm.QL", "communication_error_type": "ChannelError.GAUSSIAN", "time_on_active_routing": "0"}, "mean_number_of_relays": 1.886841809180918, "packet_mean_delivery_time": 140.8735714285714, "packet_delivery_ratio": 0.2527075812274368, "number_of_steps": 19, "qhc_steps": {"0": 11250, "1": 11170.0, "2": 10916.2336, "3": 9868.7029336064, "4": 9305.683793924913, "5": 8874.312474103328, "6": 8194.722258223468, "7": 7742.608852254527, "8": 7126.55616133998, "9": 6717.663552094027, "10": 6359.837733412075, "11": 6085.583192027277, "12": 6494.857924785262, "13": 6945.7443422549295, "14": 6363.088285203148, "15": 6275.474144625046, "16": 6197.001097600723, "17": 5688.108747980552, "18": 5862.5062350781445}, "qspdt_steps": {"0": 0, "1": 0.17850000000000002, "2": 0.4133962449279379, "3": 10.725606475885403, "4": 15.813906591649673, "5": 22.28800804393116, "6": 27.240128776018757, "7": 31.676072609430094, "8": 36.05917506527942, "9": 44.52906454914671, "10": 51.96291630871068, "11": 56.08349199189861, "12": 68.4855876850328, "13": 82.05482933083586, "14": 86.72241961364433, "15": 91.80708165881344, "16": 104.0109848312694, "17": 117.81329969144274, "18": 125.98982984806763}}