{"mission_setup": {"len_simulation": 18000, "time_step_duration": 0.15, "seed": 4, "n_drones": 25, "env_width": 1500, "env_height": 1500, "drone_com_range": 200, "drone_sen_range": 0, "drone_speed": 8, "drone_max_buffer_size": 500000, "drone_max_energy": 100000, "drone_retransmission_delta": 10, "drone_communication_success": 0.9, "depot_com_range": 200, "depot_coordinates": [750, 0], "event_duration": 2000, "packets_max_ttl": 18000, "show_plot": false, "routing_algorithm": "RoutingAlgorithm.QL", "communication_error_type": "ChannelError.GAUSSIAN", "time_on_active_routing": "0"}, "mean_number_of_relays": 2.506865826853537, "packet_mean_delivery_time": 140.14918032786883, "packet_delivery_ratio": 0.22021660649819494, "number_of_steps": 19, "qhc_steps": {"0": 31250, "1": 31250, "2": 31186.16, "3": 29896.788458414077, "4": 28325.7956572969, "5": 27824.30648159956, "6": 26922.606345317396, "7": 25805.24776945327, "8": 24294.79069283539, "9": 24170.70114697782, "10": 24277.397668716614, "11": 23795.0018045139, "12": 23662.360300812565, "13": 22965.099580477327, "14": 22832.852670075907, "15": 22374.828513274562, "16": 21965.674186473203, "17": 22262.244853631353, "18": 21103.81711788716}, "qspdt_steps": {"0": 0, "1": 0, "2": 0.20142857142857143, "3": 10.745160558132147, "4": 12.185795741542611, "5": 17.257938890166162, "6": 23.119523815553418, "7": 28.916684897120625, "8": 34.451437766575374, "9": 45.19635513254472, "10": 53.71191669745593, "11": 56.91071710920779, "12": 63.232162785292196, "13": 69.1265644852737, "14": 71.97836855599718, "15": 74.02264444247042, "16": 78.73040890575199, "17": 88.08334698002194, "18": 93.95310428341232}}