{"mission_setup": {"len_simulation": 18000, "time_step_duration": 0.15, "seed": 22, "n_drones": 20, "env_width": 1500, "env_height": 1500, "drone_com_range": 200, "drone_sen_range": 0, "drone_speed": 8, "drone_max_buffer_size": 500000, "drone_max_energy": 100000, "drone_retransmission_delta": 10, "drone_communication_success": 0.9, "depot_com_range": 200, "depot_coordinates": [750, 0], "event_duration": 2000, "packets_max_ttl": 18000, "show_plot": false, "routing_algorithm": "RoutingAlgorithm.QL", "communication_error_type": "ChannelError.GAUSSIAN", "time_on_active_routing": "0"}, "mean_number_of_relays": 2.351387993687907, "packet_mean_delivery_time": 116.92325581395349, "packet_delivery_ratio": 0.1552346570397112, "number_of_steps": 19, "qhc_steps": {"0": 20000, "1": 20000, "2": 20000, "3": 18897.92145222861, "4": 17970.06124088712, "5": 17584.249812494585, "6": 16875.310943041735, "7": 16323.192396841072, "8": 15685.59657646862, "9": 15986.17168489563, "10": 15538.675458233041, "11": 15209.357545012903, "12": 14753.182219337752, "13": 14028.296189212104, "14": 13407.448095686423, "15": 13331.705883571358, "16": 13019.371165500408, "17": 12420.062299588191, "18": 12421.415266960248}, "qspdt_steps": {"0": 0, "1": 0, "2": 0, "3": 7.436194967249031, "4": 14.815505142926884, "5": 21.418704907023763, "6": 27.202182959902878, "7": 36.48752437440579, "8": 49.714352596955806, "9": 56.55504112581776, "10": 63.87078567985382, "11": 76.25493836135043, "12": 83.99084390609056, "13": 90.52228870029246, "14": 96.85369783787192, "15": 110.45212882777828, "16": 121.97133798932957, "17": 131.85059039939694, "18": 139.42216939272114}}