{"mission_setup": {"len_simulation": 18000, "time_step_duration": 0.15, "seed": 20, "n_drones": 5, "env_width": 1500, "env_height": 1500, "drone_com_range": 200, "drone_sen_range": 0, "drone_speed": 8, "drone_max_buffer_size": 500000, "drone_max_energy": 100000, "drone_retransmission_delta": 10, "drone_communication_success": 0.9, "depot_com_range": 200, "depot_coordinates": [750, 0], "event_duration": 2000, "packets_max_ttl": 18000, "show_plot": false, "routing_algorithm": "RoutingAlgorithm.QL", "communication_error_type": "ChannelError.GAUSSIAN", "time_on_active_routing": "0"}, "mean_number_of_relays": 1.064184495693248, "packet_mean_delivery_time": 128.2913793103448, "packet_delivery_ratio": 0.20938628158844766, "number_of_steps": 19, "qhc_steps": {"0": 1250, "1": 1250, "2": 1108.440002744484, "3": 934.6582405803541, "4": 849.2552581803542, "5": 768.2563461803541, "6": 597.361397828354, "7": 628.1060825680464, "8": 643.1548453848746, "9": 676.6596306504615, "10": 778.6289131768881, "11": 698.6131606080332, "12": 671.8744238916278, "13": 746.3779815250106, "14": 779.7263274720976, "15": 653.6723164299731, "16": 694.3747170777308, "17": 566.990005854583, "18": 518.1104154235256}, "qspdt_steps": {"0": 0, "1": 0, "2": 0.3950873039319057, "3": 3.2294035101098184, "4": 4.102236056121145, "5": 5.704879713818113, "6": 6.647475645797337, "7": 4.597390697355964, "8": 6.346750140441768, "9": 7.516327798917619, "10": 9.958505285937077, "11": 8.042064395224093, "12": 8.33710428273522, "13": 8.745205703128963, "14": 9.551215330045666, "15": 7.795766104461601, "16": 11.767834701758495, "17": 11.436178945659968, "18": 11.381439515789024}}