{"mission_setup": {"len_simulation": 18000, "time_step_duration": 0.15, "seed": 21, "n_drones": 30, "env_width": 1500, "env_height": 1500, "drone_com_range": 200, "drone_sen_range": 0, "drone_speed": 8, "drone_max_buffer_size": 500000, "drone_max_energy": 100000, "drone_retransmission_delta": 10, "drone_communication_success": 0.9, "depot_com_range": 200, "depot_coordinates": [750, 0], "event_duration": 2000, "packets_max_ttl": 18000, "show_plot": false, "routing_algorithm": "RoutingAlgorithm.QL", "communication_error_type": "ChannelError.GAUSSIAN", "time_on_active_routing": "0"}, "mean_number_of_relays": 3.0430298325385383, "packet_mean_delivery_time": 148.71617647058824, "packet_delivery_ratio": 0.12274368231046931, "number_of_steps": 19, "qhc_steps": {"0": 45000, "1": 45000, "2": 45000, "3": 43183.3696709509, "4": 41671.9324618579, "5": 40923.25774376632, "6": 39742.78173069126, "7": 38922.616759371835, "8": 38684.47293094577, "9": 38035.127131867725, "10": 37078.374375872816, "11": 36533.541351963606, "12": 34882.78517920323, "13": 34354.618220543285, "14": 33988.62000592533, "15": 33306.20263136622, "16": 33611.4572545924, "17": 33113.35815621912, "18": 32990.64897743302}, "qspdt_steps": {"0": 0, "1": 0, "2": 0, "3": 12.076004917101201, "4": 16.504484959538647, "5": 25.20240030523673, "6": 34.68306999032923, "7": 43.86404587200172, "8": 58.36013854634976, "9": 65.01063141421204, "10": 71.52447708707545, "11": 77.77164375937156, "12": 81.48910035023121, "13": 84.58479099257677, "14": 94.46542617671523, "15": 102.16390798368698, "16": 112.90627333696378, "17": 120.40310931700333, "18": 125.81316451780415}}