{"mission_setup": {"len_simulation": 18000, "time_step_duration": 0.15, "seed": 17, "n_drones": 20, "env_width": 1500, "env_height": 1500, "drone_com_range": 200, "drone_sen_range": 0, "drone_speed": 8, "drone_max_buffer_size": 500000, "drone_max_energy": 100000, "drone_retransmission_delta": 10, "drone_communication_success": 0.9, "depot_com_range": 200, "depot_coordinates": [750, 0], "event_duration": 2000, "packets_max_ttl": 18000, "show_plot": false, "routing_algorithm": "RoutingAlgorithm.QL", "communication_error_type": "ChannelError.GAUSSIAN", "time_on_active_routing": "0"}, "mean_number_of_relays": 2.178547912734296, "packet_mean_delivery_time": 144.01022727272726, "packet_delivery_ratio": 0.3176895306859206, "number_of_steps": 19, "qhc_steps": {"0": 20000, "1": 20000, "2": 19460.515616768, "3": 18407.332026138625, "4": 17057.653068968753, "5": 16733.88510365333, "6": 16408.360160449076, "7": 14920.755098227906, "8": 15222.248871817046, "9": 15028.49980680259, "10": 15032.136055343728, "11": 15154.666718284474, "12": 14762.045216076871, "13": 14967.754670152366, "14": 14067.187607615295, "15": 14146.750095482501, "16": 14009.00342679646, "17": 13271.570847007502, "18": 12974.58680666482}, "qspdt_steps": {"0": 0, "1": 0, "2": 0.810187769722784, "3": 12.137759398340515, "4": 18.280059593909822, "5": 27.47966001987485, "6": 31.959162279879692, "7": 40.42977674113416, "8": 50.246820148011565, "9": 57.85858558586732, "10": 67.30106386458708, "11": 76.32594731412844, "12": 84.36728535298428, "13": 92.56944988196561, "14": 100.30562558531763, "15": 106.08637138124077, "16": 112.73042380656132, "17": 118.61148578999324, "18": 124.09102323017875}}