{"mission_setup": {"len_simulation": 18000, "time_step_duration": 0.15, "seed": 3, "n_drones": 5, "env_width": 1500, "env_height": 1500, "drone_com_range": 200, "drone_sen_range": 0, "drone_speed": 8, "drone_max_buffer_size": 500000, "drone_max_energy": 100000, "drone_retransmission_delta": 10, "drone_communication_success": 0.9, "depot_com_range": 200, "depot_coordinates": [750, 0], "event_duration": 2000, "packets_max_ttl": 18000, "show_plot": false, "routing_algorithm": "RoutingAlgorithm.QL", "communication_error_type": "ChannelError.GAUSSIAN", "time_on_active_routing": "0"}, "mean_number_of_relays": 1.2063913098395858, "packet_mean_delivery_time": 96.51666666666667, "packet_delivery_ratio": 0.1299638989169675, "number_of_steps": 18, "qhc_steps": {"0": 1250, "1": 1250, "2": 1250, "3": 1072.565507956736, "4": 873.9062131386352, "5": 783.7600670861378, "6": 841.4982514110602, "7": 673.2840021951453, "8": 525.248072154734, "9": 548.4169001284233, "10": 476.0820121755171, "11": 536.51859631256, "12": 540.939651763744, "13": 458.7275794220645, "14": 454.0392589567791, "15": 391.85210394385916, "16": 440.2104565292158, "17": 483.45668516886525, "18": 548.6847561239229}, "qspdt_steps": {"0": 0, "1": 0, "2": 0, "3": 2.0645881683658085, "4": 2.462274929162273, "5": 3.061212674535016, "6": 5.510021154990574, "7": 6.80229852446497, "8": 6.819896907670506, "9": 8.106609146326438, "10": 8.862312988088684, "11": 8.309880851608295, "12": 8.599210270496087, "13": 8.08317056389477, "14": 6.767123747625097, "15": 5.743662195258488, "16": 4.734490698962283, "17": 4.5140982849535005, "18": 5.873458205794779}}