{"mission_setup": {"len_simulation": 18000, "time_step_duration": 0.15, "seed": 0, "n_drones": 10, "env_width": 1500, "env_height": 1500, "drone_com_range": 200, "drone_sen_range": 0, "drone_speed": 8, "drone_max_buffer_size": 500000, "drone_max_energy": 100000, "drone_retransmission_delta": 10, "drone_communication_success": 0.9, "depot_com_range": 200, "depot_coordinates": [750, 0], "event_duration": 2000, "packets_max_ttl": 18000, "show_plot": false, "routing_algorithm": "RoutingAlgorithm.QL", "communication_error_type": "ChannelError.GAUSSIAN", "time_on_active_routing": "0"}, "mean_number_of_relays": 1.5697997688439072, "packet_mean_delivery_time": 128.625, "packet_delivery_ratio": 0.1371841155234657, "number_of_steps": 19, "qhc_steps": {"0": 5000, "1": 5000, "2": 4917.92, "3": 4207.2264192, "4": 3891.0071639352313, "5": 4025.2275415481854, "6": 3716.6097647617544, "7": 3811.919581709828, "8": 3141.679754913432, "9": 3130.74527994844, "10": 3076.477654844676, "11": 2715.4427815545846, "12": 3196.8428163661824, "13": 2892.6362066286088, "14": 3059.3711634844553, "15": 2889.962490188736, "16": 3088.1950854160973, "17": 2794.42345635794, "18": 2604.638011298815}, "qspdt_steps": {"0": 0, "1": 0, "2": 0.44004740740740744, "3": 8.06638201781836, "4": 16.950303701977976, "5": 19.063515100179405, "6": 20.352537541778545, "7": 33.693040424961936, "8": 43.58147784828754, "9": 46.713695743362756, "10": 51.9791664813378, "11": 55.59641042294198, "12": 56.68305275339163, "13": 56.975666149642535, "14": 61.720845305428234, "15": 61.86033561539266, "16": 62.880655116714266, "17": 65.11322232552016, "18": 65.6331568038989}}