{"mission_setup": {"len_simulation": 18000, "time_step_duration": 0.15, "seed": 13, "n_drones": 30, "env_width": 1500, "env_height": 1500, "drone_com_range": 200, "drone_sen_range": 0, "drone_speed": 8, "drone_max_buffer_size": 500000, "drone_max_energy": 100000, "drone_retransmission_delta": 10, "drone_communication_success": 0.9, "depot_com_range": 200, "depot_coordinates": [750, 0], "event_duration": 2000, "packets_max_ttl": 18000, "show_plot": false, "routing_algorithm": "RoutingAlgorithm.QL", "communication_error_type": "ChannelError.GAUSSIAN", "time_on_active_routing": "0"}, "mean_number_of_relays": 3.179835588012291, "packet_mean_delivery_time": 109.1872881355932, "packet_delivery_ratio": 0.21299638989169675, "number_of_steps": 19, "qhc_steps": {"0": 45000, "1": 44717.248, "2": 44137.79609599999, "3": 42771.74035455999, "4": 41729.683594772476, "5": 39743.27776307446, "6": 39701.24177636081, "7": 39324.52498469567, "8": 38241.208230356075, "9": 37418.09905273689, "10": 36903.28674646164, "11": 36196.57839734853, "12": 35897.4626356879, "13": 35841.97459547322, "14": 35384.61990649391, "15": 35195.49385132341, "16": 35422.68291693938, "17": 35232.97120568033, "18": 34929.334969497024}, "qspdt_steps": {"0": 0, "1": 0.29102671716646045, "2": 0.7515644054661252, "3": 11.141128695339273, "4": 18.30783555968723, "5": 26.419850803279285, "6": 31.402264253621055, "7": 33.321367321125265, "8": 37.04100567305549, "9": 44.868218069139985, "10": 52.96835529515593, "11": 64.52755717020099, "12": 73.16141955634397, "13": 82.64351284082825, "14": 92.78609646265537, "15": 99.87823558779615, "16": 105.82526774157456, "17": 113.32842331979217, "18": 121.54844775851932}}