{"mission_setup": {"len_simulation": 18000, "time_step_duration": 0.15, "seed": 2, "n_drones": 5, "env_width": 1500, "env_height": 1500, "drone_com_range": 200, "drone_sen_range": 0, "drone_speed": 8, "drone_max_buffer_size": 500000, "drone_max_energy": 100000, "drone_retransmission_delta": 10, "drone_communication_success": 0.9, "depot_com_range": 200, "depot_coordinates": [750, 0], "event_duration": 2000, "packets_max_ttl": 18000, "show_plot": false, "routing_algorithm": "RoutingAlgorithm.QL", "communication_error_type": "ChannelError.GAUSSIAN", "time_on_active_routing": "0"}, "mean_number_of_relays": 1.2015068932350113, "packet_mean_delivery_time": 138.875, "packet_delivery_ratio": 0.021660649819494584, "number_of_steps": 19, "qhc_steps": {"0": 1250, "1": 1250, "2": 1250, "3": 887.99920009216, "4": 802.2568755612223, "5": 888.1104029290075, "6": 686.1488060748071, "7": 609.3192121824178, "8": 596.4297414344552, "9": 489.31726768141357, "10": 660.1689779168801, "11": 619.1260619537632, "12": 505.160817246969, "13": 566.5441359494281, "14": 470.32925986970827, "15": 444.9979938452002, "16": 449.5185563331975, "17": 447.4378319797915, "18": 484.9613420486223}, "qspdt_steps": {"0": 0, "1": 0, "2": 0, "3": 4.675320670710548, "4": 6.590763548775922, "5": 9.374082856952365, "6": 9.593685595120986, "7": 11.171748430337862, "8": 11.722307234033043, "9": 12.03457720670716, "10": 12.469421473588895, "11": 13.529413481725403, "12": 13.926411570248135, "13": 13.890475238485303, "14": 12.730703961881067, "15": 13.0176991295744, "16": 14.256817957995558, "17": 11.245966332090047, "18": 10.97394138668607}}