{"mission_setup": {"len_simulation": 18000, "time_step_duration": 0.15, "seed": 20, "n_drones": 10, "env_width": 1500, "env_height": 1500, "drone_com_range": 200, "drone_sen_range": 0, "drone_speed": 8, "drone_max_buffer_size": 500000, "drone_max_energy": 100000, "drone_retransmission_delta": 10, "drone_communication_success": 0.9, "depot_com_range": 200, "depot_coordinates": [750, 0], "event_duration": 2000, "packets_max_ttl": 18000, "show_plot": false, "routing_algorithm": "RoutingAlgorithm.QL", "communication_error_type": "ChannelError.GAUSSIAN", "time_on_active_routing": "0"}, "mean_number_of_relays": 1.4327875023527197, "packet_mean_delivery_time": 142.34794520547945, "packet_delivery_ratio": 0.26353790613718414, "number_of_steps": 19, "qhc_steps": {"0": 5000, "1": 4939.04, "2": 4409.58687460393, "3": 3800.708691191005, "4": 3626.246982346264, "5": 3342.8921232728, "6": 3127.756866681681, "7": 2754.0715117277255, "8": 2789.3415881094793, "9": 2901.314986192948, "10": 2720.760357074248, "11": 2519.3515134867953, "12": 2369.521906719711, "13": 2149.0890016631092, "14": 2245.1251129712678, "15": 2330.904460569335, "16": 2479.9236582754434, "17": 2875.6269490339387, "18": 2544.614872966385}, "qspdt_steps": {"0": 0, "1": 0.22997647058823534, "2": 0.8604966075627117, "3": 5.69660053512614, "4": 7.933561749345645, "5": 9.144378101019434, "6": 18.111057508619172, "7": 21.825039699355933, "8": 22.856428218585254, "9": 24.73900303833273, "10": 30.525884341770958, "11": 33.01953164207669, "12": 33.187060756154786, "13": 38.6602217194651, "14": 45.78668786742732, "15": 48.25184090433363, "16": 54.36240776455665, "17": 59.879751570810235, "18": 63.867460053916524}}