{"mission_setup": {"len_simulation": 18000, "time_step_duration": 0.15, "seed": 1, "n_drones": 10, "env_width": 1500, "env_height": 1500, "drone_com_range": 200, "drone_sen_range": 0, "drone_speed": 8, "drone_max_buffer_size": 500000, "drone_max_energy": 100000, "drone_retransmission_delta": 10, "drone_communication_success": 0.9, "depot_com_range": 200, "depot_coordinates": [750, 0], "event_duration": 2000, "packets_max_ttl": 18000, "show_plot": false, "routing_algorithm": "RoutingAlgorithm.QL", "communication_error_type": "ChannelError.GAUSSIAN", "time_on_active_routing": "0"}, "mean_number_of_relays": 1.5653865195558385, "packet_mean_delivery_time": 106.225, "packet_delivery_ratio": 0.1299638989169675, "number_of_steps": 18, "qhc_steps": {"0": 5000, "1": 5000, "2": 5000, "3": 3903.2784506880002, "4": 3993.7967972817332, "5": 4273.428844612164, "6": 3934.0773043448007, "7": 3683.8315699443315, "8": 3533.656157241001, "9": 3102.1986484491877, "10": 2383.296375053112, "11": 2138.533561593689, "12": 2090.2416108319558, "13": 2070.2001600399744, "14": 2325.215099110266, "15": 2635.072561907182, "16": 2741.1927054181388, "17": 2816.812448865931, "18": 2692.1836089520243}, "qspdt_steps": {"0": 0, "1": 0, "2": 0, "3": 11.119065139312488, "4": 16.48234864851962, "5": 18.396048136743897, "6": 22.05365049773706, "7": 24.559748154853587, "8": 27.082484276134085, "9": 27.4243468027218, "10": 30.80849062096822, "11": 35.16282397745393, "12": 36.87827644535585, "13": 40.929186949086606, "14": 42.747744343216986, "15": 46.43813885542482, "16": 48.29309916212023, "17": 56.45007458296069, "18": 56.9806517694679}}