{"mission_setup": {"len_simulation": 18000, "time_step_duration": 0.15, "seed": 21, "n_drones": 15, "env_width": 1500, "env_height": 1500, "drone_com_range": 200, "drone_sen_range": 0, "drone_speed": 8, "drone_max_buffer_size": 500000, "drone_max_energy": 100000, "drone_retransmission_delta": 10, "drone_communication_success": 0.9, "depot_com_range": 200, "depot_coordinates": [750, 0], "event_duration": 2000, "packets_max_ttl": 18000, "show_plot": false, "routing_algorithm": "RoutingAlgorithm.QL", "communication_error_type": "ChannelError.GAUSSIAN", "time_on_active_routing": "0"}, "mean_number_of_relays": 1.8420158968427787, "packet_mean_delivery_time": 167.42830188679247, "packet_delivery_ratio": 0.19133574007220217, "number_of_steps": 19, "qhc_steps": {"0": 11250, "1": 11069.2, "2": 11069.2, "3": 10142.700665610233, "4": 9608.707060299526, "5": 8813.401847738827, "6": 8267.883970887258, "7": 7757.9745266337295, "8": 7782.828161832034, "9": 7157.596027514393, "10": 7456.521230973714, "11": 7509.021789338296, "12": 7424.415312656527, "13": 6983.473198705043, "14": 6295.003165018463, "15": 6375.06523159061, "16": 6463.896703561553, "17": 6647.867438358385, "18": 6831.5445939802885}, "qspdt_steps": {"0": 0, "1": 0.2974820604971549, "2": 0.2974820604971549, "3": 9.23487167317164, "4": 11.273188255193967, "5": 18.277653686515016, "6": 30.852580696650524, "7": 39.95369296216943, "8": 45.03583057528102, "9": 49.78640528727392, "10": 54.44438901965933, "11": 59.66167657089329, "12": 72.79012022257201, "13": 82.2544042169804, "14": 88.25443225766296, "15": 94.01840605770366, "16": 101.86116710017333, "17": 110.92437995787951, "18": 119.70311445472603}}