{"mission_setup": {"len_simulation": 18000, "time_step_duration": 0.15, "seed": 24, "n_drones": 30, "env_width": 1500, "env_height": 1500, "drone_com_range": 200, "drone_sen_range": 0, "drone_speed": 8, "drone_max_buffer_size": 500000, "drone_max_energy": 100000, "drone_retransmission_delta": 10, "drone_communication_success": 0.9, "depot_com_range": 200, "depot_coordinates": [750, 0], "event_duration": 2000, "packets_max_ttl": 18000, "show_plot": false, "routing_algorithm": "RoutingAlgorithm.QL", "communication_error_type": "ChannelError.GAUSSIAN", "time_on_active_routing": "0"}, "mean_number_of_relays": 2.9264264264264264, "packet_mean_delivery_time": 138.61119402985074, "packet_delivery_ratio": 0.24187725631768953, "number_of_steps": 19, "qhc_steps": {"0": 45000, "1": 45000, "2": 44906.72, "3": 43009.464944525316, "4": 41533.50139024115, "5": 39782.65763100282, "6": 39971.459349183715, "7": 38665.38319178184, "8": 37121.672901314014, "9": 36588.92221283234, "10": 36201.56962563635, "11": 35790.86211109888, "12": 36306.86968840389, "13": 35223.085914001684, "14": 34163.0604091549, "15": 33013.835213988175, "16": 32496.84635408281, "17": 31231.745054880113, "18": 31378.302003600515}, "qspdt_steps": {"0": 0, "1": 0, "2": 0.24886425339366516, "3": 9.06295215667153, "4": 15.271294365949995, "5": 27.05741756430843, "6": 30.788120640387593, "7": 36.16804064412975, "8": 39.16770148548159, "9": 44.466751894717135, "10": 50.41817560676179, "11": 56.884773350565226, "12": 60.34146397206807, "13": 64.42692519469625, "14": 64.32169691855478, "15": 71.50484121090037, "16": 80.34945962905022, "17": 84.82815224674525, "18": 94.96220090423044}}