{"mission_setup": {"len_simulation": 18000, "time_step_duration": 0.15, "seed": 14, "n_drones": 20, "env_width": 1500, "env_height": 1500, "drone_com_range": 200, "drone_sen_range": 0, "drone_speed": 8, "drone_max_buffer_size": 500000, "drone_max_energy": 100000, "drone_retransmission_delta": 10, "drone_communication_success": 0.9, "depot_com_range": 200, "depot_coordinates": [750, 0], "event_duration": 2000, "packets_max_ttl": 18000, "show_plot": false, "routing_algorithm": "RoutingAlgorithm.QL", "communication_error_type": "ChannelError.GAUSSIAN", "time_on_active_routing": "0"}, "mean_number_of_relays": 2.307690604799433, "packet_mean_delivery_time": 124.8031914893617, "packet_delivery_ratio": 0.16967509025270758, "number_of_steps": 19, "qhc_steps": {"0": 20000, "1": 19880.0, "2": 19699.36, "3": 18930.1234860032, "4": 17552.70316120407, "5": 16712.90332469222, "6": 16215.44211897867, "7": 15566.16295921598, "8": 14708.62090640168, "9": 14678.64584993159, "10": 14508.117861623607, "11": 13830.652482390135, "12": 13516.631477413512, "13": 13215.943735814873, "14": 13041.060769955584, "15": 12802.400563380384, "16": 12434.129234187547, "17": 12100.225194140507, "18": 11522.525091446485}, "qspdt_steps": {"0": 0, "1": 0.027801731601731605, "2": 0.24861691367456076, "3": 7.4222355822557, "4": 13.605717649108295, "5": 17.85579500489641, "6": 23.96601953780968, "7": 28.373380974934562, "8": 32.526255214443424, "9": 37.791125597696904, "10": 43.26832528338667, "11": 58.109345551128726, "12": 63.68474708431055, "13": 68.19081999640136, "14": 73.73402039548976, "15": 83.7550760254933, "16": 88.16907519973611, "17": 95.3937552607286, "18": 101.17572333874794}}