{"mission_setup": {"len_simulation": 18000, "time_step_duration": 0.15, "seed": 26, "n_drones": 15, "env_width": 1500, "env_height": 1500, "drone_com_range": 200, "drone_sen_range": 0, "drone_speed": 8, "drone_max_buffer_size": 500000, "drone_max_energy": 100000, "drone_retransmission_delta": 10, "drone_communication_success": 0.9, "depot_com_range": 200, "depot_coordinates": [750, 0], "event_duration": 2000, "packets_max_ttl": 18000, "show_plot": false, "routing_algorithm": "RoutingAlgorithm.QL", "communication_error_type": "ChannelError.GAUSSIAN", "time_on_active_routing": "0"}, "mean_number_of_relays": 1.8049493524810873, "packet_mean_delivery_time": 145.47589285714284, "packet_delivery_ratio": 0.20216606498194944, "number_of_steps": 19, "qhc_steps": {"0": 11250, "1": 11250, "2": 11250, "3": 10464.743261184, "4": 10034.814152952054, "5": 9343.133201796105, "6": 9102.876719948557, "7": 8597.407235781971, "8": 7990.171451373927, "9": 7633.00032534739, "10": 7705.535145250622, "11": 7261.702979769315, "12": 6806.533383877558, "13": 6388.204217320806, "14": 6290.023971815294, "15": 5846.002160875254, "16": 5920.807862599605, "17": 5885.850221680509, "18": 5864.627157443864}, "qspdt_steps": {"0": 0, "1": 0, "2": 0, "3": 8.180254247335606, "4": 15.07940442531284, "5": 19.78303989338606, "6": 23.657963023832675, "7": 25.14051496426079, "8": 27.53356852546566, "9": 35.3396207741454, "10": 42.007212768172224, "11": 46.72074300916459, "12": 60.06872076916144, "13": 65.95862712138515, "14": 77.63725013890766, "15": 83.4062672600187, "16": 98.16914355010438, "17": 104.20215520019613, "18": 113.41590559340726}}