{"mission_setup": {"len_simulation": 18000, "time_step_duration": 0.15, "seed": 19, "n_drones": 30, "env_width": 1500, "env_height": 1500, "drone_com_range": 200, "drone_sen_range": 0, "drone_speed": 8, "drone_max_buffer_size": 500000, "drone_max_energy": 100000, "drone_retransmission_delta": 10, "drone_communication_success": 0.9, "depot_com_range": 200, "depot_coordinates": [750, 0], "event_duration": 2000, "packets_max_ttl": 18000, "show_plot": false, "routing_algorithm": "RoutingAlgorithm.QL", "communication_error_type": "ChannelError.GAUSSIAN", "time_on_active_routing": "0"}, "mean_number_of_relays": 3.2446795007404274, "packet_mean_delivery_time": 149.74107142857142, "packet_delivery_ratio": 0.30324909747292417, "number_of_steps": 19, "qhc_steps": {"0": 45000, "1": 44924.0, "2": 44924.0, "3": 43432.171776, "4": 42812.37078484172, "5": 41653.4961291502, "6": 40213.86050275898, "7": 38961.16042484281, "8": 37744.49035411417, "9": 37514.732537828044, "10": 36515.842434844584, "11": 36554.43279644459, "12": 36303.95720444471, "13": 35672.684174784496, "14": 35104.40575937403, "15": 34420.00677644297, "16": 34016.07971831174, "17": 33540.65977786102, "18": 32725.517021660915}, "qspdt_steps": {"0": 0, "1": 0.024266666666666666, "2": 0.024266666666666666, "3": 8.587326550705008, "4": 18.786206720922472, "5": 27.761327707066915, "6": 31.54915071255581, "7": 35.99636957805778, "8": 42.128382452906365, "9": 48.00128755617553, "10": 54.847568980359, "11": 55.775994826268224, "12": 59.39419238392807, "13": 65.6767476476461, "14": 68.72269539284794, "15": 77.83893331731335, "16": 86.92339729867199, "17": 97.6008421404577, "18": 109.98281701556151}}