{"mission_setup": {"len_simulation": 18000, "time_step_duration": 0.15, "seed": 22, "n_drones": 25, "env_width": 1500, "env_height": 1500, "drone_com_range": 200, "drone_sen_range": 0, "drone_speed": 8, "drone_max_buffer_size": 500000, "drone_max_energy": 100000, "drone_retransmission_delta": 10, "drone_communication_success": 0.9, "depot_com_range": 200, "depot_coordinates": [750, 0], "event_duration": 2000, "packets_max_ttl": 18000, "show_plot": false, "routing_algorithm": "RoutingAlgorithm.QL", "communication_error_type": "ChannelError.GAUSSIAN", "time_on_active_routing": "0"}, "mean_number_of_relays": 2.6533113716094805, "packet_mean_delivery_time": 168.86166666666668, "packet_delivery_ratio": 0.3249097472924188, "number_of_steps": 19, "qhc_steps": {"0": 31250, "1": 31250, "2": 31250, "3": 29653.443721830394, "4": 28601.919516898328, "5": 27644.35364726978, "6": 26607.04964472425, "7": 25076.12473597759, "8": 23760.304727951756, "9": 24026.985304565824, "10": 23613.9512316457, "11": 22350.45075910247, "12": 22855.14892430325, "13": 21964.62936153811, "14": 21885.292474092385, "15": 21487.218899914067, "16": 21305.837993037436, "17": 22059.805625431272, "18": 21315.83876757916}, "qspdt_steps": {"0": 0, "1": 0, "2": 0, "3": 8.324432730935506, "4": 18.362689761538604, "5": 23.24629024068995, "6": 32.37141330696733, "7": 38.08420659739382, "8": 44.758795979971374, "9": 51.81086986582621, "10": 63.968710988581606, "11": 73.64028629743505, "12": 77.52661449569119, "13": 84.07842719941928, "14": 93.07372602301633, "15": 99.97237557406498, "16": 113.54994481375304, "17": 119.12330119924599, "18": 127.16816368438496}}