{"mission_setup": {"len_simulation": 18000, "time_step_duration": 0.15, "seed": 24, "n_drones": 10, "env_width": 1500, "env_height": 1500, "drone_com_range": 200, "drone_sen_range": 0, "drone_speed": 8, "drone_max_buffer_size": 500000, "drone_max_energy": 100000, "drone_retransmission_delta": 10, "drone_communication_success": 0.9, "depot_com_range": 200, "depot_coordinates": [750, 0], "event_duration": 2000, "packets_max_ttl": 18000, "show_plot": false, "routing_algorithm": "RoutingAlgorithm.QL", "communication_error_type": "ChannelError.GAUSSIAN", "time_on_active_routing": "0"}, "mean_number_of_relays": 1.4716155349706808, "packet_mean_delivery_time": 104.24318181818182, "packet_delivery_ratio": 0.23826714801444043, "number_of_steps": 19, "qhc_steps": {"0": 5000, "1": 4751.628963053568, "2": 4751.628963053568, "3": 4176.445976199168, "4": 3855.722253549569, "5": 3664.511818456106, "6": 3551.1569035176826, "7": 3100.1140274450145, "8": 2744.3513802492057, "9": 2583.2598803976935, "10": 2665.414659004652, "11": 2492.0120504947777, "12": 2550.878969696424, "13": 2264.8704699325194, "14": 2273.2894815338313, "15": 2332.5330753795984, "16": 2309.693709808699, "17": 1904.21568271962, "18": 1919.4377100396953}, "qspdt_steps": {"0": 0, "1": 0.4495409675655264, "2": 0.4495409675655264, "3": 6.384014055999816, "4": 9.521376572303211, "5": 15.104708127770941, "6": 19.830818933378087, "7": 20.68716313598585, "8": 23.019463638027464, "9": 29.011014884954985, "10": 32.22392172136544, "11": 34.51167382444613, "12": 37.47780899579706, "13": 45.94779865635975, "14": 51.9422928274593, "15": 55.118467183679336, "16": 59.17840238451859, "17": 60.92642073298969, "18": 60.21681140266505}}