{"mission_setup": {"len_simulation": 18000, "time_step_duration": 0.15, "seed": 8, "n_drones": 25, "env_width": 1500, "env_height": 1500, "drone_com_range": 200, "drone_sen_range": 0, "drone_speed": 8, "drone_max_buffer_size": 500000, "drone_max_energy": 100000, "drone_retransmission_delta": 10, "drone_communication_success": 0.9, "depot_com_range": 200, "depot_coordinates": [750, 0], "event_duration": 2000, "packets_max_ttl": 18000, "show_plot": false, "routing_algorithm": "RoutingAlgorithm.QL", "communication_error_type": "ChannelError.GAUSSIAN", "time_on_active_routing": "0"}, "mean_number_of_relays": 2.647497080262575, "packet_mean_delivery_time": 147.96702127659574, "packet_delivery_ratio": 0.33935018050541516, "number_of_steps": 19, "qhc_steps": {"0": 31250, "1": 31250, "2": 31250, "3": 28998.571250212855, "4": 28068.86843367586, "5": 27514.142493552372, "6": 26685.714003375833, "7": 25724.789537521654, "8": 24526.801259715103, "9": 24536.060619249147, "10": 23798.61586851381, "11": 23391.57760771624, "12": 22802.504311542914, "13": 22771.463754745026, "14": 21915.683090098362, "15": 21463.240797946622, "16": 21090.703720665075, "17": 20391.226884376345, "18": 19760.04858078472}, "qspdt_steps": {"0": 0, "1": 0, "2": 0, "3": 9.411954960296145, "4": 15.689427544622353, "5": 22.309686860067906, "6": 29.24220600482726, "7": 33.57771764960235, "8": 39.10894042192134, "9": 44.03816081565184, "10": 57.40147197657707, "11": 57.86933903699596, "12": 66.68638748375798, "13": 72.6086178394211, "14": 79.38301897740642, "15": 85.3884587365602, "16": 88.89368011124259, "17": 95.19624198023094, "18": 102.75251754169751}}