{"mission_setup": {"len_simulation": 18000, "time_step_duration": 0.15, "seed": 4, "n_drones": 25, "env_width": 1500, "env_height": 1500, "drone_com_range": 200, "drone_sen_range": 0, "drone_speed": 8, "drone_max_buffer_size": 500000, "drone_max_energy": 100000, "drone_retransmission_delta": 10, "drone_communication_success": 0.9, "depot_com_range": 200, "depot_coordinates": [750, 0], "event_duration": 2000, "packets_max_ttl": 18000, "show_plot": false, "routing_algorithm": "RoutingAlgorithm.QL", "communication_error_type": "ChannelError.GAUSSIAN", "time_on_active_routing": "0"}, "mean_number_of_relays": 2.47657888604055, "packet_mean_delivery_time": 133.73333333333332, "packet_delivery_ratio": 0.22743682310469315, "number_of_steps": 18, "qhc_steps": {"0": 31250, "1": 31250, "2": 31186.16, "3": 29006.63972495044, "4": 27910.541164950453, "5": 27256.737815871908, "6": 26291.630650012994, "7": 25389.53872982997, "8": 24367.382493290173, "9": 24165.555794579366, "10": 23662.652279503836, "11": 23821.029971003667, "12": 23156.435030958062, "13": 22460.341765589747, "14": 22197.99279291734, "15": 22271.835948461154, "16": 22134.61080334081, "17": 22578.655523949383, "18": 21491.367790681623}, "qspdt_steps": {"0": 0, "1": 0, "2": 0.17457142857142857, "3": 102.36668143448883, "4": 142.44918458134768, "5": 176.29956081354285, "6": 232.3923417339951, "7": 325.88154140196946, "8": 399.6906483806564, "9": 422.9418018384042, "10": 432.39056232524075, "11": 432.14684219954506, "12": 466.87819027941805, "13": 504.32171413704674, "14": 536.0046053405421, "15": 552.9113480501966, "16": 577.2331171521367, "17": 595.5002696464851, "18": 617.2731277001682}}