{"mission_setup": {"len_simulation": 18000, "time_step_duration": 0.15, "seed": 4, "n_drones": 10, "env_width": 1500, "env_height": 1500, "drone_com_range": 200, "drone_sen_range": 0, "drone_speed": 8, "drone_max_buffer_size": 500000, "drone_max_energy": 100000, "drone_retransmission_delta": 10, "drone_communication_success": 0.9, "depot_com_range": 200, "depot_coordinates": [750, 0], "event_duration": 2000, "packets_max_ttl": 18000, "show_plot": false, "routing_algorithm": "RoutingAlgorithm.QL", "communication_error_type": "ChannelError.GAUSSIAN", "time_on_active_routing": "0"}, "mean_number_of_relays": 1.4225217912975967, "packet_mean_delivery_time": 150.825, "packet_delivery_ratio": 0.18772563176895307, "number_of_steps": 18, "qhc_steps": {"0": 5000, "1": 5000, "2": 4923.392, "3": 4113.817014942992, "4": 3881.6521398804903, "5": 3948.7041082627284, "6": 3617.4888519695232, "7": 3691.5683877267106, "8": 3533.0532271130437, "9": 3458.0664195709232, "10": 3404.024320943404, "11": 3143.5409920133648, "12": 2857.215890427361, "13": 2461.6635874625567, "14": 2499.7954110330606, "15": 2636.8971873240116, "16": 2080.5933327520606, "17": 1966.192396539073, "18": 2110.5917274736025}, "qspdt_steps": {"0": 0, "1": 0, "2": 0.16602857142857144, "3": 14.085254399280547, "4": 18.7857671723484, "5": 22.901079373289257, "6": 29.155898067016118, "7": 32.405066471619854, "8": 31.88242883549613, "9": 36.33412328515262, "10": 34.05250672065349, "11": 32.25790219955079, "12": 39.307667176901056, "13": 46.71736983980374, "14": 52.336402667756, "15": 54.40317167066618, "16": 56.52151788436194, "17": 56.90760162685672, "18": 51.66021053313056}}