{"mission_setup": {"len_simulation": 18000, "time_step_duration": 0.15, "seed": 7, "n_drones": 20, "env_width": 1500, "env_height": 1500, "drone_com_range": 200, "drone_sen_range": 0, "drone_speed": 8, "drone_max_buffer_size": 500000, "drone_max_energy": 100000, "drone_retransmission_delta": 10, "drone_communication_success": 0.9, "depot_com_range": 200, "depot_coordinates": [750, 0], "event_duration": 2000, "packets_max_ttl": 18000, "show_plot": false, "routing_algorithm": "RoutingAlgorithm.QL", "communication_error_type": "ChannelError.GAUSSIAN", "time_on_active_routing": "0"}, "mean_number_of_relays": 2.2429365044919924, "packet_mean_delivery_time": 134.74642857142857, "packet_delivery_ratio": 0.30324909747292417, "number_of_steps": 18, "qhc_steps": {"0": 20000, "1": 19801.92, "2": 19412.749015039994, "3": 18443.625175039997, "4": 17399.214984806393, "5": 17526.485296711715, "6": 17187.556272890513, "7": 16338.621222796584, "8": 15713.635180558287, "9": 15719.748850949518, "10": 15014.441864595512, "11": 14635.140871242147, "12": 14999.888540017408, "13": 14491.558201405069, "14": 14030.351061148394, "15": 13907.50042352909, "16": 13121.345227496686, "17": 13162.932780616082, "18": 12862.634472270167}, "qspdt_steps": {"0": 0, "1": 2.024204542124542, "2": 5.0416054339836505, "3": 59.76730214139735, "4": 78.36329167375312, "5": 85.81862659662833, "6": 99.74652763697867, "7": 112.43816345273318, "8": 136.9712729931007, "9": 149.45536072396442, "10": 182.0767522520888, "11": 197.55135603931052, "12": 207.89365671860293, "13": 212.05742291443678, "14": 227.57395813632405, "15": 229.0793557031938, "16": 238.74349305133086, "17": 229.51314330902403, "18": 224.85995221922917}}