{"mission_setup": {"len_simulation": 18000, "time_step_duration": 0.15, "seed": 17, "n_drones": 10, "env_width": 1500, "env_height": 1500, "drone_com_range": 200, "drone_sen_range": 0, "drone_speed": 8, "drone_max_buffer_size": 500000, "drone_max_energy": 100000, "drone_retransmission_delta": 10, "drone_communication_success": 0.9, "depot_com_range": 200, "depot_coordinates": [750, 0], "event_duration": 2000, "packets_max_ttl": 18000, "show_plot": false, "routing_algorithm": "RoutingAlgorithm.QL", "communication_error_type": "ChannelError.GAUSSIAN", "time_on_active_routing": "0"}, "mean_number_of_relays": 1.5326411829479314, "packet_mean_delivery_time": 119.04374999999999, "packet_delivery_ratio": 0.1444043321299639, "number_of_steps": 19, "qhc_steps": {"0": 5000, "1": 5000, "2": 4915.04, "3": 4331.113801728, "4": 3817.1693305856006, "5": 3670.7293873146973, "6": 3513.2410265340723, "7": 3312.3173184821967, "8": 2846.47720245156, "9": 2782.2458734936044, "10": 2888.875092059218, "11": 2982.352261750174, "12": 2997.58251411978, "13": 2907.1630410268326, "14": 2464.393519037275, "15": 2199.2683354111514, "16": 2370.235382540995, "17": 2538.6520786255805, "18": 2714.178037082273}, "qspdt_steps": {"0": 0, "1": 0, "2": 0.35531472868217057, "3": 5.145578458753605, "4": 7.376472770835886, "5": 10.224087499729247, "6": 13.412810839499889, "7": 16.20274971317825, "8": 20.75515512116686, "9": 23.183926173500033, "10": 31.81207354288515, "11": 36.04128549738461, "12": 38.962756937012834, "13": 44.14998910711642, "14": 46.947610007632136, "15": 50.01394470518045, "16": 52.925711439844896, "17": 54.2160019691239, "18": 58.16132442175291}}