{"mission_setup": {"len_simulation": 18000, "time_step_duration": 0.15, "seed": 28, "n_drones": 15, "env_width": 1500, "env_height": 1500, "drone_com_range": 200, "drone_sen_range": 0, "drone_speed": 8, "drone_max_buffer_size": 500000, "drone_max_energy": 100000, "drone_retransmission_delta": 10, "drone_communication_success": 0.9, "depot_com_range": 200, "depot_coordinates": [750, 0], "event_duration": 2000, "packets_max_ttl": 18000, "show_plot": false, "routing_algorithm": "RoutingAlgorithm.QL", "communication_error_type": "ChannelError.GAUSSIAN", "time_on_active_routing": "0"}, "mean_number_of_relays": 1.926625704045059, "packet_mean_delivery_time": 140.9670731707317, "packet_delivery_ratio": 0.296028880866426, "number_of_steps": 19, "qhc_steps": {"0": 11250, "1": 11098.928, "2": 11098.928, "3": 10434.788991999998, "4": 10352.466863328134, "5": 9605.66748250342, "6": 9103.046949768639, "7": 8869.442052840212, "8": 7878.648165108407, "9": 8039.284814210271, "10": 8040.4285565039145, "11": 7624.709864876459, "12": 7450.531067176396, "13": 7153.809543123945, "14": 7034.393351665828, "15": 7209.146190426832, "16": 7331.941061108349, "17": 7258.6021982060465, "18": 6459.6928691695675}, "qspdt_steps": {"0": 0, "1": 0.1551645212654515, "2": 0.1551645212654515, "3": 7.031324363175937, "4": 13.859201584313412, "5": 22.74203488170419, "6": 28.694694802008545, "7": 30.40333093307372, "8": 36.50762991197516, "9": 41.25190713687433, "10": 45.54461532870996, "11": 47.83706551970309, "12": 51.67074047422904, "13": 54.44287292118176, "14": 60.27150782241688, "15": 65.220360375771, "16": 69.92192135223452, "17": 73.23802501666565, "18": 75.13810110540564}}