{"mission_setup": {"len_simulation": 18000, "time_step_duration": 0.15, "seed": 10, "n_drones": 20, "env_width": 1500, "env_height": 1500, "drone_com_range": 200, "drone_sen_range": 0, "drone_speed": 8, "drone_max_buffer_size": 500000, "drone_max_energy": 100000, "drone_retransmission_delta": 10, "drone_communication_success": 0.9, "depot_com_range": 200, "depot_coordinates": [750, 0], "event_duration": 2000, "packets_max_ttl": 18000, "show_plot": false, "routing_algorithm": "RoutingAlgorithm.QL", "communication_error_type": "ChannelError.GAUSSIAN", "time_on_active_routing": "0"}, "mean_number_of_relays": 2.260096854577084, "packet_mean_delivery_time": 106.70149253731343, "packet_delivery_ratio": 0.24187725631768953, "number_of_steps": 19, "qhc_steps": {"0": 20000, "1": 19960.0, "2": 19400.154880000002, "3": 18326.005888450556, "4": 17163.55434388127, "5": 16735.686568059897, "6": 16240.025683360182, "7": 15728.642298936375, "8": 16429.9741705379, "9": 16309.830631537794, "10": 15883.97183362279, "11": 15130.604109134794, "12": 14618.97189936294, "13": 14470.545576164219, "14": 14715.520285574752, "15": 13456.994193182525, "16": 12517.664851388918, "17": 12305.32721244114, "18": 12247.56837432975}, "qspdt_steps": {"0": 0, "1": 0.0037600000000000003, "2": 0.4405641173032983, "3": 5.02085581780079, "4": 10.503277334121433, "5": 16.20231013098454, "6": 21.20155240628107, "7": 26.160620715083542, "8": 37.20194475021861, "9": 47.28075160082264, "10": 55.6593533801196, "11": 62.19321030389026, "12": 69.6726703037712, "13": 73.32975468305031, "14": 76.86112075597308, "15": 84.44188422733708, "16": 89.64231969412262, "17": 95.85365027652709, "18": 98.52738368879659}}