{"mission_setup": {"len_simulation": 18000, "time_step_duration": 0.15, "seed": 5, "n_drones": 5, "env_width": 1500, "env_height": 1500, "drone_com_range": 200, "drone_sen_range": 0, "drone_speed": 8, "drone_max_buffer_size": 500000, "drone_max_energy": 100000, "drone_retransmission_delta": 10, "drone_communication_success": 0.9, "depot_com_range": 200, "depot_coordinates": [750, 0], "event_duration": 2000, "packets_max_ttl": 18000, "show_plot": false, "routing_algorithm": "RoutingAlgorithm.QL", "communication_error_type": "ChannelError.GAUSSIAN", "time_on_active_routing": "0"}, "mean_number_of_relays": 1.1782780257455203, "packet_mean_delivery_time": 126.68478260869566, "packet_delivery_ratio": 0.16606498194945848, "number_of_steps": 19, "qhc_steps": {"0": 1250, "1": 1250, "2": 1250, "3": 1100.7571986432, "4": 893.8425454302866, "5": 732.4640041522002, "6": 620.015123517748, "7": 542.5508108026816, "8": 400.4531999674007, "9": 448.74540790959196, "10": 592.5531112241373, "11": 632.6204749837971, "12": 569.0550986566979, "13": 663.2211474567686, "14": 624.3234271377613, "15": 565.5071499685787, "16": 567.7505949000201, "17": 479.81907379012273, "18": 608.0835781209818}, "qspdt_steps": {"0": 0, "1": 0, "2": 0, "3": 4.0863659654266105, "4": 6.9698444403533975, "5": 6.310113279373912, "6": 6.775234618265871, "7": 9.380119147809308, "8": 10.123862154162785, "9": 11.833854670993148, "10": 12.105067083637714, "11": 12.365928667046184, "12": 11.32766072717715, "13": 12.668818500441184, "14": 10.547095923929378, "15": 12.488271795707572, "16": 11.199765060662612, "17": 11.722038587506258, "18": 10.6111005307327}}