{"mission_setup": {"len_simulation": 18000, "time_step_duration": 0.15, "seed": 0, "n_drones": 10, "env_width": 1500, "env_height": 1500, "drone_com_range": 200, "drone_sen_range": 0, "drone_speed": 8, "drone_max_buffer_size": 500000, "drone_max_energy": 100000, "drone_retransmission_delta": 10, "drone_communication_success": 0.9, "depot_com_range": 200, "depot_coordinates": [750, 0], "event_duration": 2000, "packets_max_ttl": 18000, "show_plot": false, "routing_algorithm": "RoutingAlgorithm.QL", "communication_error_type": "ChannelError.GAUSSIAN", "time_on_active_routing": "0"}, "mean_number_of_relays": 1.5634705525971748, "packet_mean_delivery_time": 127.66022727272727, "packet_delivery_ratio": 0.1588447653429603, "number_of_steps": 19, "qhc_steps": {"0": 5000, "1": 5000, "2": 4917.92, "3": 4207.2264192, "4": 3760.2655642295103, "5": 3624.031666059152, "6": 3541.1331298671894, "7": 3727.807178865184, "8": 3272.4879868713956, "9": 3285.8568695565705, "10": 3190.1413881115, "11": 2828.491921314366, "12": 3352.0409968312547, "13": 3077.4602419041103, "14": 3243.538647748179, "15": 3027.836584979639, "16": 3226.2283830143647, "17": 2829.5919158404326, "18": 2603.1163818825776}, "qspdt_steps": {"0": 0, "1": 0, "2": 0.5193125925925927, "3": 7.430507582181642, "4": 6.540212782993099, "5": 7.048596823948821, "6": 18.338253832766053, "7": 23.925461575609358, "8": 34.78504543087125, "9": 37.021001710923, "10": 45.50138402104081, "11": 46.301416375922656, "12": 49.4393882035499, "13": 53.45466936198092, "14": 61.67162443557165, "15": 65.14649976494941, "16": 67.76829325022508, "17": 68.40351211794075, "18": 69.89517685419496}}