{"mission_setup": {"len_simulation": 18000, "time_step_duration": 0.15, "seed": 27, "n_drones": 20, "env_width": 1500, "env_height": 1500, "drone_com_range": 200, "drone_sen_range": 0, "drone_speed": 8, "drone_max_buffer_size": 500000, "drone_max_energy": 100000, "drone_retransmission_delta": 10, "drone_communication_success": 0.9, "depot_com_range": 200, "depot_coordinates": [750, 0], "event_duration": 2000, "packets_max_ttl": 18000, "show_plot": false, "routing_algorithm": "RoutingAlgorithm.QL", "communication_error_type": "ChannelError.GAUSSIAN", "time_on_active_routing": "0"}, "mean_number_of_relays": 2.2928641986923184, "packet_mean_delivery_time": 141.16451612903225, "packet_delivery_ratio": 0.22382671480144403, "number_of_steps": 19, "qhc_steps": {"0": 20000, "1": 20000, "2": 20000, "3": 18749.112176639996, "4": 17843.055662921153, "5": 17511.928738272374, "6": 16958.715033325716, "7": 16662.88674980248, "8": 16421.15832229695, "9": 16195.428304018831, "10": 15555.918018273833, "11": 15869.842091366962, "12": 15347.34397872866, "13": 15347.34397872866, "14": 14657.896797254372, "15": 13652.117329477023, "16": 12159.00268685836, "17": 12241.32169244234, "18": 12792.900541504314}, "qspdt_steps": {"0": 0, "1": 0, "2": 0, "3": 9.841635077762504, "4": 17.86766760076383, "5": 27.34205276059932, "6": 32.68618680079017, "7": 40.60590981942849, "8": 52.43559028678299, "9": 61.31945789155793, "10": 70.2732241441633, "11": 79.64184453744478, "12": 86.9668520467859, "13": 86.9668520467859, "14": 94.04617443265515, "15": 102.08488216534448, "16": 108.5503355749384, "17": 112.09348733996964, "18": 117.75643058208102}}