{"mission_setup": {"len_simulation": 18000, "time_step_duration": 0.15, "seed": 8, "n_drones": 30, "env_width": 1500, "env_height": 1500, "drone_com_range": 200, "drone_sen_range": 0, "drone_speed": 8, "drone_max_buffer_size": 500000, "drone_max_energy": 100000, "drone_retransmission_delta": 10, "drone_communication_success": 0.9, "depot_com_range": 200, "depot_coordinates": [750, 0], "event_duration": 2000, "packets_max_ttl": 18000, "show_plot": false, "routing_algorithm": "RoutingAlgorithm.QL", "communication_error_type": "ChannelError.GAUSSIAN", "time_on_active_routing": "0"}, "mean_number_of_relays": 3.1087655774875644, "packet_mean_delivery_time": 132.2955882352941, "packet_delivery_ratio": 0.24548736462093862, "number_of_steps": 18, "qhc_steps": {"0": 45000, "1": 45000, "2": 45000, "3": 42912.815931801604, "4": 41255.598210635195, "5": 40169.37076264785, "6": 39323.16705323633, "7": 38716.18710996865, "8": 37090.216772434316, "9": 36704.920879999765, "10": 36256.58260128668, "11": 36004.690111104595, "12": 35880.01510278975, "13": 35280.005327393075, "14": 35689.413995519455, "15": 34267.559391613344, "16": 34497.87156824374, "17": 34542.69595997848, "18": 33339.492977277114}, "qspdt_steps": {"0": 0, "1": 0, "2": 0, "3": 159.77797183980417, "4": 263.07112705076753, "5": 357.75122925677437, "6": 407.92242568286395, "7": 433.33950612012654, "8": 550.0184850000784, "9": 592.1823025272427, "10": 682.676079221222, "11": 755.415525638311, "12": 781.9986859515382, "13": 799.4333449644006, "14": 818.9372452556968, "15": 874.9122746468273, "16": 872.3903923127069, "17": 865.399126876316, "18": 892.0804399345756}}