{"mission_setup": {"len_simulation": 18000, "time_step_duration": 0.15, "seed": 0, "n_drones": 20, "env_width": 1500, "env_height": 1500, "drone_com_range": 200, "drone_sen_range": 0, "drone_speed": 8, "drone_max_buffer_size": 500000, "drone_max_energy": 100000, "drone_retransmission_delta": 10, "drone_communication_success": 0.9, "depot_com_range": 200, "depot_coordinates": [750, 0], "event_duration": 2000, "packets_max_ttl": 18000, "show_plot": false, "routing_algorithm": "RoutingAlgorithm.QL", "communication_error_type": "ChannelError.GAUSSIAN", "time_on_active_routing": "0"}, "mean_number_of_relays": 2.4296838078091594, "packet_mean_delivery_time": 110.07155172413792, "packet_delivery_ratio": 0.20938628158844766, "number_of_steps": 19, "qhc_steps": {"0": 20000, "1": 20000, "2": 19899.04, "3": 18873.644134399998, "4": 17379.972384767992, "5": 16609.37217069874, "6": 15814.725006016493, "7": 15287.096951201296, "8": 14658.12585277314, "9": 13941.615165245938, "10": 14243.520306781431, "11": 14139.186237817876, "12": 13470.333744758012, "13": 12648.869449294569, "14": 12709.21977333103, "15": 12508.103595548064, "16": 12633.46390026561, "17": 11247.737766406693, "18": 11107.242316398455}, "qspdt_steps": {"0": 0, "1": 0, "2": 0.49797142857142856, "3": 8.633001824498375, "4": 11.216186025096707, "5": 12.536514163175449, "6": 18.48403808967333, "7": 22.261553624606613, "8": 25.75357687349528, "9": 34.91140369688959, "10": 43.24520463114425, "11": 48.877085247903985, "12": 54.04839400571389, "13": 63.96868819355645, "14": 70.69447548119878, "15": 80.15698028999819, "16": 89.22585345086755, "17": 99.45962765891936, "18": 109.32609751748386}}