{"mission_setup": {"len_simulation": 18000, "time_step_duration": 0.15, "seed": 14, "n_drones": 5, "env_width": 1500, "env_height": 1500, "drone_com_range": 200, "drone_sen_range": 0, "drone_speed": 8, "drone_max_buffer_size": 500000, "drone_max_energy": 100000, "drone_retransmission_delta": 10, "drone_communication_success": 0.9, "depot_com_range": 200, "depot_coordinates": [750, 0], "event_duration": 2000, "packets_max_ttl": 18000, "show_plot": false, "routing_algorithm": "RoutingAlgorithm.QL", "communication_error_type": "ChannelError.GAUSSIAN", "time_on_active_routing": "0"}, "mean_number_of_relays": 1.1920607886807284, "packet_mean_delivery_time": 34.725, "packet_delivery_ratio": 0.007220216606498195, "number_of_steps": 19, "qhc_steps": {"0": 1250, "1": 1177.2, "2": 1177.2, "3": 722.6731010048, "4": 499.9864346722943, "5": 523.8319205104357, "6": 512.7693902162032, "7": 476.3176805140098, "8": 608.9071447806921, "9": 622.8117713289387, "10": 573.6809166200819, "11": 625.6482944472028, "12": 638.3475535614302, "13": 647.7281330535598, "14": 575.9937927141813, "15": 510.9447597970075, "16": 529.8158047540273, "17": 516.4941544524133, "18": 585.7000315700532}, "qspdt_steps": {"0": 0, "1": 0.16450000000000004, "2": 0.16450000000000004, "3": 5.217094185140548, "4": 8.143638980885347, "5": 9.28118098266992, "6": 10.832516309432318, "7": 9.819224758994496, "8": 8.755273108550025, "9": 9.389699059833667, "10": 11.074223958609405, "11": 12.679693626489874, "12": 12.170537977494476, "13": 12.742460039529375, "14": 12.965825995954516, "15": 12.594361540403737, "16": 14.030864186467587, "17": 13.304690199464563, "18": 12.622984870802279}}