{"mission_setup": {"len_simulation": 18000, "time_step_duration": 0.15, "seed": 24, "n_drones": 15, "env_width": 1500, "env_height": 1500, "drone_com_range": 200, "drone_sen_range": 0, "drone_speed": 8, "drone_max_buffer_size": 500000, "drone_max_energy": 100000, "drone_retransmission_delta": 10, "drone_communication_success": 0.9, "depot_com_range": 200, "depot_coordinates": [750, 0], "event_duration": 2000, "packets_max_ttl": 18000, "show_plot": false, "routing_algorithm": "RoutingAlgorithm.QL", "communication_error_type": "ChannelError.GAUSSIAN", "time_on_active_routing": "0"}, "mean_number_of_relays": 1.864689078202316, "packet_mean_delivery_time": 122.51999999999998, "packet_delivery_ratio": 0.1444043321299639, "number_of_steps": 19, "qhc_steps": {"0": 11250, "1": 11075.119999999999, "2": 11075.119999999999, "3": 10079.371135999998, "4": 9544.442870371124, "5": 9032.98821936677, "6": 8857.706834409883, "7": 8531.258937826942, "8": 7911.7459661382145, "9": 7344.807739681433, "10": 7075.919096859098, "11": 6605.476823673758, "12": 6217.970464351859, "13": 6262.672046009528, "14": 6138.853077499394, "15": 6422.388340151211, "16": 6917.415146412815, "17": 6784.987661138007, "18": 6543.039473731435}, "qspdt_steps": {"0": 0, "1": 0.3182324162971724, "2": 0.3182324162971724, "3": 8.000584677240639, "4": 12.085107042052472, "5": 14.548214945373909, "6": 21.897330072225174, "7": 26.490181880946732, "8": 32.27200343572838, "9": 34.93206742784198, "10": 36.78098658831356, "11": 39.41783384398382, "12": 41.01025389378822, "13": 49.49663150528556, "14": 50.24796038574662, "15": 55.42141186400367, "16": 61.278343908974946, "17": 66.70585969096905, "18": 71.51576763750738}}