{"mission_setup": {"len_simulation": 18000, "time_step_duration": 0.15, "seed": 28, "n_drones": 30, "env_width": 1500, "env_height": 1500, "drone_com_range": 200, "drone_sen_range": 0, "drone_speed": 8, "drone_max_buffer_size": 500000, "drone_max_energy": 100000, "drone_retransmission_delta": 10, "drone_communication_success": 0.9, "depot_com_range": 200, "depot_coordinates": [750, 0], "event_duration": 2000, "packets_max_ttl": 18000, "show_plot": false, "routing_algorithm": "RoutingAlgorithm.QL", "communication_error_type": "ChannelError.GAUSSIAN", "time_on_active_routing": "0"}, "mean_number_of_relays": 2.936973300779712, "packet_mean_delivery_time": 121.11532258064514, "packet_delivery_ratio": 0.22382671480144403, "number_of_steps": 19, "qhc_steps": {"0": 45000, "1": 44881.92, "2": 44881.92, "3": 43273.156021043214, "4": 42274.81581851973, "5": 40636.21659094851, "6": 38981.10156683644, "7": 37565.232053349646, "8": 36207.53735766467, "9": 36081.126477301994, "10": 34844.635808640494, "11": 33556.85510498017, "12": 33482.28148867051, "13": 32805.4844893783, "14": 32332.27473098953, "15": 32594.172010990966, "16": 31546.80048867164, "17": 30736.468975935604, "18": 29895.23074608119}, "qspdt_steps": {"0": 0, "1": 0.18433538461538462, "2": 0.18433538461538462, "3": 8.929256868691306, "4": 16.856055447754535, "5": 23.13638867709648, "6": 33.23440403236229, "7": 40.0783068910154, "8": 41.693061549566686, "9": 44.357897811815214, "10": 51.79403321077742, "11": 58.861222849705555, "12": 64.98717291012666, "13": 72.12943254961567, "14": 82.06846649382928, "15": 92.05129666623941, "16": 98.52668491563666, "17": 104.88733252208426, "18": 116.81707563162183}}