{"mission_setup": {"len_simulation": 18000, "time_step_duration": 0.15, "seed": 7, "n_drones": 10, "env_width": 1500, "env_height": 1500, "drone_com_range": 200, "drone_sen_range": 0, "drone_speed": 8, "drone_max_buffer_size": 500000, "drone_max_energy": 100000, "drone_retransmission_delta": 10, "drone_communication_success": 0.9, "depot_com_range": 200, "depot_coordinates": [750, 0], "event_duration": 2000, "packets_max_ttl": 18000, "show_plot": false, "routing_algorithm": "RoutingAlgorithm.QL", "communication_error_type": "ChannelError.GAUSSIAN", "time_on_active_routing": "0"}, "mean_number_of_relays": 1.406472236189929, "packet_mean_delivery_time": 129.99590163934425, "packet_delivery_ratio": 0.22021660649819494, "number_of_steps": 19, "qhc_steps": {"0": 5000, "1": 4936.639999999999, "2": 4697.97332992, "3": 4133.813914814382, "4": 4091.947665598317, "5": 3889.615980116688, "6": 3678.9004508683406, "7": 3668.4904580516522, "8": 3440.258920993099, "9": 3207.447657667598, "10": 2679.2037880814105, "11": 2808.7592695810786, "12": 2755.8649688775113, "13": 2763.9836975543453, "14": 2771.4677581436035, "15": 2389.458465334577, "16": 2588.6268709355904, "17": 2622.4923993384227, "18": 2297.380193097014}, "qspdt_steps": {"0": 0, "1": 0.2990933333333333, "2": 1.7667472614221105, "3": 6.5414860811466715, "4": 9.906947327058107, "5": 16.228178629918755, "6": 22.053468177433217, "7": 24.898100422105045, "8": 29.11621380153544, "9": 30.90871655165246, "10": 35.92027107406206, "11": 36.93627504714814, "12": 41.348802012260464, "13": 44.402734690897006, "14": 51.54627103592405, "15": 59.090903105670186, "16": 62.60646575341241, "17": 66.4340767032202, "18": 68.86806691975798}}