{"mission_setup": {"len_simulation": 18000, "time_step_duration": 0.15, "seed": 7, "n_drones": 15, "env_width": 1500, "env_height": 1500, "drone_com_range": 200, "drone_sen_range": 0, "drone_speed": 8, "drone_max_buffer_size": 500000, "drone_max_energy": 100000, "drone_retransmission_delta": 10, "drone_communication_success": 0.9, "depot_com_range": 200, "depot_coordinates": [750, 0], "event_duration": 2000, "packets_max_ttl": 18000, "show_plot": false, "routing_algorithm": "RoutingAlgorithm.QL", "communication_error_type": "ChannelError.GAUSSIAN", "time_on_active_routing": "0"}, "mean_number_of_relays": 1.7351259046431573, "packet_mean_delivery_time": 143.03526315789475, "packet_delivery_ratio": 0.34296028880866425, "number_of_steps": 18, "qhc_steps": {"0": 11250, "1": 11172.08, "2": 10771.725747199998, "3": 10061.288243814399, "4": 9563.539873743171, "5": 9211.775656368995, "6": 9023.260067767827, "7": 8759.886263368398, "8": 8381.030935020326, "9": 8872.773666178893, "10": 9095.031838762825, "11": 8460.888603366166, "12": 8084.855007341796, "13": 7884.530461298038, "14": 7409.866184455518, "15": 6499.556121034265, "16": 6216.325052985995, "17": 5886.865245932545, "18": 5446.908992473407}, "qspdt_steps": {"0": 0, "1": 2.05248, "2": 5.767663609868412, "3": 41.064124171821526, "4": 61.74100833201615, "5": 78.15790423560986, "6": 88.30838489067331, "7": 98.86374565242498, "8": 110.02520690296026, "9": 117.4817315623782, "10": 124.35141620879754, "11": 135.08466606427052, "12": 140.2870157355915, "13": 138.60451602397848, "14": 129.32645842132996, "15": 133.69244746198171, "16": 127.42396178289458, "17": 124.12069910396531, "18": 138.01753839872924}}