{"mission_setup": {"len_simulation": 18000, "time_step_duration": 0.15, "seed": 27, "n_drones": 15, "env_width": 1500, "env_height": 1500, "drone_com_range": 200, "drone_sen_range": 0, "drone_speed": 8, "drone_max_buffer_size": 500000, "drone_max_energy": 100000, "drone_retransmission_delta": 10, "drone_communication_success": 0.9, "depot_com_range": 200, "depot_coordinates": [750, 0], "event_duration": 2000, "packets_max_ttl": 18000, "show_plot": false, "routing_algorithm": "RoutingAlgorithm.QL", "communication_error_type": "ChannelError.GAUSSIAN", "time_on_active_routing": "0"}, "mean_number_of_relays": 1.9973085516961202, "packet_mean_delivery_time": 171.48837209302323, "packet_delivery_ratio": 0.1552346570397112, "number_of_steps": 19, "qhc_steps": {"0": 11250, "1": 11250, "2": 11250, "3": 9987.464668159999, "4": 9521.000080422666, "5": 8740.25501098482, "6": 8506.933136162796, "7": 8002.005528879295, "8": 7711.747548010294, "9": 7689.488310827661, "10": 7631.532027531463, "11": 7781.673128252721, "12": 7165.400739843644, "13": 7148.0041588791955, "14": 6535.016446864453, "15": 6241.367648651382, "16": 5478.362616205163, "17": 6003.922038436963, "18": 6053.591650897667}, "qspdt_steps": {"0": 0, "1": 0, "2": 0, "3": 11.873774265195749, "4": 16.813917525866223, "5": 23.955366803228625, "6": 30.146643311966052, "7": 36.183294614113834, "8": 44.91265167005439, "9": 50.159750732599754, "10": 56.972607810108094, "11": 60.8804707987729, "12": 64.74062551720051, "13": 70.70657822833127, "14": 76.45259722365223, "15": 79.49113367155519, "16": 89.44022760852924, "17": 102.20394108234376, "18": 116.08843734504111}}