{"mission_setup": {"len_simulation": 18000, "time_step_duration": 0.15, "seed": 1, "n_drones": 30, "env_width": 1500, "env_height": 1500, "drone_com_range": 200, "drone_sen_range": 0, "drone_speed": 8, "drone_max_buffer_size": 500000, "drone_max_energy": 100000, "drone_retransmission_delta": 10, "drone_communication_success": 0.9, "depot_com_range": 200, "depot_coordinates": [750, 0], "event_duration": 2000, "packets_max_ttl": 18000, "show_plot": false, "routing_algorithm": "RoutingAlgorithm.QL", "communication_error_type": "ChannelError.GAUSSIAN", "time_on_active_routing": "0"}, "mean_number_of_relays": 3.0750069194575147, "packet_mean_delivery_time": 137.55272727272725, "packet_delivery_ratio": 0.19855595667870035, "number_of_steps": 19, "qhc_steps": {"0": 45000, "1": 45000, "2": 45000, "3": 43607.57007351807, "4": 42045.00408256875, "5": 41498.214472430576, "6": 40504.89883313941, "7": 39373.774395436085, "8": 38706.58524983913, "9": 37122.61954775084, "10": 35689.67959541461, "11": 35382.02418416502, "12": 34161.408823289734, "13": 34199.8380820584, "14": 34589.14240279997, "15": 34103.18596517248, "16": 33698.98267043922, "17": 32715.84536328564, "18": 32581.16775396627}, "qspdt_steps": {"0": 0, "1": 0, "2": 0, "3": 9.289279760110606, "4": 19.75439979094322, "5": 22.50904761132724, "6": 27.36620119841574, "7": 31.27711951781736, "8": 37.20243425152062, "9": 42.705910233239464, "10": 50.85244343331926, "11": 61.7650326524291, "12": 68.3742079570012, "13": 76.83233430813706, "14": 84.53968154803407, "15": 91.47165847056193, "16": 99.45126475608858, "17": 105.86835668784043, "18": 108.915386843953}}