{"mission_setup": {"len_simulation": 18000, "time_step_duration": 0.15, "seed": 6, "n_drones": 30, "env_width": 1500, "env_height": 1500, "drone_com_range": 200, "drone_sen_range": 0, "drone_speed": 8, "drone_max_buffer_size": 500000, "drone_max_energy": 100000, "drone_retransmission_delta": 10, "drone_communication_success": 0.9, "depot_com_range": 200, "depot_coordinates": [750, 0], "event_duration": 2000, "packets_max_ttl": 18000, "show_plot": false, "routing_algorithm": "RoutingAlgorithm.QL", "communication_error_type": "ChannelError.GAUSSIAN", "time_on_active_routing": "0"}, "mean_number_of_relays": 2.9506220999466186, "packet_mean_delivery_time": 136.69846153846152, "packet_delivery_ratio": 0.23465703971119134, "number_of_steps": 18, "qhc_steps": {"0": 45000, "1": 45000, "2": 45000, "3": 43252.05396275199, "4": 42763.01251132323, "5": 41426.76777964651, "6": 39797.68869546437, "7": 38497.91486469235, "8": 37774.60742302112, "9": 36402.07553242245, "10": 35782.29158456328, "11": 35020.24220826493, "12": 34323.774772153156, "13": 34013.03283415752, "14": 32944.628989368975, "15": 32082.996006721864, "16": 31712.68583393462, "17": 31717.1552031126, "18": 31719.18961957287}, "qspdt_steps": {"0": 0, "1": 0, "2": 0, "3": 129.73825411972442, "4": 207.22835504151737, "5": 274.3655620504883, "6": 399.48166273364143, "7": 464.0922135462973, "8": 529.0645732779693, "9": 625.2198532655037, "10": 694.152024237927, "11": 736.4994191129258, "12": 799.213816616646, "13": 870.9377829279914, "14": 963.94147673364, "15": 1058.5142518402884, "16": 1107.6020027755476, "17": 1154.973425549843, "18": 1238.4595973601438}}