{"mission_setup": {"len_simulation": 18000, "time_step_duration": 0.15, "seed": 3, "n_drones": 25, "env_width": 1500, "env_height": 1500, "drone_com_range": 200, "drone_sen_range": 0, "drone_speed": 8, "drone_max_buffer_size": 500000, "drone_max_energy": 100000, "drone_retransmission_delta": 10, "drone_communication_success": 0.9, "depot_com_range": 200, "depot_coordinates": [750, 0], "event_duration": 2000, "packets_max_ttl": 18000, "show_plot": false, "routing_algorithm": "RoutingAlgorithm.QL", "communication_error_type": "ChannelError.GAUSSIAN", "time_on_active_routing": "0"}, "mean_number_of_relays": 2.693980480775529, "packet_mean_delivery_time": 156.55, "packet_delivery_ratio": 0.36823104693140796, "number_of_steps": 19, "qhc_steps": {"0": 31250, "1": 31250, "2": 31250, "3": 28749.728599039987, "4": 27473.764400422904, "5": 26944.76727387586, "6": 25718.976025734184, "7": 25502.289054994268, "8": 24222.66852055608, "9": 23614.57163089626, "10": 23177.51746756919, "11": 22663.302893374377, "12": 22733.341865994244, "13": 22209.0662749953, "14": 22731.910040993247, "15": 21428.482095089217, "16": 20406.86875882528, "17": 19658.584344879488, "18": 19243.703205293365}, "qspdt_steps": {"0": 0, "1": 0, "2": 0, "3": 10.760592277300448, "4": 16.067006290019428, "5": 21.708101122376387, "6": 28.033659605558803, "7": 34.54456457236098, "8": 42.464827673394765, "9": 54.75728715088986, "10": 61.62548328385026, "11": 74.17611059449426, "12": 83.69084412838322, "13": 99.83135894441976, "14": 106.59977091402159, "15": 118.77589135127876, "16": 120.27863169326184, "17": 135.5833048114941, "18": 139.9977506414652}}