{"mission_setup": {"len_simulation": 18000, "time_step_duration": 0.15, "seed": 12, "n_drones": 20, "env_width": 1500, "env_height": 1500, "drone_com_range": 200, "drone_sen_range": 0, "drone_speed": 8, "drone_max_buffer_size": 500000, "drone_max_energy": 100000, "drone_retransmission_delta": 10, "drone_communication_success": 0.9, "depot_com_range": 200, "depot_coordinates": [750, 0], "event_duration": 2000, "packets_max_ttl": 18000, "show_plot": false, "routing_algorithm": "RoutingAlgorithm.QL", "communication_error_type": "ChannelError.GAUSSIAN", "time_on_active_routing": "0"}, "mean_number_of_relays": 2.4076678043230944, "packet_mean_delivery_time": 150.55760869565216, "packet_delivery_ratio": 0.16606498194945848, "number_of_steps": 19, "qhc_steps": {"0": 20000, "1": 19930.4, "2": 19730.08, "3": 18045.6346423296, "4": 17802.258896416275, "5": 17642.68304705979, "6": 16398.19688654112, "7": 16223.166078633229, "8": 15285.582969830237, "9": 15124.922107837952, "10": 14868.227495573776, "11": 14845.444689947275, "12": 14392.227068825978, "13": 14701.516478968051, "14": 14623.740978505346, "15": 13557.298463136378, "16": 13196.276657389359, "17": 12808.963499763633, "18": 12681.983292459174}, "qspdt_steps": {"0": 0, "1": 0.058066666666666676, "2": 0.8780502369327317, "3": 7.213715404537585, "4": 13.596483782254381, "5": 16.30844692744066, "6": 23.956738320711146, "7": 29.562582472304733, "8": 38.70218542152523, "9": 49.9121701736733, "10": 50.98688526293213, "11": 58.43962131744928, "12": 67.87317719977734, "13": 83.10403003927841, "14": 95.04455936035399, "15": 105.8756072435612, "16": 107.73009861553254, "17": 116.48881955688566, "18": 122.22809740382841}}