{"mission_setup": {"len_simulation": 18000, "time_step_duration": 0.15, "seed": 27, "n_drones": 30, "env_width": 1500, "env_height": 1500, "drone_com_range": 200, "drone_sen_range": 0, "drone_speed": 8, "drone_max_buffer_size": 500000, "drone_max_energy": 100000, "drone_retransmission_delta": 10, "drone_communication_success": 0.9, "depot_com_range": 200, "depot_coordinates": [750, 0], "event_duration": 2000, "packets_max_ttl": 18000, "show_plot": false, "routing_algorithm": "RoutingAlgorithm.QL", "communication_error_type": "ChannelError.GAUSSIAN", "time_on_active_routing": "0"}, "mean_number_of_relays": 3.117923207786894, "packet_mean_delivery_time": 134.94782608695652, "packet_delivery_ratio": 0.16606498194945848, "number_of_steps": 19, "qhc_steps": {"0": 45000, "1": 45000, "2": 45000, "3": 42563.514702233595, "4": 42087.85900162932, "5": 40830.78233869558, "6": 39549.3642825786, "7": 38893.92463065787, "8": 38389.22041047886, "9": 37247.310034261776, "10": 35613.482444834764, "11": 34462.475148500234, "12": 34239.00228833172, "13": 33551.63864107127, "14": 33502.43426626307, "15": 33214.96757206969, "16": 32906.151971294414, "17": 32480.63890276176, "18": 30757.42303394175}, "qspdt_steps": {"0": 0, "1": 0, "2": 0, "3": 13.018535306932991, "4": 19.079000094118857, "5": 27.856175773864816, "6": 38.22393956405367, "7": 47.524274051446184, "8": 51.61119314996496, "9": 61.71925839895235, "10": 76.00789036527078, "11": 86.64475722815646, "12": 98.87951904142567, "13": 112.08277157110466, "14": 121.46133368933698, "15": 127.55766906685457, "16": 142.30859966537466, "17": 156.17038355165036, "18": 167.05091619069685}}