{"mission_setup": {"len_simulation": 18000, "time_step_duration": 0.15, "seed": 8, "n_drones": 15, "env_width": 1500, "env_height": 1500, "drone_com_range": 200, "drone_sen_range": 0, "drone_speed": 8, "drone_max_buffer_size": 500000, "drone_max_energy": 100000, "drone_retransmission_delta": 10, "drone_communication_success": 0.9, "depot_com_range": 200, "depot_coordinates": [750, 0], "event_duration": 2000, "packets_max_ttl": 18000, "show_plot": false, "routing_algorithm": "RoutingAlgorithm.QL", "communication_error_type": "ChannelError.GAUSSIAN", "time_on_active_routing": "0"}, "mean_number_of_relays": 1.9376207776145937, "packet_mean_delivery_time": 141.00405405405405, "packet_delivery_ratio": 0.26714801444043323, "number_of_steps": 19, "qhc_steps": {"0": 11250, "1": 11250, "2": 11250, "3": 9975.71203182592, "4": 9435.307743787758, "5": 9297.443145681324, "6": 8715.155558019736, "7": 8069.1459862565325, "8": 7982.44705165001, "9": 7886.453248291346, "10": 7811.687098396334, "11": 7756.630370480098, "12": 7297.1203898429285, "13": 7140.773585525178, "14": 6794.5977328643385, "15": 7117.046418164, "16": 6882.635052115832, "17": 6857.529569908703, "18": 6509.162515437314}, "qspdt_steps": {"0": 0, "1": 0, "2": 0, "3": 7.119656506367263, "4": 17.475965438230006, "5": 22.5210048549458, "6": 26.239516618431338, "7": 28.849261878137415, "8": 35.09748446306645, "9": 41.189299461855164, "10": 46.97466967098494, "11": 50.90711356830037, "12": 52.98933182570962, "13": 58.123425740423016, "14": 62.5939559922164, "15": 68.19537520706415, "16": 69.54731630346251, "17": 71.1787655395819, "18": 80.34599941146388}}