{"mission_setup": {"len_simulation": 18000, "time_step_duration": 0.15, "seed": 1, "n_drones": 20, "env_width": 1500, "env_height": 1500, "drone_com_range": 200, "drone_sen_range": 0, "drone_speed": 8, "drone_max_buffer_size": 500000, "drone_max_energy": 100000, "drone_retransmission_delta": 10, "drone_communication_success": 0.9, "depot_com_range": 200, "depot_coordinates": [750, 0], "event_duration": 2000, "packets_max_ttl": 18000, "show_plot": false, "routing_algorithm": "RoutingAlgorithm.QL", "communication_error_type": "ChannelError.GAUSSIAN", "time_on_active_routing": "0"}, "mean_number_of_relays": 2.3122044155553065, "packet_mean_delivery_time": 159.0568181818182, "packet_delivery_ratio": 0.23826714801444043, "number_of_steps": 19, "qhc_steps": {"0": 20000, "1": 20000, "2": 20000, "3": 18750.075207679994, "4": 17555.804568443662, "5": 17673.801096262898, "6": 17273.17042654944, "7": 16515.758026684744, "8": 16340.216853057622, "9": 16186.608566424018, "10": 16017.649995440015, "11": 15785.367156859798, "12": 15524.792272970697, "13": 15460.945970515337, "14": 15166.010453732059, "15": 14647.844374614162, "16": 14112.359363279373, "17": 14288.818008623606, "18": 13253.129918517348}, "qspdt_steps": {"0": 0, "1": 0, "2": 0, "3": 8.269785664604589, "4": 13.095297872622902, "5": 18.04936678773094, "6": 21.101545857599895, "7": 24.316064209754018, "8": 29.993717203280806, "9": 38.367286233289526, "10": 45.413188057868716, "11": 49.737852364880624, "12": 57.23497927838546, "13": 69.83646347833721, "14": 78.84025509260297, "15": 84.04181166831792, "16": 88.16653735533598, "17": 91.24621364602879, "18": 100.32073465357128}}