{"mission_setup": {"len_simulation": 18000, "time_step_duration": 0.15, "seed": 16, "n_drones": 20, "env_width": 1500, "env_height": 1500, "drone_com_range": 200, "drone_sen_range": 0, "drone_speed": 8, "drone_max_buffer_size": 500000, "drone_max_energy": 100000, "drone_retransmission_delta": 10, "drone_communication_success": 0.9, "depot_com_range": 200, "depot_coordinates": [750, 0], "event_duration": 2000, "packets_max_ttl": 18000, "show_plot": false, "routing_algorithm": "RoutingAlgorithm.QL", "communication_error_type": "ChannelError.GAUSSIAN", "time_on_active_routing": "0"}, "mean_number_of_relays": 2.343423774181774, "packet_mean_delivery_time": 142.98214285714283, "packet_delivery_ratio": 0.2527075812274368, "number_of_steps": 19, "qhc_steps": {"0": 20000, "1": 19960.0, "2": 18399.755022335998, "3": 18182.097457152, "4": 17319.53318874757, "5": 16682.446290720156, "6": 15946.006949207434, "7": 15335.648072800122, "8": 14642.169902136662, "9": 13711.656916198664, "10": 13485.258455058645, "11": 13473.589924563565, "12": 13084.332157716926, "13": 12985.210675210234, "14": 12872.964960629852, "15": 12709.760545803927, "16": 12954.672218850332, "17": 12786.922175755522, "18": 12393.807455253598}, "qspdt_steps": {"0": 0, "1": 0.0008, "2": 2.4945451049438385, "3": 8.650790128913718, "4": 14.728655710852522, "5": 17.46500689447859, "6": 17.325203380852717, "7": 22.952213031311945, "8": 26.327055366947828, "9": 31.400413094773874, "10": 37.713671449349334, "11": 40.85306510935552, "12": 48.6220310859891, "13": 52.314851828895605, "14": 56.67669141378849, "15": 58.71933084039409, "16": 64.26350792931088, "17": 66.86119215185145, "18": 87.31643800290959}}