{"mission_setup": {"len_simulation": 18000, "time_step_duration": 0.15, "seed": 6, "n_drones": 10, "env_width": 1500, "env_height": 1500, "drone_com_range": 200, "drone_sen_range": 0, "drone_speed": 8, "drone_max_buffer_size": 500000, "drone_max_energy": 100000, "drone_retransmission_delta": 10, "drone_communication_success": 0.9, "depot_com_range": 200, "depot_coordinates": [750, 0], "event_duration": 2000, "packets_max_ttl": 18000, "show_plot": false, "routing_algorithm": "RoutingAlgorithm.QL", "communication_error_type": "ChannelError.GAUSSIAN", "time_on_active_routing": "0"}, "mean_number_of_relays": 1.479864270266239, "packet_mean_delivery_time": 139.26710526315787, "packet_delivery_ratio": 0.1371841155234657, "number_of_steps": 18, "qhc_steps": {"0": 5000, "1": 5000, "2": 5000, "3": 4414.101547008, "4": 3543.6980477952006, "5": 3263.772819423233, "6": 3173.5557582561287, "7": 3135.025029009408, "8": 2847.788764613152, "9": 2825.9148968333507, "10": 2551.3405309149166, "11": 2646.7265254205495, "12": 2453.499559775258, "13": 2558.1634317598778, "14": 2662.717457164113, "15": 2442.9770284286274, "16": 2372.3026896558604, "17": 2238.3944972980407, "18": 2366.8787412196707}, "qspdt_steps": {"0": 0, "1": 0, "2": 0, "3": 8.496548189224225, "4": 13.786313776694543, "5": 20.31077863274138, "6": 27.36913537874168, "7": 30.81270737795988, "8": 31.635051351486382, "9": 41.2446035357613, "10": 44.70069117469674, "11": 52.611097193727026, "12": 49.11589381511603, "13": 58.319999292849886, "14": 64.2824835015699, "15": 60.77221716242009, "16": 63.21397477078177, "17": 64.41903425119986, "18": 58.347343171864466}}