{"mission_setup": {"len_simulation": 18000, "time_step_duration": 0.15, "seed": 5, "n_drones": 20, "env_width": 1500, "env_height": 1500, "drone_com_range": 200, "drone_sen_range": 0, "drone_speed": 8, "drone_max_buffer_size": 500000, "drone_max_energy": 100000, "drone_retransmission_delta": 10, "drone_communication_success": 0.9, "depot_com_range": 200, "depot_coordinates": [750, 0], "event_duration": 2000, "packets_max_ttl": 18000, "show_plot": false, "routing_algorithm": "RoutingAlgorithm.QL", "communication_error_type": "ChannelError.GAUSSIAN", "time_on_active_routing": "0"}, "mean_number_of_relays": 2.467782602605407, "packet_mean_delivery_time": 128.42307692307693, "packet_delivery_ratio": 0.2815884476534296, "number_of_steps": 19, "qhc_steps": {"0": 20000, "1": 19844.64, "2": 19844.64, "3": 18925.635734650874, "4": 18021.890322634896, "5": 17971.300854873847, "6": 17141.271414551204, "7": 16191.174118777539, "8": 15969.344009437342, "9": 15711.171803027097, "10": 14863.83561583016, "11": 14829.132622386336, "12": 15005.17414710159, "13": 14383.89984245644, "14": 13833.139406883007, "15": 13316.956508913816, "16": 12819.626901361833, "17": 12348.896171484117, "18": 12255.35309319558}, "qspdt_steps": {"0": 0, "1": 0.08084072249589491, "2": 0.08084072249589491, "3": 8.933076649165947, "4": 15.419069856566145, "5": 18.211654150298106, "6": 27.21225905588885, "7": 36.34218781075077, "8": 42.89758779155353, "9": 49.01132041964071, "10": 56.93101722843223, "11": 69.30950423732881, "12": 75.5784710960447, "13": 84.86934023181941, "14": 92.09371849712528, "15": 100.72877916925302, "16": 108.93435738106834, "17": 110.64721269494478, "18": 115.99749423416799}}