{"mission_setup": {"len_simulation": 18000, "time_step_duration": 0.15, "seed": 2, "n_drones": 15, "env_width": 1500, "env_height": 1500, "drone_com_range": 200, "drone_sen_range": 0, "drone_speed": 8, "drone_max_buffer_size": 500000, "drone_max_energy": 100000, "drone_retransmission_delta": 10, "drone_communication_success": 0.9, "depot_com_range": 200, "depot_coordinates": [750, 0], "event_duration": 2000, "packets_max_ttl": 18000, "show_plot": false, "routing_algorithm": "RoutingAlgorithm.QL", "communication_error_type": "ChannelError.GAUSSIAN", "time_on_active_routing": "0"}, "mean_number_of_relays": 1.8020415509616374, "packet_mean_delivery_time": 87.54827586206896, "packet_delivery_ratio": 0.10469314079422383, "number_of_steps": 19, "qhc_steps": {"0": 11250, "1": 11250, "2": 11250, "3": 10184.958745599999, "4": 9331.603602392674, "5": 9300.103380088058, "6": 8556.006514310291, "7": 7813.789978693514, "8": 7380.474323533539, "9": 7594.929168065929, "10": 7529.129666004809, "11": 6633.7170426216, "12": 6544.810666212421, "13": 6257.038628295625, "14": 5908.427806050848, "15": 5956.581446921534, "16": 6229.44338066639, "17": 5951.028255837264, "18": 5467.314518086247}, "qspdt_steps": {"0": 0, "1": 0, "2": 0, "3": 8.53479945273412, "4": 10.199367984496261, "5": 15.693046759275449, "6": 25.611916110278408, "7": 28.711617915295523, "8": 34.932759370330366, "9": 42.893239454015905, "10": 48.84355699498726, "11": 54.661197847391705, "12": 61.967554860558074, "13": 66.69916223350606, "14": 70.82351866434351, "15": 82.19510313961163, "16": 92.8627227132111, "17": 98.40705460673072, "18": 104.36501160205833}}