{"mission_setup": {"len_simulation": 18000, "time_step_duration": 0.15, "seed": 2, "n_drones": 20, "env_width": 1500, "env_height": 1500, "drone_com_range": 200, "drone_sen_range": 0, "drone_speed": 8, "drone_max_buffer_size": 500000, "drone_max_energy": 100000, "drone_retransmission_delta": 10, "drone_communication_success": 0.9, "depot_com_range": 200, "depot_coordinates": [750, 0], "event_duration": 2000, "packets_max_ttl": 18000, "show_plot": false, "routing_algorithm": "RoutingAlgorithm.QL", "communication_error_type": "ChannelError.GAUSSIAN", "time_on_active_routing": "0"}, "mean_number_of_relays": 2.34376338510787, "packet_mean_delivery_time": 117.35624999999999, "packet_delivery_ratio": 0.17328519855595667, "number_of_steps": 18, "qhc_steps": {"0": 20000, "1": 20000, "2": 20000, "3": 18604.906792960002, "4": 17489.284063805444, "5": 17198.592463716064, "6": 16301.192776290782, "7": 15671.854310289842, "8": 15500.093588995194, "9": 15228.968430929599, "10": 14626.506957620915, "11": 13992.134277738409, "12": 13924.63870397097, "13": 13522.784119898166, "14": 12651.332248458413, "15": 12668.26556026329, "16": 12189.760602694105, "17": 12059.038126779473, "18": 11605.540693087147}, "qspdt_steps": {"0": 0, "1": 0, "2": 0, "3": 29.614330818321125, "4": 65.82392884655526, "5": 87.48514541726861, "6": 116.20164501416353, "7": 134.23891523433892, "8": 151.6015332190713, "9": 162.0750694822645, "10": 172.1792182320261, "11": 181.24125211720394, "12": 186.22431707849336, "13": 225.10255387716055, "14": 227.79169529359336, "15": 234.84640234542294, "16": 237.904441702651, "17": 286.64227411378664, "18": 304.75170248646907}}