{"mission_setup": {"len_simulation": 18000, "time_step_duration": 0.15, "seed": 18, "n_drones": 30, "env_width": 1500, "env_height": 1500, "drone_com_range": 200, "drone_sen_range": 0, "drone_speed": 8, "drone_max_buffer_size": 500000, "drone_max_energy": 100000, "drone_retransmission_delta": 10, "drone_communication_success": 0.9, "depot_com_range": 200, "depot_coordinates": [750, 0], "event_duration": 2000, "packets_max_ttl": 18000, "show_plot": false, "routing_algorithm": "RoutingAlgorithm.QL", "communication_error_type": "ChannelError.GAUSSIAN", "time_on_active_routing": "0"}, "mean_number_of_relays": 3.121275736778361, "packet_mean_delivery_time": 142.4565, "packet_delivery_ratio": 0.36101083032490977, "number_of_steps": 19, "qhc_steps": {"0": 45000, "1": 45000, "2": 44236.272355328, "3": 43583.46134732801, "4": 41543.88047850358, "5": 41226.88280797293, "6": 40172.89212264194, "7": 39005.84093523728, "8": 38771.95024687204, "9": 37753.82477236435, "10": 37141.85400292136, "11": 36521.46872145477, "12": 35508.11829247242, "13": 34058.085438285205, "14": 33365.40091923796, "15": 32782.81158319944, "16": 31340.32245247652, "17": 30949.52800803085, "18": 30191.000116852087}, "qspdt_steps": {"0": 0, "1": 0, "2": 2.600626650505933, "3": 12.665996260986253, "4": 18.72384506846218, "5": 22.129692745090345, "6": 33.744633696266796, "7": 46.8810571942048, "8": 55.66478354385814, "9": 63.14207525773984, "10": 69.52031578967423, "11": 77.90378003921191, "12": 91.09740427390405, "13": 92.93487578557928, "14": 103.62134889886246, "15": 115.26438476439563, "16": 122.3865908157459, "17": 129.35194213798846, "18": 144.80122893442612}}