{"mission_setup": {"len_simulation": 18000, "time_step_duration": 0.15, "seed": 9, "n_drones": 30, "env_width": 1500, "env_height": 1500, "drone_com_range": 200, "drone_sen_range": 0, "drone_speed": 8, "drone_max_buffer_size": 500000, "drone_max_energy": 100000, "drone_retransmission_delta": 10, "drone_communication_success": 0.9, "depot_com_range": 200, "depot_coordinates": [750, 0], "event_duration": 2000, "packets_max_ttl": 18000, "show_plot": false, "routing_algorithm": "RoutingAlgorithm.QL", "communication_error_type": "ChannelError.GAUSSIAN", "time_on_active_routing": "0"}, "mean_number_of_relays": 3.117307260517238, "packet_mean_delivery_time": 129.23793103448276, "packet_delivery_ratio": 0.20938628158844766, "number_of_steps": 19, "qhc_steps": {"0": 45000, "1": 45000, "2": 45000, "3": 42944.402913775084, "4": 42766.91494307203, "5": 41119.00893875129, "6": 39599.39279182607, "7": 37884.549112293134, "8": 36950.91488146377, "9": 36513.81911658834, "10": 35925.146886044065, "11": 35476.40216698072, "12": 35120.3615316361, "13": 34753.51973099939, "14": 32941.43626522485, "15": 31764.42721830518, "16": 31060.615432696984, "17": 31111.963028715305, "18": 30937.431940223014}, "qspdt_steps": {"0": 0, "1": 0, "2": 0, "3": 9.543316649175248, "4": 16.29346083743679, "5": 27.379316955141594, "6": 35.59828548106556, "7": 45.571623765418856, "8": 51.999602454508576, "9": 57.61801598311385, "10": 62.882373822584206, "11": 67.00401752415402, "12": 74.18580899852951, "13": 81.18113937192656, "14": 86.15486947114951, "15": 90.4011218314517, "16": 95.67860357519878, "17": 101.75467694381916, "18": 105.97790523950844}}