{"mission_setup": {"len_simulation": 18000, "time_step_duration": 0.15, "seed": 0, "n_drones": 25, "env_width": 1500, "env_height": 1500, "drone_com_range": 200, "drone_sen_range": 0, "drone_speed": 8, "drone_max_buffer_size": 500000, "drone_max_energy": 100000, "drone_retransmission_delta": 10, "drone_communication_success": 0.9, "depot_com_range": 200, "depot_coordinates": [750, 0], "event_duration": 2000, "packets_max_ttl": 18000, "show_plot": false, "routing_algorithm": "RoutingAlgorithm.QL", "communication_error_type": "ChannelError.GAUSSIAN", "time_on_active_routing": "0"}, "mean_number_of_relays": 2.7552214055216924, "packet_mean_delivery_time": 112.83701298701298, "packet_delivery_ratio": 0.2779783393501805, "number_of_steps": 19, "qhc_steps": {"0": 31250, "1": 31250, "2": 31185.84, "3": 29601.311646720005, "4": 28736.84808301656, "5": 27563.142176542402, "6": 26517.515123340883, "7": 25295.623704635742, "8": 24414.257683691165, "9": 23051.293504695797, "10": 22913.85847014258, "11": 23106.206198006323, "12": 22527.209129822917, "13": 21953.941012172207, "14": 21436.250681007772, "15": 20634.738460319346, "16": 20075.293000444814, "17": 19922.694138972915, "18": 20022.91337523583}, "qspdt_steps": {"0": 0, "1": 0, "2": 0.15004, "3": 9.807104945135814, "4": 14.912301959941596, "5": 22.72994326367098, "6": 25.4910261191826, "7": 30.81845036181321, "8": 39.971727674877066, "9": 44.788119605378625, "10": 50.26787059027988, "11": 59.211152602902466, "12": 67.31071755802844, "13": 68.59089218985102, "14": 75.445913935596, "15": 76.62468138253963, "16": 80.504219838656, "17": 87.84844006674534, "18": 95.90353989067016}}