{"mission_setup": {"len_simulation": 18000, "time_step_duration": 0.15, "seed": 1, "n_drones": 10, "env_width": 1500, "env_height": 1500, "drone_com_range": 200, "drone_sen_range": 0, "drone_speed": 8, "drone_max_buffer_size": 500000, "drone_max_energy": 100000, "drone_retransmission_delta": 10, "drone_communication_success": 0.9, "depot_com_range": 200, "depot_coordinates": [750, 0], "event_duration": 2000, "packets_max_ttl": 18000, "show_plot": false, "routing_algorithm": "RoutingAlgorithm.QL", "communication_error_type": "ChannelError.GAUSSIAN", "time_on_active_routing": "0"}, "mean_number_of_relays": 1.5602058686872298, "packet_mean_delivery_time": 106.225, "packet_delivery_ratio": 0.1299638989169675, "number_of_steps": 19, "qhc_steps": {"0": 5000, "1": 5000, "2": 5000, "3": 3903.2784506880002, "4": 4155.474695717097, "5": 4046.267943178327, "6": 3700.14871871227, "7": 3577.815176314634, "8": 3441.629623494436, "9": 3445.6638321164673, "10": 2662.725467784607, "11": 2331.623228362572, "12": 2203.469101353144, "13": 2165.812736447247, "14": 2424.9941265713956, "15": 2684.7494612626697, "16": 2849.395748723608, "17": 2947.2248939315864, "18": 2835.3401324027977}, "qspdt_steps": {"0": 0, "1": 0, "2": 0, "3": 9.042767820687514, "4": 13.976651775331517, "5": 13.61581144719027, "6": 17.335015516849, "7": 18.847815505767844, "8": 21.319528680890546, "9": 22.831019801965066, "10": 26.20652579838462, "11": 29.57299939389824, "12": 29.607899107851317, "13": 39.07719797860433, "14": 43.055349084269764, "15": 47.70944057995806, "16": 50.37945311818802, "17": 56.39191996297481, "18": 59.633270626210304}}