{"mission_setup": {"len_simulation": 18000, "time_step_duration": 0.15, "seed": 22, "n_drones": 15, "env_width": 1500, "env_height": 1500, "drone_com_range": 200, "drone_sen_range": 0, "drone_speed": 8, "drone_max_buffer_size": 500000, "drone_max_energy": 100000, "drone_retransmission_delta": 10, "drone_communication_success": 0.9, "depot_com_range": 200, "depot_coordinates": [750, 0], "event_duration": 2000, "packets_max_ttl": 18000, "show_plot": false, "routing_algorithm": "RoutingAlgorithm.QL", "communication_error_type": "ChannelError.GAUSSIAN", "time_on_active_routing": "0"}, "mean_number_of_relays": 1.8883825036405804, "packet_mean_delivery_time": 113.25, "packet_delivery_ratio": 0.1588447653429603, "number_of_steps": 19, "qhc_steps": {"0": 11250, "1": 11250, "2": 11250, "3": 10456.541274726396, "4": 9567.249331778998, "5": 9516.763248451183, "6": 9336.274179056869, "7": 8948.19391042309, "8": 8396.535740908292, "9": 8179.418988093982, "10": 7562.221186977612, "11": 7398.635283597042, "12": 7260.70912149376, "13": 7372.730009495787, "14": 6719.380735343322, "15": 7029.4129004819, "16": 6757.960008860499, "17": 6477.327800407169, "18": 6773.598636437894}, "qspdt_steps": {"0": 0, "1": 0, "2": 0, "3": 9.787950551089025, "4": 13.44862619925207, "5": 20.415180770980985, "6": 31.09160724427388, "7": 38.19364018802234, "8": 42.48594291523937, "9": 51.62450811403489, "10": 55.75254832274022, "11": 66.22914489109648, "12": 72.94376142686754, "13": 77.41192385238682, "14": 84.96274732271502, "15": 96.49974692114142, "16": 101.90121487870655, "17": 112.63083500312995, "18": 122.44516628620325}}