{"mission_setup": {"len_simulation": 18000, "time_step_duration": 0.15, "seed": 19, "n_drones": 20, "env_width": 1500, "env_height": 1500, "drone_com_range": 200, "drone_sen_range": 0, "drone_speed": 8, "drone_max_buffer_size": 500000, "drone_max_energy": 100000, "drone_retransmission_delta": 10, "drone_communication_success": 0.9, "depot_com_range": 200, "depot_coordinates": [750, 0], "event_duration": 2000, "packets_max_ttl": 18000, "show_plot": false, "routing_algorithm": "RoutingAlgorithm.QL", "communication_error_type": "ChannelError.GAUSSIAN", "time_on_active_routing": "0"}, "mean_number_of_relays": 2.478344991814258, "packet_mean_delivery_time": 133.06973684210527, "packet_delivery_ratio": 0.1371841155234657, "number_of_steps": 19, "qhc_steps": {"0": 20000, "1": 20000, "2": 20000, "3": 18715.029596323835, "4": 17960.114042192647, "5": 17853.06714702629, "6": 16869.849350949942, "7": 16447.750222977487, "8": 16101.98561812678, "9": 15663.186241610312, "10": 15345.465843911923, "11": 15135.99415422623, "12": 14376.28437434885, "13": 13515.874283672481, "14": 13470.472168169437, "15": 12437.05676547314, "16": 12253.46616749286, "17": 12244.445274507752, "18": 11591.062365732974}, "qspdt_steps": {"0": 0, "1": 0, "2": 0, "3": 9.112522750742285, "4": 18.197129203545884, "5": 25.217686425691575, "6": 32.887475041469955, "7": 39.407217736843805, "8": 42.81737774320609, "9": 44.36915806397677, "10": 51.3869735540974, "11": 55.13223078749517, "12": 57.46574896869458, "13": 65.63949723561709, "14": 72.14184259761174, "15": 76.1171604606193, "16": 80.79499836163974, "17": 83.64189542535854, "18": 87.33546571705413}}