{"mission_setup": {"len_simulation": 18000, "time_step_duration": 0.15, "seed": 5, "n_drones": 15, "env_width": 1500, "env_height": 1500, "drone_com_range": 200, "drone_sen_range": 0, "drone_speed": 8, "drone_max_buffer_size": 500000, "drone_max_energy": 100000, "drone_retransmission_delta": 10, "drone_communication_success": 0.9, "depot_com_range": 200, "depot_coordinates": [750, 0], "event_duration": 2000, "packets_max_ttl": 18000, "show_plot": false, "routing_algorithm": "RoutingAlgorithm.QL", "communication_error_type": "ChannelError.GAUSSIAN", "time_on_active_routing": "0"}, "mean_number_of_relays": 1.8347641652358349, "packet_mean_delivery_time": 149.67149999999998, "packet_delivery_ratio": 0.36101083032490977, "number_of_steps": 19, "qhc_steps": {"0": 11250, "1": 11183.6, "2": 11183.6, "3": 10545.258770391043, "4": 9934.879491399677, "5": 9155.673023106343, "6": 8620.812943904039, "7": 8105.759744591988, "8": 7477.4327183646565, "9": 7300.5911968823, "10": 7156.771618330081, "11": 6852.0791217538235, "12": 6478.364522416525, "13": 6821.580517558293, "14": 6757.198022890387, "15": 6785.368388997346, "16": 6562.967526858953, "17": 6269.500079329667, "18": 6297.249453003223}, "qspdt_steps": {"0": 0, "1": 0.21883333333333335, "2": 0.21883333333333335, "3": 9.193754415784271, "4": 12.280920663667814, "5": 19.13385421204923, "6": 20.63997237215083, "7": 29.826419432939637, "8": 34.910412020186065, "9": 39.24429465930749, "10": 45.843671525147506, "11": 51.20264028288412, "12": 52.88606322324377, "13": 60.976700007751816, "14": 71.8399497308789, "15": 89.02031400943672, "16": 93.0276567936276, "17": 103.3459737512585, "18": 114.20177698136547}}