{"mission_setup": {"len_simulation": 18000, "time_step_duration": 0.15, "seed": 5, "n_drones": 30, "env_width": 1500, "env_height": 1500, "drone_com_range": 200, "drone_sen_range": 0, "drone_speed": 8, "drone_max_buffer_size": 500000, "drone_max_energy": 100000, "drone_retransmission_delta": 10, "drone_communication_success": 0.9, "depot_com_range": 200, "depot_coordinates": [750, 0], "event_duration": 2000, "packets_max_ttl": 18000, "show_plot": false, "routing_algorithm": "RoutingAlgorithm.QL", "communication_error_type": "ChannelError.GAUSSIAN", "time_on_active_routing": "0"}, "mean_number_of_relays": 3.2960848757423746, "packet_mean_delivery_time": 115.50666666666666, "packet_delivery_ratio": 0.1624548736462094, "number_of_steps": 18, "qhc_steps": {"0": 45000, "1": 44867.520000000004, "2": 44643.3664, "3": 43020.55389184, "4": 42010.72504569856, "5": 40730.17038497167, "6": 39324.215536621516, "7": 38660.536527625925, "8": 37167.48038619163, "9": 35515.098974526525, "10": 35215.63084094549, "11": 34237.53129520601, "12": 33733.66378797503, "13": 33239.45883019892, "14": 32889.48366843676, "15": 33056.5319726699, "16": 32476.39259087319, "17": 31357.139170035527, "18": 30111.906631519298}, "qspdt_steps": {"0": 0, "1": 0.06467999999999999, "2": 4.93644235962444, "3": 131.19798190285314, "4": 179.10022742915947, "5": 229.54613083221727, "6": 271.71965931817834, "7": 294.7936096939848, "8": 434.00157391005183, "9": 499.36838522777083, "10": 509.787322869971, "11": 564.8623782370494, "12": 613.9044906502211, "13": 693.5783596955026, "14": 729.5461117228733, "15": 751.4089390778656, "16": 803.4937714996837, "17": 836.4641605124015, "18": 870.7719148023631}}