{"mission_setup": {"len_simulation": 18000, "time_step_duration": 0.15, "seed": 17, "n_drones": 5, "env_width": 1500, "env_height": 1500, "drone_com_range": 200, "drone_sen_range": 0, "drone_speed": 8, "drone_max_buffer_size": 500000, "drone_max_energy": 100000, "drone_retransmission_delta": 10, "drone_communication_success": 0.9, "depot_com_range": 200, "depot_coordinates": [750, 0], "event_duration": 2000, "packets_max_ttl": 18000, "show_plot": false, "routing_algorithm": "RoutingAlgorithm.QL", "communication_error_type": "ChannelError.GAUSSIAN", "time_on_active_routing": "0"}, "mean_number_of_relays": 1.1757387247278384, "packet_mean_delivery_time": 142.54, "packet_delivery_ratio": 0.1624548736462094, "number_of_steps": 19, "qhc_steps": {"0": 1250, "1": 1250, "2": 1250, "3": 929.263232, "4": 907.5405614881047, "5": 864.0136493596918, "6": 847.0900677633653, "7": 817.5549024091885, "8": 882.4786939241126, "9": 833.0968034826357, "10": 688.2894813968935, "11": 581.5290653783774, "12": 664.5653524312486, "13": 641.3554739204392, "14": 548.6375331826891, "15": 620.4099372441054, "16": 546.6062609796327, "17": 502.58256629303446, "18": 464.3651227451113}, "qspdt_steps": {"0": 0, "1": 0, "2": 0, "3": 4.320322640801222, "4": 4.695015193379053, "5": 4.573993692444632, "6": 8.066988411630758, "7": 8.341204126599399, "8": 10.605178676257436, "9": 10.11467988411806, "10": 11.410308465092541, "11": 10.958068473200855, "12": 10.804204309384593, "13": 12.905065843890306, "14": 11.0112111879848, "15": 11.658205046665833, "16": 11.562219559760388, "17": 11.070206633112656, "18": 11.077557373343195}}