{"mission_setup": {"len_simulation": 18000, "time_step_duration": 0.15, "seed": 7, "n_drones": 15, "env_width": 1500, "env_height": 1500, "drone_com_range": 200, "drone_sen_range": 0, "drone_speed": 8, "drone_max_buffer_size": 500000, "drone_max_energy": 100000, "drone_retransmission_delta": 10, "drone_communication_success": 0.9, "depot_com_range": 200, "depot_coordinates": [750, 0], "event_duration": 2000, "packets_max_ttl": 18000, "show_plot": false, "routing_algorithm": "RoutingAlgorithm.QL", "communication_error_type": "ChannelError.GAUSSIAN", "time_on_active_routing": "0"}, "mean_number_of_relays": 1.7168376419094515, "packet_mean_delivery_time": 123.73653846153846, "packet_delivery_ratio": 0.2815884476534296, "number_of_steps": 19, "qhc_steps": {"0": 11250, "1": 11172.08, "2": 10771.725747199998, "3": 9731.059270656, "4": 9397.82026306221, "5": 9030.80879447504, "6": 9095.9601550471, "7": 8488.799238727644, "8": 8272.15291400102, "9": 8710.192846934895, "10": 9079.256466575063, "11": 8449.811056020697, "12": 8084.783060104431, "13": 8155.6685103393365, "14": 7526.741037874465, "15": 6959.830854306709, "16": 6224.6090381448485, "17": 5845.592348551784, "18": 5550.113824607725}, "qspdt_steps": {"0": 0, "1": 0.02752, "2": 1.4931773501315881, "3": 8.190935380368309, "4": 18.542643979883398, "5": 26.417080332167117, "6": 29.65198162913899, "7": 34.98158055029297, "8": 42.44789265201868, "9": 52.74704180004249, "10": 60.20517367510062, "11": 66.40283745601954, "12": 71.80887892139262, "13": 76.14606982123088, "14": 77.32852876417542, "15": 84.77712023085532, "16": 92.37622315802113, "17": 96.4189660452506, "18": 97.80377913326453}}