{"mission_setup": {"len_simulation": 18000, "time_step_duration": 0.15, "seed": 2, "n_drones": 25, "env_width": 1500, "env_height": 1500, "drone_com_range": 200, "drone_sen_range": 0, "drone_speed": 8, "drone_max_buffer_size": 500000, "drone_max_energy": 100000, "drone_retransmission_delta": 10, "drone_communication_success": 0.9, "depot_com_range": 200, "depot_coordinates": [750, 0], "event_duration": 2000, "packets_max_ttl": 18000, "show_plot": false, "routing_algorithm": "RoutingAlgorithm.QL", "communication_error_type": "ChannelError.GAUSSIAN", "time_on_active_routing": "0"}, "mean_number_of_relays": 2.692092226008069, "packet_mean_delivery_time": 122.59322033898304, "packet_delivery_ratio": 0.21299638989169675, "number_of_steps": 18, "qhc_steps": {"0": 31250, "1": 31250, "2": 31250, "3": 29108.05225983999, "4": 28409.53382424577, "5": 26993.33533079718, "6": 25787.73554338419, "7": 25255.151125673616, "8": 24467.688981173796, "9": 24184.74543412143, "10": 23493.118354393966, "11": 22934.36885684561, "12": 22454.903637894036, "13": 22703.019836457683, "14": 22260.66616825072, "15": 21344.723314433228, "16": 20784.888388999458, "17": 20735.326538911053, "18": 20445.622684406342}, "qspdt_steps": {"0": 0, "1": 0, "2": 0, "3": 114.40194678763615, "4": 161.48032801617134, "5": 291.8035719976007, "6": 371.8307749000305, "7": 417.72093141157677, "8": 467.0299280168405, "9": 494.8687586278841, "10": 535.7802034184027, "11": 588.6892194740491, "12": 625.8695006065898, "13": 653.9345463753249, "14": 679.3607101342255, "15": 755.5548331812972, "16": 803.1200897686958, "17": 848.1868798447296, "18": 883.8097159548449}}