{"mission_setup": {"len_simulation": 18000, "time_step_duration": 0.15, "seed": 9, "n_drones": 25, "env_width": 1500, "env_height": 1500, "drone_com_range": 200, "drone_sen_range": 0, "drone_speed": 8, "drone_max_buffer_size": 500000, "drone_max_energy": 100000, "drone_retransmission_delta": 10, "drone_communication_success": 0.9, "depot_com_range": 200, "depot_coordinates": [750, 0], "event_duration": 2000, "packets_max_ttl": 18000, "show_plot": false, "routing_algorithm": "RoutingAlgorithm.QL", "communication_error_type": "ChannelError.GAUSSIAN", "time_on_active_routing": "0"}, "mean_number_of_relays": 2.679049561131306, "packet_mean_delivery_time": 120.16666666666666, "packet_delivery_ratio": 0.1299638989169675, "number_of_steps": 18, "qhc_steps": {"0": 31250, "1": 31250, "2": 31250, "3": 29632.205008363533, "4": 28739.026426289158, "5": 27184.426586784, "6": 26626.697239691974, "7": 26177.21130162817, "8": 24669.866839169223, "9": 23753.93973341893, "10": 23585.60482591276, "11": 23413.68853572511, "12": 22372.638151846182, "13": 21664.9281251795, "14": 21308.967263407903, "15": 21649.134470863315, "16": 20400.468150855053, "17": 20496.549800268233, "18": 20402.62375583578}, "qspdt_steps": {"0": 0, "1": 0, "2": 0, "3": 74.87616690892617, "4": 106.99810035491575, "5": 185.12360720121245, "6": 230.5627042778737, "7": 280.0601821540131, "8": 359.82998368624646, "9": 420.15518032925974, "10": 447.28635708938936, "11": 472.19069489576407, "12": 525.6393378095419, "13": 589.0615099435872, "14": 623.2453276455658, "15": 644.7520803741525, "16": 738.854110971756, "17": 752.9800701551881, "18": 775.5336985389636}}