{"mission_setup": {"len_simulation": 18000, "time_step_duration": 0.15, "seed": 18, "n_drones": 15, "env_width": 1500, "env_height": 1500, "drone_com_range": 200, "drone_sen_range": 0, "drone_speed": 8, "drone_max_buffer_size": 500000, "drone_max_energy": 100000, "drone_retransmission_delta": 10, "drone_communication_success": 0.9, "depot_com_range": 200, "depot_coordinates": [750, 0], "event_duration": 2000, "packets_max_ttl": 18000, "show_plot": false, "routing_algorithm": "RoutingAlgorithm.QL", "communication_error_type": "ChannelError.GAUSSIAN", "time_on_active_routing": "0"}, "mean_number_of_relays": 1.9334742376987912, "packet_mean_delivery_time": 108.50625, "packet_delivery_ratio": 0.17328519855595667, "number_of_steps": 19, "qhc_steps": {"0": 11250, "1": 11250, "2": 11170.063999999998, "3": 10367.562488832, "4": 9822.091844898825, "5": 9339.692471560207, "6": 8720.424371859895, "7": 8182.979557186606, "8": 7994.792119331908, "9": 7586.256715696367, "10": 7258.150853655355, "11": 6846.491099869057, "12": 6993.352627892026, "13": 6323.409019095569, "14": 5823.28957378556, "15": 5870.223606581816, "16": 5702.0036231427775, "17": 5209.2559487634035, "18": 5371.827140698513}, "qspdt_steps": {"0": 0, "1": 0, "2": 0.07943823529411764, "3": 7.514475748038602, "4": 13.53761931765241, "5": 20.88305520039791, "6": 25.556508852165273, "7": 30.458038621907527, "8": 34.85113473220437, "9": 39.56863625017716, "10": 50.41168637403237, "11": 52.3558782496659, "12": 58.65512666742388, "13": 72.79231642857256, "14": 83.79817442033661, "15": 95.9550565483583, "16": 103.62901495317271, "17": 110.39587050709777, "18": 118.464299429588}}