{"mission_setup": {"len_simulation": 18000, "time_step_duration": 0.15, "seed": 25, "n_drones": 10, "env_width": 1500, "env_height": 1500, "drone_com_range": 200, "drone_sen_range": 0, "drone_speed": 8, "drone_max_buffer_size": 500000, "drone_max_energy": 100000, "drone_retransmission_delta": 10, "drone_communication_success": 0.9, "depot_com_range": 200, "depot_coordinates": [750, 0], "event_duration": 2000, "packets_max_ttl": 18000, "show_plot": false, "routing_algorithm": "RoutingAlgorithm.QL", "communication_error_type": "ChannelError.GAUSSIAN", "time_on_active_routing": "0"}, "mean_number_of_relays": 1.481025239443407, "packet_mean_delivery_time": 90.54310344827586, "packet_delivery_ratio": 0.10469314079422383, "number_of_steps": 19, "qhc_steps": {"0": 5000, "1": 4924.8, "2": 4924.8, "3": 4217.888582451201, "4": 4281.7855336389475, "5": 3601.0849925112707, "6": 3496.1789538347753, "7": 3517.0940195551234, "8": 2942.007765163567, "9": 3542.345297598965, "10": 2998.122036092358, "11": 3241.905619955506, "12": 2487.5456579753377, "13": 2643.2539110766975, "14": 2462.359323002546, "15": 2528.4096667580566, "16": 2348.6767395458774, "17": 2449.1044885282627, "18": 2505.072679109132}, "qspdt_steps": {"0": 0, "1": 0.2696, "2": 0.2696, "3": 9.19568477506711, "4": 13.518358384763863, "5": 21.208724055601145, "6": 23.31429022243892, "7": 26.36202308600258, "8": 37.48842901214835, "9": 42.29683168606067, "10": 42.09182666032699, "11": 46.08327102480512, "12": 47.38005504589289, "13": 51.319116630948685, "14": 51.34670807564464, "15": 53.477071362849415, "16": 55.42740435522808, "17": 62.53662987732784, "18": 64.84463330833779}}