{"mission_setup": {"len_simulation": 18000, "time_step_duration": 0.15, "seed": 5, "n_drones": 20, "env_width": 1500, "env_height": 1500, "drone_com_range": 200, "drone_sen_range": 0, "drone_speed": 8, "drone_max_buffer_size": 500000, "drone_max_energy": 100000, "drone_retransmission_delta": 10, "drone_communication_success": 0.9, "depot_com_range": 200, "depot_coordinates": [750, 0], "event_duration": 2000, "packets_max_ttl": 18000, "show_plot": false, "routing_algorithm": "RoutingAlgorithm.QL", "communication_error_type": "ChannelError.GAUSSIAN", "time_on_active_routing": "0"}, "mean_number_of_relays": 2.4784110915492956, "packet_mean_delivery_time": 140.775, "packet_delivery_ratio": 0.30324909747292417, "number_of_steps": 18, "qhc_steps": {"0": 20000, "1": 19844.64, "2": 19844.64, "3": 18473.149421895676, "4": 18099.006914617014, "5": 17920.320656027805, "6": 17244.68346491181, "7": 17101.979106140087, "8": 16513.995644890325, "9": 15750.721935069294, "10": 15044.266949821424, "11": 14857.947495202523, "12": 14877.36297744197, "13": 14893.581435215543, "14": 14073.191305596947, "15": 13495.67680148149, "16": 13466.27077124981, "17": 12894.60165827299, "18": 12657.30156697314}, "qspdt_steps": {"0": 0, "1": 1.9991592775041047, "2": 1.9991592775041047, "3": 55.59948862059569, "4": 59.71161633562826, "5": 85.0497583937393, "6": 115.7400653581491, "7": 123.35269120882343, "8": 136.93773269822034, "9": 147.60528155376028, "10": 161.91435185361655, "11": 178.79717755973417, "12": 201.7993233983484, "13": 197.9533663405959, "14": 203.2358040873405, "15": 215.0386339344245, "16": 213.0365659208072, "17": 222.48937090015175, "18": 227.34054371207742}}