{"mission_setup": {"len_simulation": 18000, "time_step_duration": 0.15, "seed": 10, "n_drones": 25, "env_width": 1500, "env_height": 1500, "drone_com_range": 200, "drone_sen_range": 0, "drone_speed": 8, "drone_max_buffer_size": 500000, "drone_max_energy": 100000, "drone_retransmission_delta": 10, "drone_communication_success": 0.9, "depot_com_range": 200, "depot_coordinates": [750, 0], "event_duration": 2000, "packets_max_ttl": 18000, "show_plot": false, "routing_algorithm": "RoutingAlgorithm.QL", "communication_error_type": "ChannelError.GAUSSIAN", "time_on_active_routing": "0"}, "mean_number_of_relays": 2.716139065229432, "packet_mean_delivery_time": 103.84499999999998, "packet_delivery_ratio": 0.1444043321299639, "number_of_steps": 19, "qhc_steps": {"0": 31250, "1": 31210.0, "2": 31005.84, "3": 29322.368630644727, "4": 28362.68122012149, "5": 28018.888663245172, "6": 26843.092315979313, "7": 26021.804504502976, "8": 25299.345905460978, "9": 24881.611101048853, "10": 24224.22373382766, "11": 23090.35737078827, "12": 22949.829202107747, "13": 23358.61444770259, "14": 23008.239086698857, "15": 22525.902802408003, "16": 22164.77793328584, "17": 21953.96907687402, "18": 21049.714443805136}, "qspdt_steps": {"0": 0, "1": 0.0037600000000000003, "2": 0.06679674080267559, "3": 6.098743031528369, "4": 16.8112437858674, "5": 22.650701631169255, "6": 27.5283235804903, "7": 35.194779249322245, "8": 39.880361206647116, "9": 47.353046754322804, "10": 59.171018515961975, "11": 63.22780667038344, "12": 68.83061968957871, "13": 78.8104086250742, "14": 85.87957105866421, "15": 92.29664606434609, "16": 94.79132881519078, "17": 103.81148595862628, "18": 112.54207643505676}}