{"mission_setup": {"len_simulation": 18000, "time_step_duration": 0.15, "seed": 15, "n_drones": 30, "env_width": 1500, "env_height": 1500, "drone_com_range": 200, "drone_sen_range": 0, "drone_speed": 8, "drone_max_buffer_size": 500000, "drone_max_energy": 100000, "drone_retransmission_delta": 10, "drone_communication_success": 0.9, "depot_com_range": 200, "depot_coordinates": [750, 0], "event_duration": 2000, "packets_max_ttl": 18000, "show_plot": false, "routing_algorithm": "RoutingAlgorithm.QL", "communication_error_type": "ChannelError.GAUSSIAN", "time_on_active_routing": "0"}, "mean_number_of_relays": 2.957418932197838, "packet_mean_delivery_time": 120.3590909090909, "packet_delivery_ratio": 0.23826714801444043, "number_of_steps": 19, "qhc_steps": {"0": 45000, "1": 44890.816, "2": 44890.816, "3": 42939.926380544006, "4": 41299.02959893938, "5": 39928.72015639477, "6": 39227.638223393245, "7": 39115.10260187536, "8": 38160.14534991686, "9": 36804.082249870306, "10": 36208.62720511205, "11": 35376.89772927256, "12": 33969.087388981694, "13": 33866.42302006601, "14": 33018.09264710247, "15": 32420.160429887113, "16": 31135.39737790747, "17": 31138.101552377164, "18": 30103.077799463263}, "qspdt_steps": {"0": 0, "1": 0.22458116402116404, "2": 0.22458116402116404, "3": 12.341037757850975, "4": 21.42349090774689, "5": 28.27157979231164, "6": 37.75415463143245, "7": 40.42999862026153, "8": 47.48732387823434, "9": 55.0716281320427, "10": 64.40107184965709, "11": 69.2713198107464, "12": 84.63267005367592, "13": 89.43531356679917, "14": 99.24425786704214, "15": 106.45127397044652, "16": 121.602921724138, "17": 132.7310979414745, "18": 149.73249431875004}}