{"mission_setup": {"len_simulation": 18000, "time_step_duration": 0.15, "seed": 8, "n_drones": 25, "env_width": 1500, "env_height": 1500, "drone_com_range": 200, "drone_sen_range": 0, "drone_speed": 8, "drone_max_buffer_size": 500000, "drone_max_energy": 100000, "drone_retransmission_delta": 10, "drone_communication_success": 0.9, "depot_com_range": 200, "depot_coordinates": [750, 0], "event_duration": 2000, "packets_max_ttl": 18000, "show_plot": false, "routing_algorithm": "RoutingAlgorithm.QL", "communication_error_type": "ChannelError.GAUSSIAN", "time_on_active_routing": "0"}, "mean_number_of_relays": 2.613909018939163, "packet_mean_delivery_time": 152.1718085106383, "packet_delivery_ratio": 0.33935018050541516, "number_of_steps": 18, "qhc_steps": {"0": 31250, "1": 31250, "2": 31250, "3": 29082.38558719999, "4": 28234.527315415846, "5": 27558.16680053876, "6": 27086.34681936992, "7": 26202.56271887714, "8": 25020.753223256, "9": 24855.700930160092, "10": 24294.207177354507, "11": 23966.77277687366, "12": 23345.054386360738, "13": 23228.16698006521, "14": 22226.772485003476, "15": 21692.847064735266, "16": 21201.84109899025, "17": 20032.081276399113, "18": 19430.136727014666}, "qspdt_steps": {"0": 0, "1": 0, "2": 0, "3": 102.53992019904531, "4": 146.04788635177795, "5": 181.72826014559425, "6": 226.90866632179464, "7": 248.53896561968722, "8": 301.43590284757454, "9": 336.4427355351986, "10": 392.9134372176976, "11": 420.1721762636701, "12": 474.2153045459617, "13": 487.84978589289824, "14": 517.4088852278084, "15": 523.230902877483, "16": 531.1136164405829, "17": 556.6791661592758, "18": 565.0374195104013}}