{"mission_setup": {"len_simulation": 18000, "time_step_duration": 0.15, "seed": 6, "n_drones": 20, "env_width": 1500, "env_height": 1500, "drone_com_range": 200, "drone_sen_range": 0, "drone_speed": 8, "drone_max_buffer_size": 500000, "drone_max_energy": 100000, "drone_retransmission_delta": 10, "drone_communication_success": 0.9, "depot_com_range": 200, "depot_coordinates": [750, 0], "event_duration": 2000, "packets_max_ttl": 18000, "show_plot": false, "routing_algorithm": "RoutingAlgorithm.QL", "communication_error_type": "ChannelError.GAUSSIAN", "time_on_active_routing": "0"}, "mean_number_of_relays": 2.182322171055573, "packet_mean_delivery_time": 108.42916666666666, "packet_delivery_ratio": 0.1299638989169675, "number_of_steps": 18, "qhc_steps": {"0": 20000, "1": 19928.8, "2": 19928.8, "3": 18863.771802419193, "4": 18090.52609525137, "5": 17355.100785483424, "6": 16535.85182816356, "7": 16067.032190598233, "8": 16147.794844905362, "9": 15920.510900957252, "10": 14813.199898567485, "11": 13951.153677279843, "12": 13883.836287107353, "13": 14239.115423109224, "14": 13201.808552814991, "15": 12630.29243546568, "16": 13056.404411613952, "17": 13142.854870617532, "18": 13344.794608890536}, "qspdt_steps": {"0": 0, "1": 0.04690000000000001, "2": 0.04690000000000001, "3": 62.66721213676819, "4": 123.36357896992374, "5": 183.76885654523048, "6": 228.66392043558244, "7": 269.7358388327851, "8": 308.41054629748197, "9": 322.0693830120365, "10": 383.9680690829779, "11": 438.94916403936185, "12": 482.00617614720306, "13": 518.7516508076894, "14": 558.8168087668917, "15": 582.9983008818045, "16": 586.9343355657513, "17": 592.8311789425056, "18": 573.3621919539986}}