{"mission_setup": {"len_simulation": 18000, "time_step_duration": 0.15, "seed": 6, "n_drones": 10, "env_width": 1500, "env_height": 1500, "drone_com_range": 200, "drone_sen_range": 0, "drone_speed": 8, "drone_max_buffer_size": 500000, "drone_max_energy": 100000, "drone_retransmission_delta": 10, "drone_communication_success": 0.9, "depot_com_range": 200, "depot_coordinates": [750, 0], "event_duration": 2000, "packets_max_ttl": 18000, "show_plot": false, "routing_algorithm": "RoutingAlgorithm.QL", "communication_error_type": "ChannelError.GAUSSIAN", "time_on_active_routing": "0"}, "mean_number_of_relays": 1.4759348389485376, "packet_mean_delivery_time": 139.26710526315787, "packet_delivery_ratio": 0.1371841155234657, "number_of_steps": 19, "qhc_steps": {"0": 5000, "1": 5000, "2": 5000, "3": 4414.101547008, "4": 3543.6980477952006, "5": 3263.772819423233, "6": 3173.5557582561287, "7": 3139.8250290094084, "8": 2774.5367041676946, "9": 2850.6115107397427, "10": 2552.718337748969, "11": 2588.1935518872488, "12": 2463.2825637220217, "13": 2556.0603661597997, "14": 2659.2297796521502, "15": 2425.586828309711, "16": 2357.401692862137, "17": 2221.749147574098, "18": 2355.451743086863}, "qspdt_steps": {"0": 0, "1": 0, "2": 0, "3": 6.272671394775776, "4": 9.021818462665463, "5": 14.225159054810618, "6": 18.78364876318471, "7": 19.870410862251916, "8": 22.526133361098626, "9": 32.41909323640909, "10": 36.365670821712264, "11": 39.58992912960275, "12": 39.880976063285665, "13": 47.749044360993906, "14": 58.49437186526706, "15": 64.8132233388037, "16": 67.08427838793607, "17": 70.9916700143332, "18": 71.75738004197379}}