{"mission_setup": {"len_simulation": 18000, "time_step_duration": 0.15, "seed": 20, "n_drones": 25, "env_width": 1500, "env_height": 1500, "drone_com_range": 200, "drone_sen_range": 0, "drone_speed": 8, "drone_max_buffer_size": 500000, "drone_max_energy": 100000, "drone_retransmission_delta": 10, "drone_communication_success": 0.9, "depot_com_range": 200, "depot_coordinates": [750, 0], "event_duration": 2000, "packets_max_ttl": 18000, "show_plot": false, "routing_algorithm": "RoutingAlgorithm.QL", "communication_error_type": "ChannelError.GAUSSIAN", "time_on_active_routing": "0"}, "mean_number_of_relays": 2.621487979476145, "packet_mean_delivery_time": 157.94651162790697, "packet_delivery_ratio": 0.3104693140794224, "number_of_steps": 19, "qhc_steps": {"0": 31250, "1": 31148.079999999998, "2": 31148.079999999998, "3": 29259.103396328566, "4": 28749.772638852217, "5": 28029.91310548321, "6": 27090.988701774342, "7": 25645.00033437624, "8": 24675.414581471825, "9": 24087.123293365566, "10": 22403.94676503654, "11": 22246.699640087718, "12": 21411.90884102418, "13": 21259.251194151966, "14": 20396.188721196715, "15": 19867.447696805557, "16": 19448.225491209898, "17": 19390.317272420132, "18": 19252.89081521674}, "qspdt_steps": {"0": 0, "1": 0.24309714285714287, "2": 0.24309714285714287, "3": 9.617998591133839, "4": 12.502196912770188, "5": 19.287001167059163, "6": 25.63762868754072, "7": 29.79432968674326, "8": 35.38295329623083, "9": 39.81692088514165, "10": 50.48810688455883, "11": 53.15094448915586, "12": 63.21264158513894, "13": 70.55187498970373, "14": 77.23502037814266, "15": 83.37826711758795, "16": 97.87263993179283, "17": 110.80670208950139, "18": 121.29134971039986}}