{"mission_setup": {"len_simulation": 18000, "time_step_duration": 0.15, "seed": 12, "n_drones": 5, "env_width": 1500, "env_height": 1500, "drone_com_range": 200, "drone_sen_range": 0, "drone_speed": 8, "drone_max_buffer_size": 500000, "drone_max_energy": 100000, "drone_retransmission_delta": 10, "drone_communication_success": 0.9, "depot_com_range": 200, "depot_coordinates": [750, 0], "event_duration": 2000, "packets_max_ttl": 18000, "show_plot": false, "routing_algorithm": "RoutingAlgorithm.QL", "communication_error_type": "ChannelError.GAUSSIAN", "time_on_active_routing": "0"}, "mean_number_of_relays": 1.1395919909331318, "packet_mean_delivery_time": 111.11896551724136, "packet_delivery_ratio": 0.10469314079422383, "number_of_steps": 19, "qhc_steps": {"0": 1250, "1": 1167.6, "2": 1167.6, "3": 914.5723033600002, "4": 771.7506241963622, "5": 760.9810389343457, "6": 657.258508393691, "7": 704.3918638829933, "8": 541.7701341467198, "9": 552.1681247471765, "10": 522.6059365097741, "11": 563.4491816919844, "12": 528.81054348725, "13": 560.7483438710038, "14": 649.9493245162172, "15": 774.4271595597402, "16": 644.2140672086127, "17": 621.6005763823267, "18": 705.1715105950585}, "qspdt_steps": {"0": 0, "1": 0.11329333333333333, "2": 0.11329333333333333, "3": 3.5088715878879047, "4": 5.741642930819454, "5": 7.0390332184450495, "6": 11.678767941745106, "7": 11.68772721621134, "8": 11.77819152653091, "9": 12.991086685285115, "10": 11.9537693955778, "11": 11.952298425976592, "12": 12.760551084003115, "13": 12.0211853840903, "14": 12.27253840485159, "15": 12.326867668316337, "16": 12.289817695968507, "17": 11.348631756827624, "18": 10.77230856100479}}