{"mission_setup": {"len_simulation": 18000, "time_step_duration": 0.15, "seed": 3, "n_drones": 20, "env_width": 1500, "env_height": 1500, "drone_com_range": 200, "drone_sen_range": 0, "drone_speed": 8, "drone_max_buffer_size": 500000, "drone_max_energy": 100000, "drone_retransmission_delta": 10, "drone_communication_success": 0.9, "depot_com_range": 200, "depot_coordinates": [750, 0], "event_duration": 2000, "packets_max_ttl": 18000, "show_plot": false, "routing_algorithm": "RoutingAlgorithm.QL", "communication_error_type": "ChannelError.GAUSSIAN", "time_on_active_routing": "0"}, "mean_number_of_relays": 2.225725606263128, "packet_mean_delivery_time": 124.05208333333333, "packet_delivery_ratio": 0.259927797833935, "number_of_steps": 19, "qhc_steps": {"0": 20000, "1": 20000, "2": 20000, "3": 17828.908889702394, "4": 17646.788095911128, "5": 16585.167531773248, "6": 16114.836167777297, "7": 16055.578623246944, "8": 15365.569429448991, "9": 15051.108066207427, "10": 14636.316845264655, "11": 14168.595857137941, "12": 14400.552759591888, "13": 13753.672274193768, "14": 13521.922084152277, "15": 12611.15875466546, "16": 12302.437794713664, "17": 11883.043461181756, "18": 11911.79551654818}, "qspdt_steps": {"0": 0, "1": 0, "2": 0, "3": 10.290567260017726, "4": 16.370179874297516, "5": 20.449571611782673, "6": 26.84730448214159, "7": 32.23652266613325, "8": 37.01343668011466, "9": 43.32848083514839, "10": 49.33982912715824, "11": 56.933113064509136, "12": 66.28731303449898, "13": 75.64576130343904, "14": 89.14868461751558, "15": 100.59610543289055, "16": 105.86954525658622, "17": 110.14898053288887, "18": 118.46279483292155}}