{"mission_setup": {"len_simulation": 18000, "time_step_duration": 0.15, "seed": 29, "n_drones": 30, "env_width": 1500, "env_height": 1500, "drone_com_range": 200, "drone_sen_range": 0, "drone_speed": 8, "drone_max_buffer_size": 500000, "drone_max_energy": 100000, "drone_retransmission_delta": 10, "drone_communication_success": 0.9, "depot_com_range": 200, "depot_coordinates": [750, 0], "event_duration": 2000, "packets_max_ttl": 18000, "show_plot": false, "routing_algorithm": "RoutingAlgorithm.QL", "communication_error_type": "ChannelError.GAUSSIAN", "time_on_active_routing": "0"}, "mean_number_of_relays": 3.0524727092292423, "packet_mean_delivery_time": 145.59807692307692, "packet_delivery_ratio": 0.2815884476534296, "number_of_steps": 19, "qhc_steps": {"0": 45000, "1": 45000, "2": 44271.706478592, "3": 41820.5130788158, "4": 41413.85815036838, "5": 40505.86539395922, "6": 40268.88683474984, "7": 38936.90213387856, "8": 37922.766333776, "9": 37429.699726677834, "10": 36795.412975312975, "11": 36067.307598954176, "12": 35953.05590716451, "13": 35489.90720654289, "14": 35875.1751267208, "15": 34713.28158013049, "16": 34425.691096269424, "17": 33432.80170442602, "18": 32096.67829949778}, "qspdt_steps": {"0": 0, "1": 0, "2": 0.8793650957277177, "3": 6.056378516716932, "4": 11.480351426502102, "5": 18.495850647868902, "6": 31.68421803877958, "7": 41.28520423006804, "8": 51.40730634124284, "9": 56.85256376327024, "10": 68.63214479960386, "11": 78.85405736859384, "12": 82.55499835182395, "13": 90.61442016666813, "14": 99.55502790546899, "15": 107.37662781009077, "16": 111.01814893565577, "17": 111.26735114634684, "18": 112.81978405204816}}