{"mission_setup": {"len_simulation": 18000, "time_step_duration": 0.15, "seed": 2, "n_drones": 10, "env_width": 1500, "env_height": 1500, "drone_com_range": 200, "drone_sen_range": 0, "drone_speed": 8, "drone_max_buffer_size": 500000, "drone_max_energy": 100000, "drone_retransmission_delta": 10, "drone_communication_success": 0.9, "depot_com_range": 200, "depot_coordinates": [750, 0], "event_duration": 2000, "packets_max_ttl": 18000, "show_plot": false, "routing_algorithm": "RoutingAlgorithm.QL", "communication_error_type": "ChannelError.GAUSSIAN", "time_on_active_routing": "0"}, "mean_number_of_relays": 1.4951368088042272, "packet_mean_delivery_time": 128.3670731707317, "packet_delivery_ratio": 0.148014440433213, "number_of_steps": 19, "qhc_steps": {"0": 5000, "1": 5000, "2": 5000, "3": 4337.1032064, "4": 4106.532769909964, "5": 3669.977498531233, "6": 3409.6222191806282, "7": 2960.6203776507937, "8": 2640.8758408771646, "9": 2845.5352719084763, "10": 2584.8695466447048, "11": 2430.0970207181363, "12": 2533.5910656595806, "13": 2246.7720507006857, "14": 2064.290918515342, "15": 1889.929820881576, "16": 2067.881331719982, "17": 2879.311663487955, "18": 2428.473730162879}, "qspdt_steps": {"0": 0, "1": 0, "2": 0, "3": 7.443028526614201, "4": 10.085310238259488, "5": 15.238874243345313, "6": 20.173472311530304, "7": 26.065459271266306, "8": 31.609239161332987, "9": 35.134234084850554, "10": 41.84361473272611, "11": 40.722855644331815, "12": 45.12555880425698, "13": 48.13150868930644, "14": 50.00039250684051, "15": 53.69808448222623, "16": 56.27718525488663, "17": 55.92782517855514, "18": 56.95527270267656}}