{"mission_setup": {"len_simulation": 18000, "time_step_duration": 0.15, "seed": 8, "n_drones": 5, "env_width": 1500, "env_height": 1500, "drone_com_range": 200, "drone_sen_range": 0, "drone_speed": 8, "drone_max_buffer_size": 500000, "drone_max_energy": 100000, "drone_retransmission_delta": 10, "drone_communication_success": 0.9, "depot_com_range": 200, "depot_coordinates": [750, 0], "event_duration": 2000, "packets_max_ttl": 18000, "show_plot": false, "routing_algorithm": "RoutingAlgorithm.QL", "communication_error_type": "ChannelError.GAUSSIAN", "time_on_active_routing": "0"}, "mean_number_of_relays": 1.3359314107560405, "packet_mean_delivery_time": 148.70416666666665, "packet_delivery_ratio": 0.1299638989169675, "number_of_steps": 18, "qhc_steps": {"0": 1250, "1": 1250, "2": 1250, "3": 1036.7355439103999, "4": 950.4723450432323, "5": 830.0723670041111, "6": 731.0661325645912, "7": 535.916292084775, "8": 516.4418643275262, "9": 486.65192401703916, "10": 421.9184417621797, "11": 392.47619571432347, "12": 416.7770670537791, "13": 395.47525548086685, "14": 354.45801928569256, "15": 360.09729951879183, "16": 425.4444481624262, "17": 402.6241220877011, "18": 456.40043321655736}, "qspdt_steps": {"0": 0, "1": 0, "2": 0, "3": 3.4852411947150705, "4": 5.609449674776976, "5": 3.5363455802505293, "6": 3.7234107852026193, "7": 2.18598577764856, "8": 2.0839037446294, "9": 6.870174678123855, "10": 6.589897474979102, "11": 7.044154542061992, "12": 7.205340910676047, "13": 6.755762389585826, "14": 6.988655865638446, "15": 9.722555477998718, "16": 9.671027762030677, "17": 8.822148199535384, "18": 7.283470325054073}}