{"mission_setup": {"len_simulation": 18000, "time_step_duration": 0.15, "seed": 1, "n_drones": 25, "env_width": 1500, "env_height": 1500, "drone_com_range": 200, "drone_sen_range": 0, "drone_speed": 8, "drone_max_buffer_size": 500000, "drone_max_energy": 100000, "drone_retransmission_delta": 10, "drone_communication_success": 0.9, "depot_com_range": 200, "depot_coordinates": [750, 0], "event_duration": 2000, "packets_max_ttl": 18000, "show_plot": false, "routing_algorithm": "RoutingAlgorithm.QL", "communication_error_type": "ChannelError.GAUSSIAN", "time_on_active_routing": "0"}, "mean_number_of_relays": 2.765991707258162, "packet_mean_delivery_time": 142.24374999999998, "packet_delivery_ratio": 0.259927797833935, "number_of_steps": 19, "qhc_steps": {"0": 31250, "1": 31250, "2": 31250, "3": 29672.429321215997, "4": 27776.703263908545, "5": 27325.442287823706, "6": 26652.89963812482, "7": 25750.086446746027, "8": 25353.41711322783, "9": 24774.78924359237, "10": 24272.146943823154, "11": 22828.565553717992, "12": 23396.67350205036, "13": 23871.0628023009, "14": 24136.567474870244, "15": 23481.814849021102, "16": 21794.333304195796, "17": 21687.09785765683, "18": 20931.853901617946}, "qspdt_steps": {"0": 0, "1": 0, "2": 0, "3": 7.067753072154249, "4": 14.689658821464798, "5": 19.677755839506748, "6": 23.39131776818945, "7": 29.938525080186064, "8": 34.88492517810694, "9": 44.80485270183278, "10": 49.030575486330186, "11": 57.459397266245, "12": 68.80553314730122, "13": 80.14548170001814, "14": 90.9210508028216, "15": 96.6547681956354, "16": 104.5679986444697, "17": 108.58910189067169, "18": 115.02241643361978}}