{"mission_setup": {"len_simulation": 18000, "time_step_duration": 0.15, "seed": 6, "n_drones": 15, "env_width": 1500, "env_height": 1500, "drone_com_range": 200, "drone_sen_range": 0, "drone_speed": 8, "drone_max_buffer_size": 500000, "drone_max_energy": 100000, "drone_retransmission_delta": 10, "drone_communication_success": 0.9, "depot_com_range": 200, "depot_coordinates": [750, 0], "event_duration": 2000, "packets_max_ttl": 18000, "show_plot": false, "routing_algorithm": "RoutingAlgorithm.QL", "communication_error_type": "ChannelError.GAUSSIAN", "time_on_active_routing": "0"}, "mean_number_of_relays": 1.9020566661872573, "packet_mean_delivery_time": 138.1755319148936, "packet_delivery_ratio": 0.16967509025270758, "number_of_steps": 19, "qhc_steps": {"0": 11250, "1": 11250, "2": 11250, "3": 10177.870590566397, "4": 10023.753260066336, "5": 9737.659995581264, "6": 9010.105843556326, "7": 8941.188121575717, "8": 8376.574874896402, "9": 8355.711720206324, "10": 8052.261077007458, "11": 8176.205671519534, "12": 7913.5432113476, "13": 8105.821046156453, "14": 7312.115778799756, "15": 7042.813244763903, "16": 7029.129529258209, "17": 7125.435946962803, "18": 7949.37519312969}, "qspdt_steps": {"0": 0, "1": 0, "2": 0, "3": 7.285133305007093, "4": 18.46395063412594, "5": 27.949592712053065, "6": 30.03091251664109, "7": 34.892119124187545, "8": 38.914080583322985, "9": 41.48182990392114, "10": 43.55527308518476, "11": 46.03859608178857, "12": 52.97118443170673, "13": 71.31352954367645, "14": 76.96893605026588, "15": 92.45988939053657, "16": 96.01786087342201, "17": 104.11735191894583, "18": 117.76044737019258}}