{"mission_setup": {"len_simulation": 18000, "time_step_duration": 0.15, "seed": 23, "n_drones": 5, "env_width": 1500, "env_height": 1500, "drone_com_range": 200, "drone_sen_range": 0, "drone_speed": 8, "drone_max_buffer_size": 500000, "drone_max_energy": 100000, "drone_retransmission_delta": 10, "drone_communication_success": 0.9, "depot_com_range": 200, "depot_coordinates": [750, 0], "event_duration": 2000, "packets_max_ttl": 18000, "show_plot": false, "routing_algorithm": "RoutingAlgorithm.QL", "communication_error_type": "ChannelError.GAUSSIAN", "time_on_active_routing": "0"}, "mean_number_of_relays": 1.1572893569844789, "packet_mean_delivery_time": 127.437, "packet_delivery_ratio": 0.18050541516245489, "number_of_steps": 19, "qhc_steps": {"0": 1250, "1": 1250, "2": 1250, "3": 898.8471961763839, "4": 983.3629479001379, "5": 770.6040150619503, "6": 576.4113233252758, "7": 437.3632034308232, "8": 457.4339725413716, "9": 402.7153740751825, "10": 531.9729160809507, "11": 484.4061068729175, "12": 501.9367691868765, "13": 456.99881918059316, "14": 472.2948032991657, "15": 500.4913078231953, "16": 535.3191932962193, "17": 514.8610021815778, "18": 584.7720747385782}, "qspdt_steps": {"0": 0, "1": 0, "2": 0, "3": 4.8473725924415145, "4": 6.766950155195437, "5": 6.292294341100848, "6": 8.99523142133321, "7": 7.757411884881315, "8": 8.206658693080042, "9": 8.927712987895775, "10": 11.537447291105758, "11": 11.9358686756867, "12": 12.719094019100007, "13": 12.490995003804898, "14": 11.47485821721416, "15": 10.705850231423696, "16": 10.555378079945795, "17": 11.17479041293556, "18": 11.852618480486539}}