{"mission_setup": {"len_simulation": 18000, "time_step_duration": 0.15, "seed": 13, "n_drones": 20, "env_width": 1500, "env_height": 1500, "drone_com_range": 200, "drone_sen_range": 0, "drone_speed": 8, "drone_max_buffer_size": 500000, "drone_max_energy": 100000, "drone_retransmission_delta": 10, "drone_communication_success": 0.9, "depot_com_range": 200, "depot_coordinates": [750, 0], "event_duration": 2000, "packets_max_ttl": 18000, "show_plot": false, "routing_algorithm": "RoutingAlgorithm.QL", "communication_error_type": "ChannelError.GAUSSIAN", "time_on_active_routing": "0"}, "mean_number_of_relays": 2.295761254425898, "packet_mean_delivery_time": 142.98, "packet_delivery_ratio": 0.23465703971119134, "number_of_steps": 19, "qhc_steps": {"0": 20000, "1": 19721.209600000002, "2": 19721.209600000002, "3": 18569.592320000003, "4": 18268.33358088362, "5": 17301.549368597724, "6": 17100.78937188761, "7": 16914.040465105918, "8": 16530.704390881125, "9": 16058.729912298471, "10": 15511.015586937263, "11": 15335.920405064146, "12": 14997.874912241718, "13": 15098.930847509382, "14": 14907.379657968422, "15": 14580.43769280977, "16": 14655.904933408076, "17": 14076.779632781361, "18": 13526.33429708518}, "qspdt_steps": {"0": 0, "1": 0.2381200920732915, "2": 0.2381200920732915, "3": 7.040796036701658, "4": 12.827453939855092, "5": 16.840934649985392, "6": 21.51531570492802, "7": 28.103477268842255, "8": 36.80644107775414, "9": 40.94745671931969, "10": 48.342701590464955, "11": 59.571368755402254, "12": 68.62276024027672, "13": 79.27637609031154, "14": 88.35672067761782, "15": 98.33483296696741, "16": 108.17450822773004, "17": 120.00081485572898, "18": 127.13731483687772}}