{"mission_setup": {"len_simulation": 18000, "time_step_duration": 0.15, "seed": 12, "n_drones": 10, "env_width": 1500, "env_height": 1500, "drone_com_range": 200, "drone_sen_range": 0, "drone_speed": 8, "drone_max_buffer_size": 500000, "drone_max_energy": 100000, "drone_retransmission_delta": 10, "drone_communication_success": 0.9, "depot_com_range": 200, "depot_coordinates": [750, 0], "event_duration": 2000, "packets_max_ttl": 18000, "show_plot": false, "routing_algorithm": "RoutingAlgorithm.QL", "communication_error_type": "ChannelError.GAUSSIAN", "time_on_active_routing": "0"}, "mean_number_of_relays": 1.490162706787392, "packet_mean_delivery_time": 126.79411764705881, "packet_delivery_ratio": 0.12274368231046931, "number_of_steps": 19, "qhc_steps": {"0": 5000, "1": 4882.4, "2": 4882.4, "3": 4168.4811390235445, "4": 3840.1672540540067, "5": 3824.1776902118245, "6": 3151.7425142466695, "7": 3086.6703791935524, "8": 2751.593907877486, "9": 2603.084665417654, "10": 2578.3936843531055, "11": 2687.2849858095888, "12": 2719.287358364238, "13": 2632.174775320895, "14": 2523.8477922982074, "15": 2740.6957077970787, "16": 2522.2526062826146, "17": 2225.7457451672717, "18": 2609.7457395372803}, "qspdt_steps": {"0": 0, "1": 0.12879382978723405, "2": 0.12879382978723405, "3": 3.7591614877394646, "4": 5.719145000083329, "5": 11.517644011066116, "6": 16.79830265440555, "7": 21.420880332230332, "8": 24.92001277931031, "9": 28.84748473898236, "10": 33.51185790450893, "11": 36.66472114496628, "12": 49.21242014041536, "13": 54.566727216392806, "14": 63.19944714041644, "15": 66.93130915616855, "16": 68.45854323568012, "17": 71.70767913120625, "18": 73.81889391559776}}