{"mission_setup": {"len_simulation": 18000, "time_step_duration": 0.15, "seed": 0, "n_drones": 15, "env_width": 1500, "env_height": 1500, "drone_com_range": 200, "drone_sen_range": 0, "drone_speed": 8, "drone_max_buffer_size": 500000, "drone_max_energy": 100000, "drone_retransmission_delta": 10, "drone_communication_success": 0.9, "depot_com_range": 200, "depot_coordinates": [750, 0], "event_duration": 2000, "packets_max_ttl": 18000, "show_plot": false, "routing_algorithm": "RoutingAlgorithm.QL", "communication_error_type": "ChannelError.GAUSSIAN", "time_on_active_routing": "0"}, "mean_number_of_relays": 1.9108788718207002, "packet_mean_delivery_time": 112.11951219512196, "packet_delivery_ratio": 0.148014440433213, "number_of_steps": 19, "qhc_steps": {"0": 11250, "1": 11250, "2": 11169.199999999999, "3": 10119.956802559998, "4": 9322.81423029371, "5": 8820.950526880975, "6": 8382.976267452223, "7": 8305.384078086176, "8": 7767.711759949917, "9": 7561.047107299856, "10": 7373.502271545094, "11": 7535.14917308405, "12": 7252.573466782896, "13": 7186.38721275429, "14": 7035.1928072812825, "15": 6209.199289077736, "16": 6063.01816979506, "17": 5627.936010933708, "18": 5533.433607724928}, "qspdt_steps": {"0": 0, "1": 0, "2": 0.12488, "3": 7.447778982272669, "4": 14.199937098451175, "5": 17.977712075285847, "6": 25.29177702418467, "7": 33.64163966681155, "8": 43.981231855570286, "9": 55.71148382077098, "10": 65.74818071065518, "11": 77.29321493476144, "12": 84.32214033826753, "13": 91.66934381683832, "14": 95.969931890763, "15": 100.84669849075048, "16": 106.63487710262402, "17": 111.80484167347859, "18": 115.730458304495}}