{"mission_setup": {"len_simulation": 18000, "time_step_duration": 0.15, "seed": 1, "n_drones": 20, "env_width": 1500, "env_height": 1500, "drone_com_range": 200, "drone_sen_range": 0, "drone_speed": 8, "drone_max_buffer_size": 500000, "drone_max_energy": 100000, "drone_retransmission_delta": 10, "drone_communication_success": 0.9, "depot_com_range": 200, "depot_coordinates": [750, 0], "event_duration": 2000, "packets_max_ttl": 18000, "show_plot": false, "routing_algorithm": "RoutingAlgorithm.QL", "communication_error_type": "ChannelError.GAUSSIAN", "time_on_active_routing": "0"}, "mean_number_of_relays": 2.326698577028871, "packet_mean_delivery_time": 138.33333333333331, "packet_delivery_ratio": 0.19494584837545126, "number_of_steps": 19, "qhc_steps": {"0": 20000, "1": 20000, "2": 20000, "3": 18494.780590079994, "4": 17130.821161445157, "5": 17204.384180641522, "6": 16868.235782643213, "7": 15818.122792874992, "8": 15870.980765016375, "9": 15185.19944739507, "10": 15053.530763111841, "11": 15050.00048110486, "12": 14725.498804718663, "13": 14225.241297128885, "14": 14036.112292784153, "15": 13703.866183225982, "16": 13154.502063677211, "17": 13240.113980846, "18": 12574.622917102895}, "qspdt_steps": {"0": 0, "1": 0, "2": 0, "3": 29.71352343245643, "4": 57.02749075061676, "5": 66.24593519427081, "6": 80.63222368934647, "7": 100.76522975908493, "8": 126.88446338145465, "9": 173.09875170598605, "10": 205.85697029435406, "11": 222.68685267692447, "12": 245.76358175223544, "13": 267.87722402692043, "14": 277.98939010620376, "15": 281.6281761256109, "16": 305.5154564469302, "17": 326.61740191857655, "18": 344.228049202609}}