{"mission_setup": {"len_simulation": 18000, "time_step_duration": 0.15, "seed": 25, "n_drones": 15, "env_width": 1500, "env_height": 1500, "drone_com_range": 200, "drone_sen_range": 0, "drone_speed": 8, "drone_max_buffer_size": 500000, "drone_max_energy": 100000, "drone_retransmission_delta": 10, "drone_communication_success": 0.9, "depot_com_range": 200, "depot_coordinates": [750, 0], "event_duration": 2000, "packets_max_ttl": 18000, "show_plot": false, "routing_algorithm": "RoutingAlgorithm.QL", "communication_error_type": "ChannelError.GAUSSIAN", "time_on_active_routing": "0"}, "mean_number_of_relays": 1.9797696931656326, "packet_mean_delivery_time": 122.21739130434781, "packet_delivery_ratio": 0.08303249097472924, "number_of_steps": 19, "qhc_steps": {"0": 11250, "1": 11250, "2": 11250, "3": 10183.74613246328, "4": 9716.434237239559, "5": 9033.466414449955, "6": 9019.117455722177, "7": 8426.321735457379, "8": 8526.928239404455, "9": 8508.325764543342, "10": 8106.257742334524, "11": 7819.944400957367, "12": 7171.803716573179, "13": 6933.420556926956, "14": 7159.316692280872, "15": 7398.708682345965, "16": 7214.805533664847, "17": 6904.277801610431, "18": 7189.594676676379}, "qspdt_steps": {"0": 0, "1": 0, "2": 0, "3": 7.836800339888875, "4": 15.31233079102727, "5": 24.754633750219195, "6": 29.062570053411868, "7": 34.447405483594494, "8": 39.18822352723372, "9": 49.02425983014721, "10": 56.27246461669014, "11": 70.58308593545357, "12": 78.43060746303945, "13": 86.52465374416106, "14": 101.33989943832664, "15": 106.76274013474081, "16": 113.8813988172276, "17": 130.0820874415601, "18": 131.83383046320074}}