{"mission_setup": {"len_simulation": 18000, "time_step_duration": 0.15, "seed": 5, "n_drones": 15, "env_width": 1500, "env_height": 1500, "drone_com_range": 200, "drone_sen_range": 0, "drone_speed": 8, "drone_max_buffer_size": 500000, "drone_max_energy": 100000, "drone_retransmission_delta": 10, "drone_communication_success": 0.9, "depot_com_range": 200, "depot_coordinates": [750, 0], "event_duration": 2000, "packets_max_ttl": 18000, "show_plot": false, "routing_algorithm": "RoutingAlgorithm.QL", "communication_error_type": "ChannelError.GAUSSIAN", "time_on_active_routing": "0"}, "mean_number_of_relays": 1.8386865059004618, "packet_mean_delivery_time": 155.37499999999997, "packet_delivery_ratio": 0.36823104693140796, "number_of_steps": 18, "qhc_steps": {"0": 11250, "1": 11183.6, "2": 11183.6, "3": 10576.373640028161, "4": 10345.480446648317, "5": 9614.847271533345, "6": 9031.475411369001, "7": 8024.377315729885, "8": 7982.167358355147, "9": 7537.18361758928, "10": 7550.671967059842, "11": 7580.94226327267, "12": 7038.817493840984, "13": 7268.656434564028, "14": 7046.895066347969, "15": 7037.33700746587, "16": 6821.918096241908, "17": 6689.016349904697, "18": 7004.687666257483}, "qspdt_steps": {"0": 0, "1": 0.18516666666666667, "2": 0.18516666666666667, "3": 47.3746502859906, "4": 54.9205222741102, "5": 75.4806854771194, "6": 87.07375801717866, "7": 104.70529677590677, "8": 136.16631415496778, "9": 146.73829460828108, "10": 162.12515131434506, "11": 166.2525207165834, "12": 178.3135179005651, "13": 182.40764133230135, "14": 193.3428424642281, "15": 207.86711241660615, "16": 209.82381883487477, "17": 209.45124689092722, "18": 217.35683890468107}}