{"mission_setup": {"len_simulation": 18000, "time_step_duration": 0.15, "seed": 8, "n_drones": 10, "env_width": 1500, "env_height": 1500, "drone_com_range": 200, "drone_sen_range": 0, "drone_speed": 8, "drone_max_buffer_size": 500000, "drone_max_energy": 100000, "drone_retransmission_delta": 10, "drone_communication_success": 0.9, "depot_com_range": 200, "depot_coordinates": [750, 0], "event_duration": 2000, "packets_max_ttl": 18000, "show_plot": false, "routing_algorithm": "RoutingAlgorithm.QL", "communication_error_type": "ChannelError.GAUSSIAN", "time_on_active_routing": "0"}, "mean_number_of_relays": 1.5678867773019272, "packet_mean_delivery_time": 133.86118421052632, "packet_delivery_ratio": 0.2743682310469314, "number_of_steps": 18, "qhc_steps": {"0": 5000, "1": 5000, "2": 5000, "3": 4352.891579702314, "4": 3893.499530068964, "5": 3483.139709031371, "6": 3355.4065787865193, "7": 3036.618143169062, "8": 2850.5726574869077, "9": 2835.03531954632, "10": 2506.709100934237, "11": 2481.8587735166607, "12": 2545.073796926168, "13": 2486.3100801973274, "14": 2899.4674096732947, "15": 3007.376345657268, "16": 3284.807540501014, "17": 3306.217465188718, "18": 2800.496457597031}, "qspdt_steps": {"0": 0, "1": 0, "2": 0, "3": 12.23165577403208, "4": 15.159792403304802, "5": 23.112749025779415, "6": 27.00324551831643, "7": 27.58293089611666, "8": 31.9088987971528, "9": 36.753465771447864, "10": 44.26238944912396, "11": 44.58268982662816, "12": 47.006005437127676, "13": 49.26162746162619, "14": 51.80671625957834, "15": 56.29893764051342, "16": 50.92121752117371, "17": 53.588315054222754, "18": 52.84376894332376}}