{"mission_setup": {"len_simulation": 18000, "time_step_duration": 0.15, "seed": 18, "n_drones": 10, "env_width": 1500, "env_height": 1500, "drone_com_range": 200, "drone_sen_range": 0, "drone_speed": 8, "drone_max_buffer_size": 500000, "drone_max_energy": 100000, "drone_retransmission_delta": 10, "drone_communication_success": 0.9, "depot_com_range": 200, "depot_coordinates": [750, 0], "event_duration": 2000, "packets_max_ttl": 18000, "show_plot": false, "routing_algorithm": "RoutingAlgorithm.QL", "communication_error_type": "ChannelError.GAUSSIAN", "time_on_active_routing": "0"}, "mean_number_of_relays": 1.4786248234524098, "packet_mean_delivery_time": 108.31224489795918, "packet_delivery_ratio": 0.17689530685920576, "number_of_steps": 19, "qhc_steps": {"0": 5000, "1": 4845.12, "2": 4605.344, "3": 4048.2990731919353, "4": 4264.755038908732, "5": 4189.678829859133, "6": 3923.6849750364872, "7": 3595.075046805363, "8": 3021.46098744168, "9": 2857.238867279495, "10": 2567.889185864327, "11": 2609.21554738281, "12": 2815.349154153531, "13": 3114.942490536578, "14": 2940.7930640230743, "15": 2857.654493865885, "16": 2847.5606769751084, "17": 2865.923963181914, "18": 2649.081349466965}, "qspdt_steps": {"0": 0, "1": 0.8190519254658385, "2": 1.1946027037250762, "3": 5.367603849584974, "4": 10.578678908642916, "5": 12.378655876684984, "6": 13.583523379730917, "7": 17.990492055812297, "8": 23.549779447632158, "9": 29.090397049491234, "10": 32.35401955358388, "11": 36.98786468521808, "12": 42.27036942327548, "13": 45.53059933948085, "14": 50.09253877453058, "15": 51.115559556317315, "16": 53.06333502772809, "17": 55.80401572164363, "18": 57.671155632545265}}