{"mission_setup": {"len_simulation": 18000, "time_step_duration": 0.15, "seed": 21, "n_drones": 25, "env_width": 1500, "env_height": 1500, "drone_com_range": 200, "drone_sen_range": 0, "drone_speed": 8, "drone_max_buffer_size": 500000, "drone_max_energy": 100000, "drone_retransmission_delta": 10, "drone_communication_success": 0.9, "depot_com_range": 200, "depot_coordinates": [750, 0], "event_duration": 2000, "packets_max_ttl": 18000, "show_plot": false, "routing_algorithm": "RoutingAlgorithm.QL", "communication_error_type": "ChannelError.GAUSSIAN", "time_on_active_routing": "0"}, "mean_number_of_relays": 2.592673372154579, "packet_mean_delivery_time": 155.06666666666666, "packet_delivery_ratio": 0.22743682310469315, "number_of_steps": 19, "qhc_steps": {"0": 31250, "1": 31250, "2": 31250, "3": 29172.74512504422, "4": 28299.204814944835, "5": 27413.0271076944, "6": 26973.2558598406, "7": 26679.449947890003, "8": 26968.00369773691, "9": 25387.515942129754, "10": 24197.927884387576, "11": 23439.61596052822, "12": 22818.73213931974, "13": 22246.01772788053, "14": 21414.808141109515, "15": 20791.886600589896, "16": 20719.823896254697, "17": 20467.533169368297, "18": 20466.403671949225}, "qspdt_steps": {"0": 0, "1": 0, "2": 0, "3": 11.557262332776592, "4": 19.332033614203155, "5": 28.166403240548767, "6": 36.837568129299875, "7": 44.378447802034955, "8": 54.31970018073649, "9": 56.014573755174865, "10": 59.59875421120469, "11": 65.61618869999587, "12": 70.60188864027057, "13": 75.2035800294561, "14": 83.08612830770733, "15": 82.4961668077797, "16": 93.73467094517119, "17": 101.87126474695921, "18": 106.88818450421975}}