{"mission_setup": {"len_simulation": 18000, "time_step_duration": 0.15, "seed": 8, "n_drones": 20, "env_width": 1500, "env_height": 1500, "drone_com_range": 200, "drone_sen_range": 0, "drone_speed": 8, "drone_max_buffer_size": 500000, "drone_max_energy": 100000, "drone_retransmission_delta": 10, "drone_communication_success": 0.9, "depot_com_range": 200, "depot_coordinates": [750, 0], "event_duration": 2000, "packets_max_ttl": 18000, "show_plot": false, "routing_algorithm": "RoutingAlgorithm.QL", "communication_error_type": "ChannelError.GAUSSIAN", "time_on_active_routing": "0"}, "mean_number_of_relays": 2.1803944981515073, "packet_mean_delivery_time": 149.56463414634146, "packet_delivery_ratio": 0.296028880866426, "number_of_steps": 18, "qhc_steps": {"0": 20000, "1": 20000, "2": 20000, "3": 18091.794329599998, "4": 16999.088020056042, "5": 16486.519896523143, "6": 15733.98307730069, "7": 15501.051232924268, "8": 15183.82383459151, "9": 14082.959600928254, "10": 13479.210719799024, "11": 13103.605211047612, "12": 13088.719853086199, "13": 13449.399183144398, "14": 13073.817016460374, "15": 12633.327979306276, "16": 12055.601994001228, "17": 11468.033655388113, "18": 10456.93368152049}, "qspdt_steps": {"0": 0, "1": 0, "2": 0, "3": 71.27477516005726, "4": 118.88498812938238, "5": 143.64031284475183, "6": 178.72863884793537, "7": 197.26037271842833, "8": 232.81640303619415, "9": 273.3783235614335, "10": 302.6628829707328, "11": 334.2829694345797, "12": 355.2390619076934, "13": 373.6266886340213, "14": 391.9661305423462, "15": 397.4181233757436, "16": 406.2432911501339, "17": 415.7328343512767, "18": 430.3591845862035}}