{"mission_setup": {"len_simulation": 18000, "time_step_duration": 0.15, "seed": 0, "n_drones": 5, "env_width": 1500, "env_height": 1500, "drone_com_range": 200, "drone_sen_range": 0, "drone_speed": 8, "drone_max_buffer_size": 500000, "drone_max_energy": 100000, "drone_retransmission_delta": 10, "drone_communication_success": 0.9, "depot_com_range": 200, "depot_coordinates": [750, 0], "event_duration": 2000, "packets_max_ttl": 18000, "show_plot": false, "routing_algorithm": "RoutingAlgorithm.QL", "communication_error_type": "ChannelError.GAUSSIAN", "time_on_active_routing": "0"}, "mean_number_of_relays": 1.2170663547150191, "packet_mean_delivery_time": 138.27972972972972, "packet_delivery_ratio": 0.13357400722021662, "number_of_steps": 19, "qhc_steps": {"0": 1250, "1": 1250, "2": 1250, "3": 940.6647580672, "4": 1037.9738880249402, "5": 902.6969217323881, "6": 599.0294399257525, "7": 713.4460661266486, "8": 595.1146153789823, "9": 571.3041519036694, "10": 623.9610431835487, "11": 550.936305909315, "12": 618.1209660994153, "13": 534.4811519012324, "14": 484.65708572469396, "15": 547.7411112659763, "16": 493.41289231414396, "17": 453.3441232152653, "18": 466.2003955064039}, "qspdt_steps": {"0": 0, "1": 0, "2": 0, "3": 2.9467472373058343, "4": 3.6899724512839054, "5": 5.4413967215567745, "6": 6.53103215627513, "7": 8.017069969635607, "8": 7.910546490441876, "9": 7.291755803023797, "10": 8.825205816923956, "11": 10.415213865945194, "12": 10.288987738639594, "13": 11.123018127137858, "14": 11.400661581584519, "15": 12.338649109239189, "16": 11.655530525353328, "17": 11.945536338886727, "18": 11.642339778760814}}