{"mission_setup": {"len_simulation": 18000, "time_step_duration": 0.15, "seed": 24, "n_drones": 20, "env_width": 1500, "env_height": 1500, "drone_com_range": 200, "drone_sen_range": 0, "drone_speed": 8, "drone_max_buffer_size": 500000, "drone_max_energy": 100000, "drone_retransmission_delta": 10, "drone_communication_success": 0.9, "depot_com_range": 200, "depot_coordinates": [750, 0], "event_duration": 2000, "packets_max_ttl": 18000, "show_plot": false, "routing_algorithm": "RoutingAlgorithm.QL", "communication_error_type": "ChannelError.GAUSSIAN", "time_on_active_routing": "0"}, "mean_number_of_relays": 2.1810985024876843, "packet_mean_delivery_time": 139.1007042253521, "packet_delivery_ratio": 0.2563176895306859, "number_of_steps": 19, "qhc_steps": {"0": 20000, "1": 19720.0, "2": 19663.840000000004, "3": 18763.508191232, "4": 18054.301162595944, "5": 17277.62202769163, "6": 16738.335033172298, "7": 16585.380899949327, "8": 16331.066899828904, "9": 15664.805270005938, "10": 15161.09570747147, "11": 14853.698740852235, "12": 14768.673842697124, "13": 14107.169938833049, "14": 13137.783634829795, "15": 12361.489210637517, "16": 11664.199608243958, "17": 11616.146729159509, "18": 11854.57090008333}, "qspdt_steps": {"0": 0, "1": 0.3689514192587074, "2": 0.6865895144968026, "3": 6.222015583190533, "4": 9.784387786080162, "5": 16.319301930353262, "6": 21.318893537323884, "7": 23.858026952758912, "8": 29.722668559206237, "9": 36.302693771583456, "10": 37.28397330181517, "11": 40.929494326907786, "12": 44.55740609147519, "13": 50.53597919155002, "14": 53.94076163221949, "15": 56.22510887822289, "16": 57.650079605155774, "17": 65.60441192550594, "18": 69.33281932856143}}