{"mission_setup": {"len_simulation": 18000, "time_step_duration": 0.15, "seed": 4, "n_drones": 15, "env_width": 1500, "env_height": 1500, "drone_com_range": 200, "drone_sen_range": 0, "drone_speed": 8, "drone_max_buffer_size": 500000, "drone_max_energy": 100000, "drone_retransmission_delta": 10, "drone_communication_success": 0.9, "depot_com_range": 200, "depot_coordinates": [750, 0], "event_duration": 2000, "packets_max_ttl": 18000, "show_plot": false, "routing_algorithm": "RoutingAlgorithm.QL", "communication_error_type": "ChannelError.GAUSSIAN", "time_on_active_routing": "0"}, "mean_number_of_relays": 1.8384756459355953, "packet_mean_delivery_time": 106.09772727272728, "packet_delivery_ratio": 0.1588447653429603, "number_of_steps": 18, "qhc_steps": {"0": 11250, "1": 11250, "2": 11179.76, "3": 10562.023128533241, "4": 9552.307291840729, "5": 9359.34939671572, "6": 8701.083338273038, "7": 8270.352201907714, "8": 7811.186944552034, "9": 8184.98832244501, "10": 7399.208471387612, "11": 7265.160461381719, "12": 6615.608487278805, "13": 6405.591474879224, "14": 5914.805183804552, "15": 6627.296375659017, "16": 6276.306883277358, "17": 6269.3821414321455, "18": 6571.159117723755}, "qspdt_steps": {"0": 0, "1": 0, "2": 0.048333333333333325, "3": 22.82840212461766, "4": 28.658717143176183, "5": 30.072314632994313, "6": 40.49220402194334, "7": 52.56342127165774, "8": 66.07690874819016, "9": 73.77051234625753, "10": 84.76049672829818, "11": 110.41181534615588, "12": 134.38339224093556, "13": 137.10914552245197, "14": 179.75396435974972, "15": 191.7131457393899, "16": 196.60445211778654, "17": 194.256405978423, "18": 184.30625621342853}}