{"mission_setup": {"len_simulation": 18000, "time_step_duration": 0.15, "seed": 5, "n_drones": 30, "env_width": 1500, "env_height": 1500, "drone_com_range": 200, "drone_sen_range": 0, "drone_speed": 8, "drone_max_buffer_size": 500000, "drone_max_energy": 100000, "drone_retransmission_delta": 10, "drone_communication_success": 0.9, "depot_com_range": 200, "depot_coordinates": [750, 0], "event_duration": 2000, "packets_max_ttl": 18000, "show_plot": false, "routing_algorithm": "RoutingAlgorithm.QL", "communication_error_type": "ChannelError.GAUSSIAN", "time_on_active_routing": "0"}, "mean_number_of_relays": 3.256492378931121, "packet_mean_delivery_time": 147.52279411764707, "packet_delivery_ratio": 0.24548736462093862, "number_of_steps": 19, "qhc_steps": {"0": 45000, "1": 44867.520000000004, "2": 44643.3664, "3": 43058.15389184, "4": 42250.40520953856, "5": 41882.09690875317, "6": 39593.48981493072, "7": 38843.79752494019, "8": 37327.6805285519, "9": 36251.61866903155, "10": 35249.05134931477, "11": 33867.44458350789, "12": 33365.76100851084, "13": 33078.99285562375, "14": 32684.233414682145, "15": 32446.255415453128, "16": 31288.795975074983, "17": 30477.417326691047, "18": 30003.02802702089}, "qspdt_steps": {"0": 0, "1": 0.13132000000000002, "2": 0.9134776403755608, "3": 9.921695920276164, "4": 17.07713671134426, "5": 25.000046289114216, "6": 32.472115516562376, "7": 37.17409901831934, "8": 49.63507127089967, "9": 52.765062362260004, "10": 61.447815033203845, "11": 69.13156563180513, "12": 79.35255981808841, "13": 83.18287654483284, "14": 87.67794778684335, "15": 91.9693778443509, "16": 91.85493512808976, "17": 101.19234459293568, "18": 105.5307830550416}}