{"mission_setup": {"len_simulation": 18000, "time_step_duration": 0.15, "seed": 2, "n_drones": 30, "env_width": 1500, "env_height": 1500, "drone_com_range": 200, "drone_sen_range": 0, "drone_speed": 8, "drone_max_buffer_size": 500000, "drone_max_energy": 100000, "drone_retransmission_delta": 10, "drone_communication_success": 0.9, "depot_com_range": 200, "depot_coordinates": [750, 0], "event_duration": 2000, "packets_max_ttl": 18000, "show_plot": false, "routing_algorithm": "RoutingAlgorithm.QL", "communication_error_type": "ChannelError.GAUSSIAN", "time_on_active_routing": "0"}, "mean_number_of_relays": 3.000824916502354, "packet_mean_delivery_time": 135.838125, "packet_delivery_ratio": 0.2888086642599278, "number_of_steps": 19, "qhc_steps": {"0": 45000, "1": 45000, "2": 44844.48, "3": 41997.645172735996, "4": 41164.698124599294, "5": 40729.866013456216, "6": 39402.52556847674, "7": 38293.65191796668, "8": 37673.02606827247, "9": 36062.048315756954, "10": 34052.42135352994, "11": 32797.172297204466, "12": 32534.156359504956, "13": 32148.360967010845, "14": 30859.776404113185, "15": 30114.336368097996, "16": 30369.596164053244, "17": 29981.790532258052, "18": 29288.832742237515}, "qspdt_steps": {"0": 0, "1": 0, "2": 0.017582255151760238, "3": 9.72700847299735, "4": 15.642109185360955, "5": 22.40143169807782, "6": 30.28302718061506, "7": 35.60800546849578, "8": 44.001779506945255, "9": 50.004309373480105, "10": 56.332772362198156, "11": 60.499722368846584, "12": 63.25020137943148, "13": 68.11167316946036, "14": 72.02609060952773, "15": 81.17829032980751, "16": 94.08097593749766, "17": 99.75425750421375, "18": 111.06231008345115}}