{"mission_setup": {"len_simulation": 18000, "time_step_duration": 0.15, "seed": 13, "n_drones": 25, "env_width": 1500, "env_height": 1500, "drone_com_range": 200, "drone_sen_range": 0, "drone_speed": 8, "drone_max_buffer_size": 500000, "drone_max_energy": 100000, "drone_retransmission_delta": 10, "drone_communication_success": 0.9, "depot_com_range": 200, "depot_coordinates": [750, 0], "event_duration": 2000, "packets_max_ttl": 18000, "show_plot": false, "routing_algorithm": "RoutingAlgorithm.QL", "communication_error_type": "ChannelError.GAUSSIAN", "time_on_active_routing": "0"}, "mean_number_of_relays": 2.6621464785291065, "packet_mean_delivery_time": 93.33684210526314, "packet_delivery_ratio": 0.20577617328519857, "number_of_steps": 19, "qhc_steps": {"0": 31250, "1": 30968.2016, "2": 30499.541888, "3": 29829.746567782397, "4": 28535.3762759169, "5": 27729.332505271213, "6": 26725.814167837038, "7": 26610.35276100707, "8": 24836.70746222845, "9": 24594.13116296102, "10": 24206.299473261766, "11": 23494.614780246957, "12": 23024.5572660564, "13": 22638.096568491554, "14": 22084.454368540923, "15": 22250.807275540265, "16": 22049.22971211794, "17": 22005.577227730668, "18": 21416.34636376847}, "qspdt_steps": {"0": 0, "1": 0.18575399819331526, "2": 0.9915810871697217, "3": 10.420819278912187, "4": 17.374179171879714, "5": 25.265367090527402, "6": 27.85768930894286, "7": 32.74310559878928, "8": 38.32955699099533, "9": 44.84471346301082, "10": 47.58166855296187, "11": 55.76548525136236, "12": 65.53800398433347, "13": 71.4709063626264, "14": 81.3106744449419, "15": 90.39550872867548, "16": 97.72606503216912, "17": 104.57403469349114, "18": 113.39875844218086}}