{"mission_setup": {"len_simulation": 18000, "time_step_duration": 0.15, "seed": 1, "n_drones": 30, "env_width": 1500, "env_height": 1500, "drone_com_range": 200, "drone_sen_range": 0, "drone_speed": 8, "drone_max_buffer_size": 500000, "drone_max_energy": 100000, "drone_retransmission_delta": 10, "drone_communication_success": 0.9, "depot_com_range": 200, "depot_coordinates": [750, 0], "event_duration": 2000, "packets_max_ttl": 18000, "show_plot": false, "routing_algorithm": "RoutingAlgorithm.QL", "communication_error_type": "ChannelError.GAUSSIAN", "time_on_active_routing": "0"}, "mean_number_of_relays": 3.1347219568125357, "packet_mean_delivery_time": 118.8, "packet_delivery_ratio": 0.18411552346570398, "number_of_steps": 18, "qhc_steps": {"0": 45000, "1": 45000, "2": 45000, "3": 43358.313625518065, "4": 41848.45321241536, "5": 40980.9880259336, "6": 40401.585285395035, "7": 38905.07418575533, "8": 38673.73686638422, "9": 37762.1212022996, "10": 36682.69578180613, "11": 36228.85470285676, "12": 35899.10492282425, "13": 36097.04230092603, "14": 36230.04643098655, "15": 35344.176805506024, "16": 34698.532927165346, "17": 33939.92410417581, "18": 34037.065043048315}, "qspdt_steps": {"0": 0, "1": 0, "2": 0, "3": 52.82908210240623, "4": 140.50232530355873, "5": 183.88621529833512, "6": 229.77848818952538, "7": 374.2488192578963, "8": 454.4782037980254, "9": 560.1432219772466, "10": 713.8482000467407, "11": 838.7771776841331, "12": 904.2719924278714, "13": 956.9173023035481, "14": 991.2259867190598, "15": 1046.263102028785, "16": 1080.3252266808827, "17": 1106.0690855527073, "18": 1140.4329154486034}}