{"mission_setup": {"len_simulation": 18000, "time_step_duration": 0.15, "seed": 0, "n_drones": 30, "env_width": 1500, "env_height": 1500, "drone_com_range": 200, "drone_sen_range": 0, "drone_speed": 8, "drone_max_buffer_size": 500000, "drone_max_energy": 100000, "drone_retransmission_delta": 10, "drone_communication_success": 0.9, "depot_com_range": 200, "depot_coordinates": [750, 0], "event_duration": 2000, "packets_max_ttl": 18000, "show_plot": false, "routing_algorithm": "RoutingAlgorithm.QL", "communication_error_type": "ChannelError.GAUSSIAN", "time_on_active_routing": "0"}, "mean_number_of_relays": 3.2466678273654073, "packet_mean_delivery_time": 145.79074074074072, "packet_delivery_ratio": 0.2924187725631769, "number_of_steps": 19, "qhc_steps": {"0": 45000, "1": 45000, "2": 44782.528, "3": 42636.66442805249, "4": 41480.54401384447, "5": 40491.113097902664, "6": 39594.93060995369, "7": 38625.4774086276, "8": 37131.115498768224, "9": 36733.00166155636, "10": 36416.52120059231, "11": 35305.86010199311, "12": 36051.51001781807, "13": 34973.952165291514, "14": 34691.050158914244, "15": 33249.91228067341, "16": 33116.1066038257, "17": 30953.685600245844, "18": 31228.705151771723}, "qspdt_steps": {"0": 0, "1": 0, "2": 5.429255000000001, "3": 173.8528761470379, "4": 246.72893729737456, "5": 293.988060488598, "6": 400.38889349228515, "7": 469.17393551675775, "8": 540.6473169267617, "9": 579.7825433816265, "10": 675.2755976686077, "11": 716.0084537170325, "12": 771.2519109633281, "13": 812.2968052375437, "14": 836.1972637346089, "15": 881.0461903938719, "16": 872.8409609201125, "17": 900.3733616744298, "18": 901.7347438906326}}