{"mission_setup": {"len_simulation": 18000, "time_step_duration": 0.15, "seed": 29, "n_drones": 10, "env_width": 1500, "env_height": 1500, "drone_com_range": 200, "drone_sen_range": 0, "drone_speed": 8, "drone_max_buffer_size": 500000, "drone_max_energy": 100000, "drone_retransmission_delta": 10, "drone_communication_success": 0.9, "depot_com_range": 200, "depot_coordinates": [750, 0], "event_duration": 2000, "packets_max_ttl": 18000, "show_plot": false, "routing_algorithm": "RoutingAlgorithm.QL", "communication_error_type": "ChannelError.GAUSSIAN", "time_on_active_routing": "0"}, "mean_number_of_relays": 1.4229699864546945, "packet_mean_delivery_time": 89.83666666666667, "packet_delivery_ratio": 0.1624548736462094, "number_of_steps": 19, "qhc_steps": {"0": 5000, "1": 5000, "2": 5000, "3": 4069.02165594112, "4": 3950.410384947874, "5": 3888.910459599933, "6": 3623.674121405599, "7": 3529.044251043394, "8": 3399.1450332384093, "9": 3113.5259232444905, "10": 2594.5124701010373, "11": 2198.754600075475, "12": 2311.2728234043134, "13": 2487.028741156447, "14": 2321.836073520408, "15": 2441.2671625962034, "16": 2301.751014516025, "17": 2517.357405576918, "18": 2460.182936046862}, "qspdt_steps": {"0": 0, "1": 0, "2": 0, "3": 5.636412597866141, "4": 7.510008827532549, "5": 10.43020079711652, "6": 13.728456033462862, "7": 19.258677619972307, "8": 22.807080936483707, "9": 31.869617476407157, "10": 35.23380990880459, "11": 38.9444723685758, "12": 44.818033229378024, "13": 51.075110365349, "14": 54.4926758346324, "15": 56.41624572965913, "16": 60.461491457832835, "17": 61.951667143884755, "18": 65.1914601604578}}