{"mission_setup": {"len_simulation": 18000, "time_step_duration": 0.15, "seed": 26, "n_drones": 5, "env_width": 1500, "env_height": 1500, "drone_com_range": 200, "drone_sen_range": 0, "drone_speed": 8, "drone_max_buffer_size": 500000, "drone_max_energy": 100000, "drone_retransmission_delta": 10, "drone_communication_success": 0.9, "depot_com_range": 200, "depot_coordinates": [750, 0], "event_duration": 2000, "packets_max_ttl": 18000, "show_plot": false, "routing_algorithm": "RoutingAlgorithm.QL", "communication_error_type": "ChannelError.GAUSSIAN", "time_on_active_routing": "0"}, "mean_number_of_relays": 1.1124490435873315, "packet_mean_delivery_time": 121.94999999999999, "packet_delivery_ratio": 0.18050541516245489, "number_of_steps": 19, "qhc_steps": {"0": 1250, "1": 1250, "2": 1250, "3": 767.2769279999999, "4": 639.7200392267367, "5": 637.2066114260829, "6": 508.92407397590955, "7": 511.43587413276543, "8": 660.9429349248724, "9": 558.6536180411752, "10": 602.9883379339245, "11": 588.88795447896, "12": 603.588660287799, "13": 491.39167921795774, "14": 499.13533840557636, "15": 441.41040607372344, "16": 474.6305277423692, "17": 433.9706321118755, "18": 560.1744675527552}, "qspdt_steps": {"0": 0, "1": 0, "2": 0, "3": 4.377540643223323, "4": 5.543323981752175, "5": 6.151722949981484, "6": 7.363427318679881, "7": 6.42662842283546, "8": 7.43180951817183, "9": 8.889844020864498, "10": 8.485089437313686, "11": 8.838378829311377, "12": 9.831118226289412, "13": 11.988675629149192, "14": 12.758406937333078, "15": 14.82951175586985, "16": 14.820571115790797, "17": 13.0124233005796, "18": 12.332266581519093}}