{"mission_setup": {"len_simulation": 18000, "time_step_duration": 0.15, "seed": 9, "n_drones": 30, "env_width": 1500, "env_height": 1500, "drone_com_range": 200, "drone_sen_range": 0, "drone_speed": 8, "drone_max_buffer_size": 500000, "drone_max_energy": 100000, "drone_retransmission_delta": 10, "drone_communication_success": 0.9, "depot_com_range": 200, "depot_coordinates": [750, 0], "event_duration": 2000, "packets_max_ttl": 18000, "show_plot": false, "routing_algorithm": "RoutingAlgorithm.QL", "communication_error_type": "ChannelError.GAUSSIAN", "time_on_active_routing": "0"}, "mean_number_of_relays": 3.0597682713209378, "packet_mean_delivery_time": 142.21901408450702, "packet_delivery_ratio": 0.2563176895306859, "number_of_steps": 18, "qhc_steps": {"0": 45000, "1": 45000, "2": 45000, "3": 42699.759206790935, "4": 42226.017341986066, "5": 40143.53791097658, "6": 38710.033605074546, "7": 37145.58956740655, "8": 36189.38792950117, "9": 36060.55787399115, "10": 35228.21983644096, "11": 35138.50119214652, "12": 34857.36069174182, "13": 34379.38810945108, "14": 33059.033692023455, "15": 31794.734141447007, "16": 31083.534705224836, "17": 30938.3003733268, "18": 30728.97683128634}, "qspdt_steps": {"0": 0, "1": 0, "2": 0, "3": 126.19052635249116, "4": 168.13812959149337, "5": 299.4706737312125, "6": 406.88097253921785, "7": 496.8271633958118, "8": 568.1220960423896, "9": 605.694799088483, "10": 672.743033805116, "11": 726.5225348803123, "12": 747.9429000205142, "13": 793.215529602349, "14": 870.642377849445, "15": 953.0803506692282, "16": 1004.2475919416632, "17": 1056.0914270259661, "18": 1101.3748480505749}}