{"mission_setup": {"len_simulation": 18000, "time_step_duration": 0.15, "seed": 10, "n_drones": 30, "env_width": 1500, "env_height": 1500, "drone_com_range": 200, "drone_sen_range": 0, "drone_speed": 8, "drone_max_buffer_size": 500000, "drone_max_energy": 100000, "drone_retransmission_delta": 10, "drone_communication_success": 0.9, "depot_com_range": 200, "depot_coordinates": [750, 0], "event_duration": 2000, "packets_max_ttl": 18000, "show_plot": false, "routing_algorithm": "RoutingAlgorithm.QL", "communication_error_type": "ChannelError.GAUSSIAN", "time_on_active_routing": "0"}, "mean_number_of_relays": 3.2091788627885047, "packet_mean_delivery_time": 129.4365671641791, "packet_delivery_ratio": 0.24187725631768953, "number_of_steps": 19, "qhc_steps": {"0": 45000, "1": 45000, "2": 44082.53696000001, "3": 42513.672490824516, "4": 41356.18916780987, "5": 41110.3160549571, "6": 40307.58923252906, "7": 39169.53431833916, "8": 38797.6399521003, "9": 38468.711733873504, "10": 37163.801538306114, "11": 36817.11156266681, "12": 37261.99760011795, "13": 35512.899955156696, "14": 35710.405160665134, "15": 35534.13614914786, "16": 34963.947113679526, "17": 33009.13688926514, "18": 32861.93271681205}, "qspdt_steps": {"0": 0, "1": 0, "2": 0.6797454666218629, "3": 4.7636646036226065, "4": 13.056499232272875, "5": 23.708535416798572, "6": 32.00037488062504, "7": 37.37059777412732, "8": 44.4548583451883, "9": 54.262769598157654, "10": 66.96831975430905, "11": 71.48903032620254, "12": 77.17216571970327, "13": 80.18166244306296, "14": 88.04921939141094, "15": 97.68639945686452, "16": 110.18369057233087, "17": 116.83860174586744, "18": 119.47252163925721}}