{"mission_setup": {"len_simulation": 18000, "time_step_duration": 0.15, "seed": 12, "n_drones": 30, "env_width": 1500, "env_height": 1500, "drone_com_range": 200, "drone_sen_range": 0, "drone_speed": 8, "drone_max_buffer_size": 500000, "drone_max_energy": 100000, "drone_retransmission_delta": 10, "drone_communication_success": 0.9, "depot_com_range": 200, "depot_coordinates": [750, 0], "event_duration": 2000, "packets_max_ttl": 18000, "show_plot": false, "routing_algorithm": "RoutingAlgorithm.QL", "communication_error_type": "ChannelError.GAUSSIAN", "time_on_active_routing": "0"}, "mean_number_of_relays": 3.269521124628687, "packet_mean_delivery_time": 100.9983870967742, "packet_delivery_ratio": 0.11191335740072202, "number_of_steps": 19, "qhc_steps": {"0": 45000, "1": 44737.42976, "2": 44737.42976, "3": 43329.411432448, "4": 41782.61355214872, "5": 41795.35471635353, "6": 41168.95184937694, "7": 39443.391785891974, "8": 38196.73729949646, "9": 37997.312560833074, "10": 36605.50016179483, "11": 35597.643279059484, "12": 34330.833108334096, "13": 33924.02241060221, "14": 33702.81432764058, "15": 33997.74664305257, "16": 34412.50470368743, "17": 33728.233075703945, "18": 33395.06147377361}, "qspdt_steps": {"0": 0, "1": 0.6735918790184339, "2": 0.6735918790184339, "3": 9.04872472464102, "4": 15.813487203519184, "5": 26.18131973193135, "6": 35.23526327057435, "7": 45.22606598059603, "8": 54.15588790976139, "9": 64.22967172317196, "10": 73.6303437781543, "11": 81.23410884316753, "12": 88.14595820615605, "13": 98.17791101354166, "14": 108.86518327681723, "15": 115.6679505842672, "16": 124.57622249518454, "17": 130.17049385273768, "18": 136.7723994507558}}