{"mission_setup": {"len_simulation": 18000, "time_step_duration": 0.15, "seed": 3, "n_drones": 10, "env_width": 1500, "env_height": 1500, "drone_com_range": 200, "drone_sen_range": 0, "drone_speed": 8, "drone_max_buffer_size": 500000, "drone_max_energy": 100000, "drone_retransmission_delta": 10, "drone_communication_success": 0.9, "depot_com_range": 200, "depot_coordinates": [750, 0], "event_duration": 2000, "packets_max_ttl": 18000, "show_plot": false, "routing_algorithm": "RoutingAlgorithm.QL", "communication_error_type": "ChannelError.GAUSSIAN", "time_on_active_routing": "0"}, "mean_number_of_relays": 1.5449176350402247, "packet_mean_delivery_time": 154.06875, "packet_delivery_ratio": 0.2888086642599278, "number_of_steps": 19, "qhc_steps": {"0": 5000, "1": 5000, "2": 4712.246083584, "3": 3995.7327585280004, "4": 3681.6168185856004, "5": 3421.0837594136924, "6": 3328.3745475185415, "7": 3331.519317475213, "8": 2741.1784709816407, "9": 2531.665927587181, "10": 2406.6810100683697, "11": 2706.1289143186523, "12": 3221.5059909586544, "13": 3048.9176275585846, "14": 3259.838309200715, "15": 2766.8210198242928, "16": 2729.6231305115693, "17": 2350.2025866432045, "18": 2514.657760291105}, "qspdt_steps": {"0": 0, "1": 0, "2": 1.0188713343661742, "3": 3.6300587936946145, "4": 5.538244962234492, "5": 10.359522738136649, "6": 14.31186158734999, "7": 15.907500984004507, "8": 17.476406005702927, "9": 20.31919342037229, "10": 26.24820947276739, "11": 27.881784387597058, "12": 31.561405590425032, "13": 36.28701270345154, "14": 43.95929312693412, "15": 48.87636128284262, "16": 49.503924907632005, "17": 53.89903184494072, "18": 61.95231496937727}}