{"mission_setup": {"len_simulation": 18000, "time_step_duration": 0.15, "seed": 6, "n_drones": 25, "env_width": 1500, "env_height": 1500, "drone_com_range": 200, "drone_sen_range": 0, "drone_speed": 8, "drone_max_buffer_size": 500000, "drone_max_energy": 100000, "drone_retransmission_delta": 10, "drone_communication_success": 0.9, "depot_com_range": 200, "depot_coordinates": [750, 0], "event_duration": 2000, "packets_max_ttl": 18000, "show_plot": false, "routing_algorithm": "RoutingAlgorithm.QL", "communication_error_type": "ChannelError.GAUSSIAN", "time_on_active_routing": "0"}, "mean_number_of_relays": 2.493865092274635, "packet_mean_delivery_time": 113.85, "packet_delivery_ratio": 0.1588447653429603, "number_of_steps": 19, "qhc_steps": {"0": 31250, "1": 31175.6, "2": 31175.6, "3": 29672.011002880008, "4": 28946.209901503786, "5": 27915.750871340224, "6": 27279.057029417312, "7": 26258.214112196685, "8": 25014.398374307562, "9": 24819.63314737642, "10": 23302.90263479711, "11": 23159.16372044364, "12": 22963.436159808498, "13": 22634.94189349594, "14": 21963.818440416217, "15": 22023.134714833883, "16": 22019.876723928788, "17": 21267.529891766735, "18": 21163.521909830117}, "qspdt_steps": {"0": 0, "1": 0.0345, "2": 0.0345, "3": 9.737148574221212, "4": 20.814789514984493, "5": 28.166795522031663, "6": 38.9517645041099, "7": 45.50255054938532, "8": 47.89372586355671, "9": 55.73436298757208, "10": 60.829837895929664, "11": 64.92993012924171, "12": 72.13277478083184, "13": 81.5830432378756, "14": 95.82103039198472, "15": 105.18305698485338, "16": 112.37555115381778, "17": 125.68334703577636, "18": 139.38540978710301}}