{"mission_setup": {"len_simulation": 18000, "time_step_duration": 0.15, "seed": 16, "n_drones": 30, "env_width": 1500, "env_height": 1500, "drone_com_range": 200, "drone_sen_range": 0, "drone_speed": 8, "drone_max_buffer_size": 500000, "drone_max_energy": 100000, "drone_retransmission_delta": 10, "drone_communication_success": 0.9, "depot_com_range": 200, "depot_coordinates": [750, 0], "event_duration": 2000, "packets_max_ttl": 18000, "show_plot": false, "routing_algorithm": "RoutingAlgorithm.QL", "communication_error_type": "ChannelError.GAUSSIAN", "time_on_active_routing": "0"}, "mean_number_of_relays": 3.399297545566016, "packet_mean_delivery_time": 159.05700000000002, "packet_delivery_ratio": 0.18050541516245489, "number_of_steps": 19, "qhc_steps": {"0": 45000, "1": 45000, "2": 44194.636031999995, "3": 42387.0467584, "4": 41000.17047758044, "5": 40183.32608500806, "6": 39559.32018236721, "7": 38903.35018292688, "8": 37756.295325976236, "9": 36838.067085337505, "10": 35053.7018363824, "11": 33745.11386145394, "12": 33253.577553071635, "13": 32433.73495956947, "14": 31759.040137020707, "15": 32001.575175989998, "16": 31584.578453020717, "17": 31626.02385818759, "18": 31868.717442941084}, "qspdt_steps": {"0": 0, "1": 0, "2": 2.1053153885449136, "3": 11.142894972806205, "4": 15.91938714713123, "5": 26.338875771345037, "6": 30.536941998276653, "7": 43.141069181349124, "8": 51.97054867725362, "9": 61.787128476864, "10": 64.58129214427542, "11": 73.41015840834541, "12": 81.32972488541054, "13": 89.11076893056058, "14": 101.36214827388069, "15": 105.56688358767853, "16": 112.82032622609569, "17": 119.15768078697886, "18": 127.09996962285456}}