{"mission_setup": {"len_simulation": 18000, "time_step_duration": 0.15, "seed": 3, "n_drones": 20, "env_width": 1500, "env_height": 1500, "drone_com_range": 200, "drone_sen_range": 0, "drone_speed": 8, "drone_max_buffer_size": 500000, "drone_max_energy": 100000, "drone_retransmission_delta": 10, "drone_communication_success": 0.9, "depot_com_range": 200, "depot_coordinates": [750, 0], "event_duration": 2000, "packets_max_ttl": 18000, "show_plot": false, "routing_algorithm": "RoutingAlgorithm.QL", "communication_error_type": "ChannelError.GAUSSIAN", "time_on_active_routing": "0"}, "mean_number_of_relays": 2.2125914590406963, "packet_mean_delivery_time": 140.57575757575756, "packet_delivery_ratio": 0.3574007220216607, "number_of_steps": 18, "qhc_steps": {"0": 20000, "1": 20000, "2": 20000, "3": 18180.689497702395, "4": 18038.514674941947, "5": 16676.311881571, "6": 16516.35620036471, "7": 16583.004375227647, "8": 15616.556570376973, "9": 15188.63909647615, "10": 13951.570558814657, "11": 13586.82741822382, "12": 13662.296394810148, "13": 12811.137162669274, "14": 12736.543414680269, "15": 12004.197950421292, "16": 11980.922660384153, "17": 12001.151032239552, "18": 12186.323415312783}, "qspdt_steps": {"0": 0, "1": 0, "2": 0, "3": 66.08911515652272, "4": 110.87887588681842, "5": 156.39876655769837, "6": 154.10922601083266, "7": 162.21927923534574, "8": 179.92385078821204, "9": 196.47416188247078, "10": 213.93350171492932, "11": 221.36664962973165, "12": 224.94498493260858, "13": 239.36546122034076, "14": 250.7045443073078, "15": 245.27292189627806, "16": 265.9937700722787, "17": 270.07620636196003, "18": 276.2794679234882}}