{"mission_setup": {"len_simulation": 18000, "time_step_duration": 0.15, "seed": 9, "n_drones": 20, "env_width": 1500, "env_height": 1500, "drone_com_range": 200, "drone_sen_range": 0, "drone_speed": 8, "drone_max_buffer_size": 500000, "drone_max_energy": 100000, "drone_retransmission_delta": 10, "drone_communication_success": 0.9, "depot_com_range": 200, "depot_coordinates": [750, 0], "event_duration": 2000, "packets_max_ttl": 18000, "show_plot": false, "routing_algorithm": "RoutingAlgorithm.QL", "communication_error_type": "ChannelError.GAUSSIAN", "time_on_active_routing": "0"}, "mean_number_of_relays": 2.2375474411258574, "packet_mean_delivery_time": 113.39999999999999, "packet_delivery_ratio": 0.09025270758122744, "number_of_steps": 19, "qhc_steps": {"0": 20000, "1": 19960.0, "2": 19960.0, "3": 17738.39078926581, "4": 17060.382820107916, "5": 16625.353449418428, "6": 15580.3854154723, "7": 15442.544934057902, "8": 14674.76285610673, "9": 14398.085356142506, "10": 13936.66261627115, "11": 13194.876057018226, "12": 13065.39064512434, "13": 12816.811954301193, "14": 12870.169866303013, "15": 12285.755829272764, "16": 12259.510282093952, "17": 11864.76437219539, "18": 12076.500707303538}, "qspdt_steps": {"0": 0, "1": 0.0028000000000000004, "2": 0.0028000000000000004, "3": 7.444910960270145, "4": 13.794905730570655, "5": 22.3423632769082, "6": 26.399879021489664, "7": 30.30847053485459, "8": 36.49281162327601, "9": 41.022766677565635, "10": 44.38988246046448, "11": 49.89534340955636, "12": 57.290263457025496, "13": 66.48439185111016, "14": 71.27713543793864, "15": 76.7867977900659, "16": 98.82061821249529, "17": 103.38344609828356, "18": 113.09582692139689}}