{"mission_setup": {"len_simulation": 18000, "time_step_duration": 0.15, "seed": 15, "n_drones": 20, "env_width": 1500, "env_height": 1500, "drone_com_range": 200, "drone_sen_range": 0, "drone_speed": 8, "drone_max_buffer_size": 500000, "drone_max_energy": 100000, "drone_retransmission_delta": 10, "drone_communication_success": 0.9, "depot_com_range": 200, "depot_coordinates": [750, 0], "event_duration": 2000, "packets_max_ttl": 18000, "show_plot": false, "routing_algorithm": "RoutingAlgorithm.QL", "communication_error_type": "ChannelError.GAUSSIAN", "time_on_active_routing": "0"}, "mean_number_of_relays": 2.1988989757298256, "packet_mean_delivery_time": 128.91585365853658, "packet_delivery_ratio": 0.296028880866426, "number_of_steps": 19, "qhc_steps": {"0": 20000, "1": 19914.336, "2": 19914.336, "3": 17907.657632187944, "4": 17467.829042169375, "5": 16831.2167670431, "6": 16151.672496362178, "7": 15692.736728748829, "8": 15190.48250031094, "9": 13793.99805613067, "10": 13350.881056043743, "11": 13399.521342094817, "12": 13194.43557622797, "13": 13200.580015670183, "14": 12920.199070052793, "15": 12625.836166281015, "16": 12526.433933975524, "17": 11950.734459672272, "18": 11172.445162025351}, "qspdt_steps": {"0": 0, "1": 0.05435259259259259, "2": 0.05435259259259259, "3": 8.623963618213955, "4": 11.934059154831182, "5": 16.048945478141125, "6": 25.40722214529457, "7": 35.06751854895653, "8": 39.09353043275077, "9": 43.56339956727906, "10": 49.546079051627615, "11": 55.17219278658695, "12": 64.31560589469184, "13": 77.66803539089454, "14": 99.39505075772423, "15": 119.1195663799797, "16": 128.49660747085267, "17": 146.0187274972347, "18": 159.61278752982562}}