{"mission_setup": {"len_simulation": 18000, "time_step_duration": 0.15, "seed": 25, "n_drones": 30, "env_width": 1500, "env_height": 1500, "drone_com_range": 200, "drone_sen_range": 0, "drone_speed": 8, "drone_max_buffer_size": 500000, "drone_max_energy": 100000, "drone_retransmission_delta": 10, "drone_communication_success": 0.9, "depot_com_range": 200, "depot_coordinates": [750, 0], "event_duration": 2000, "packets_max_ttl": 18000, "show_plot": false, "routing_algorithm": "RoutingAlgorithm.QL", "communication_error_type": "ChannelError.GAUSSIAN", "time_on_active_routing": "0"}, "mean_number_of_relays": 3.0854828394798552, "packet_mean_delivery_time": 153.87573529411762, "packet_delivery_ratio": 0.24548736462093862, "number_of_steps": 19, "qhc_steps": {"0": 45000, "1": 45000, "2": 44897.92, "3": 42759.630229209084, "4": 41797.59424215854, "5": 39496.899767548624, "6": 38631.60292968723, "7": 39130.82444514734, "8": 37977.715855860224, "9": 37865.97689266334, "10": 37145.34932430787, "11": 36851.365912692534, "12": 35177.769135546354, "13": 33931.055195027584, "14": 33551.24318338469, "15": 32691.757815203506, "16": 32827.36487154887, "17": 32722.69736557188, "18": 32258.49146856622}, "qspdt_steps": {"0": 0, "1": 0, "2": 0.1570666666666667, "3": 13.05052408971008, "4": 22.98656859299212, "5": 32.9597765863812, "6": 38.274791277822665, "7": 48.88694388843843, "8": 53.620259869304114, "9": 65.63618311239009, "10": 79.38608081159869, "11": 90.45620222377352, "12": 98.71435789621445, "13": 104.47741839007993, "14": 106.63767294219863, "15": 113.72875467524858, "16": 119.59601275359805, "17": 132.25287112296974, "18": 141.12090234805862}}