{"mission_setup": {"len_simulation": 18000, "time_step_duration": 0.15, "seed": 23, "n_drones": 10, "env_width": 1500, "env_height": 1500, "drone_com_range": 200, "drone_sen_range": 0, "drone_speed": 8, "drone_max_buffer_size": 500000, "drone_max_energy": 100000, "drone_retransmission_delta": 10, "drone_communication_success": 0.9, "depot_com_range": 200, "depot_coordinates": [750, 0], "event_duration": 2000, "packets_max_ttl": 18000, "show_plot": false, "routing_algorithm": "RoutingAlgorithm.QL", "communication_error_type": "ChannelError.GAUSSIAN", "time_on_active_routing": "0"}, "mean_number_of_relays": 1.557142428515707, "packet_mean_delivery_time": 154.83173076923077, "packet_delivery_ratio": 0.18772563176895307, "number_of_steps": 19, "qhc_steps": {"0": 5000, "1": 5000, "2": 4916.32, "3": 4158.13252096, "4": 3792.459128373248, "5": 3465.0195262612633, "6": 3250.303928825509, "7": 3047.4444768185153, "8": 2758.1552586625157, "9": 2954.542763702519, "10": 2566.778379555817, "11": 2697.572677410354, "12": 2635.077225568989, "13": 2460.0012221402717, "14": 2468.2043758341447, "15": 2450.3694431013896, "16": 2739.360638523346, "17": 2740.3910141289675, "18": 2652.485513476257}, "qspdt_steps": {"0": 0, "1": 0, "2": 0.5108970370370371, "3": 10.610282604306066, "4": 12.208216343552465, "5": 16.854700491432304, "6": 17.405940502379888, "7": 21.046347500705096, "8": 27.192874708920456, "9": 34.30493480521425, "10": 44.619111938642256, "11": 56.24551754115718, "12": 59.07136502919229, "13": 66.793183752802, "14": 70.54878226487969, "15": 74.31635983505443, "16": 76.61802848146536, "17": 77.91850636732134, "18": 79.25576283237488}}