{"mission_setup": {"len_simulation": 18000, "time_step_duration": 0.15, "seed": 20, "n_drones": 20, "env_width": 1500, "env_height": 1500, "drone_com_range": 200, "drone_sen_range": 0, "drone_speed": 8, "drone_max_buffer_size": 500000, "drone_max_energy": 100000, "drone_retransmission_delta": 10, "drone_communication_success": 0.9, "depot_com_range": 200, "depot_coordinates": [750, 0], "event_duration": 2000, "packets_max_ttl": 18000, "show_plot": false, "routing_algorithm": "RoutingAlgorithm.QL", "communication_error_type": "ChannelError.GAUSSIAN", "time_on_active_routing": "0"}, "mean_number_of_relays": 2.304324662389104, "packet_mean_delivery_time": 131.02758620689656, "packet_delivery_ratio": 0.20938628158844766, "number_of_steps": 19, "qhc_steps": {"0": 20000, "1": 20000, "2": 19614.239999999998, "3": 18730.466765538364, "4": 17898.84081408445, "5": 17817.712923681716, "6": 17080.388011915973, "7": 16652.703920635537, "8": 15405.801039575019, "9": 15339.461718886103, "10": 14194.221132267923, "11": 14141.613231854926, "12": 13234.420065065402, "13": 13035.162925428484, "14": 12426.052369459325, "15": 12665.419316093103, "16": 12236.45447405334, "17": 12219.96306240806, "18": 11509.966453704345}, "qspdt_steps": {"0": 0, "1": 0, "2": 0.27470616265487596, "3": 8.303396867574497, "4": 13.305403603198899, "5": 18.656597439247168, "6": 22.333752121749267, "7": 24.949120367026143, "8": 30.12349730877791, "9": 32.00472834130038, "10": 34.77164878666348, "11": 36.15313071607777, "12": 40.836417825005526, "13": 50.96772024591681, "14": 54.30761445423333, "15": 60.17140441437486, "16": 76.15203561113819, "17": 79.05999711528811, "18": 85.22962738691899}}