{"mission_setup": {"len_simulation": 18000, "time_step_duration": 0.15, "seed": 11, "n_drones": 5, "env_width": 1500, "env_height": 1500, "drone_com_range": 200, "drone_sen_range": 0, "drone_speed": 8, "drone_max_buffer_size": 500000, "drone_max_energy": 100000, "drone_retransmission_delta": 10, "drone_communication_success": 0.9, "depot_com_range": 200, "depot_coordinates": [750, 0], "event_duration": 2000, "packets_max_ttl": 18000, "show_plot": false, "routing_algorithm": "RoutingAlgorithm.QL", "communication_error_type": "ChannelError.GAUSSIAN", "time_on_active_routing": "0"}, "mean_number_of_relays": 1.2129924812030075, "packet_mean_delivery_time": 136.85204081632654, "packet_delivery_ratio": 0.17689530685920576, "number_of_steps": 19, "qhc_steps": {"0": 1250, "1": 1250, "2": 1250, "3": 892.096852579123, "4": 787.2036156414363, "5": 666.1714387528841, "6": 635.5007395703102, "7": 578.6659404222315, "8": 493.09432168502644, "9": 577.1963381791285, "10": 527.749418993053, "11": 804.6227055753192, "12": 632.032206485372, "13": 567.5555834947288, "14": 713.5750422255611, "15": 684.6623956357794, "16": 585.8624458740053, "17": 583.9725357094903, "18": 610.6321174670412}, "qspdt_steps": {"0": 0, "1": 0, "2": 0, "3": 5.477420176047592, "4": 7.863821790631829, "5": 9.532755802865895, "6": 11.739360165147218, "7": 9.881930849179248, "8": 9.77774316500098, "9": 10.641867960428126, "10": 11.594292558235287, "11": 12.15499708568209, "12": 12.73269409972076, "13": 11.713175028106273, "14": 11.70862189390959, "15": 12.104533349355716, "16": 11.61267568366632, "17": 12.409185496897187, "18": 12.630213605089308}}