{"mission_setup": {"len_simulation": 18000, "time_step_duration": 0.15, "seed": 11, "n_drones": 20, "env_width": 1500, "env_height": 1500, "drone_com_range": 200, "drone_sen_range": 0, "drone_speed": 8, "drone_max_buffer_size": 500000, "drone_max_energy": 100000, "drone_retransmission_delta": 10, "drone_communication_success": 0.9, "depot_com_range": 200, "depot_coordinates": [750, 0], "event_duration": 2000, "packets_max_ttl": 18000, "show_plot": false, "routing_algorithm": "RoutingAlgorithm.QL", "communication_error_type": "ChannelError.GAUSSIAN", "time_on_active_routing": "0"}, "mean_number_of_relays": 2.2394957083841693, "packet_mean_delivery_time": 140.53660714285715, "packet_delivery_ratio": 0.20216606498194944, "number_of_steps": 19, "qhc_steps": {"0": 20000, "1": 20000, "2": 19196.642508800003, "3": 18353.820928, "4": 17971.077764211936, "5": 17112.466116113697, "6": 16592.10229859234, "7": 16360.689729715472, "8": 15187.914695456695, "9": 15326.460268121444, "10": 14284.099161735461, "11": 14002.735352789785, "12": 13419.195474053227, "13": 13421.00691221003, "14": 13159.950926219524, "15": 13158.444734277198, "16": 12954.838731191685, "17": 13124.727397705936, "18": 12548.508768217811}, "qspdt_steps": {"0": 0, "1": 0, "2": 1.8440710386141148, "3": 8.496806434078312, "4": 13.357458655144246, "5": 18.222920700401886, "6": 22.160916589239744, "7": 33.80356032376139, "8": 40.88340359027119, "9": 47.357885640972654, "10": 57.49848512743192, "11": 65.1880198600275, "12": 69.4036043684542, "13": 81.92605360117597, "14": 91.957931853555, "15": 98.09563059763275, "16": 98.50455619674841, "17": 106.09451432695134, "18": 127.42662137770228}}