{"mission_setup": {"len_simulation": 18000, "time_step_duration": 0.15, "seed": 22, "n_drones": 5, "env_width": 1500, "env_height": 1500, "drone_com_range": 200, "drone_sen_range": 0, "drone_speed": 8, "drone_max_buffer_size": 500000, "drone_max_energy": 100000, "drone_retransmission_delta": 10, "drone_communication_success": 0.9, "depot_com_range": 200, "depot_coordinates": [750, 0], "event_duration": 2000, "packets_max_ttl": 18000, "show_plot": false, "routing_algorithm": "RoutingAlgorithm.QL", "communication_error_type": "ChannelError.GAUSSIAN", "time_on_active_routing": "0"}, "mean_number_of_relays": 1.1864382583868665, "packet_mean_delivery_time": 104.925, "packet_delivery_ratio": 0.10830324909747292, "number_of_steps": 19, "qhc_steps": {"0": 1250, "1": 1250, "2": 1250, "3": 659.7770496000002, "4": 673.1926191757722, "5": 727.4558050393733, "6": 608.4101667633566, "7": 523.2624915110248, "8": 591.4617380330976, "9": 510.2219724767105, "10": 432.0560352923865, "11": 399.8895648465529, "12": 399.9861997973046, "13": 518.7332166736492, "14": 529.1732804959877, "15": 485.70195493503707, "16": 651.8992333839446, "17": 576.549927940285, "18": 672.8461712764147}, "qspdt_steps": {"0": 0, "1": 0, "2": 0, "3": 2.7562934318436656, "4": 2.757624068453657, "5": 4.265706287655433, "6": 6.26582298043733, "7": 9.573147349486668, "8": 11.678054345436626, "9": 11.808896645839358, "10": 12.102923323415967, "11": 10.852454983898763, "12": 12.2687657956987, "13": 12.784668601804857, "14": 13.294606086482869, "15": 11.906326602229363, "16": 13.301265581759534, "17": 12.951220504721277, "18": 12.511287632950125}}