{"mean_packet_delivery_ratio": [0.145367, 0.1853189, 0.1922984, 0.2169675, 0.2363418, 0.2530686], "mean_standard_deviation_ratio": [0.0618227, 0.058556, 0.0651284, 0.0656626, 0.0748012, 0.0751582], "mean_packet_delivery_time": [130.4886427, 125.5283409, 125.849729, 132.9163309, 133.2726752, 137.9786974], "mean_standard_deviation_packet_delivery_time": [24.3010787, 19.8930486, 23.319768, 14.4097728, 21.1922602, 15.2553597], "mean_number_of_relays": [1.1901177, 1.5108046, 1.8923663, 2.2850607, 2.688137, 3.1125313], "mean_standard_deviation_relays": [0.789652, 0.4689651, 0.0874034, 0.305291, 0.7083673, 1.1327616], "mean_hc": {"5": {"0": 208.33333333333334, "1": 205.60448199111113, "2": 203.25409089524717, "3": 154.0104973458072, "4": 137.7248536550953, "5": 126.46414000605674, "6": 111.1188562118564, "7": 103.67772850811477, "8": 99.71965726200635, "9": 96.28036788396898, "10": 93.85446138778268, "11": 97.29761016476085, "12": 96.47899229843162, "13": 94.16142400495654, "14": 93.85765824468801, "15": 92.99459525235446, "16": 88.54476701686664, "17": 89.98902353632396, "18": 94.68471484977411}, "10": {"0": 833.3333333333334, "1": 826.9915031280754, "2": 812.9685887286752, "3": 696.0052088969052, "4": 651.7026078904895, "5": 609.075183213386, "6": 564.3582604509442, "7": 537.5828607636944, "8": 495.87336724499556, "9": 483.4602917582445, "10": 457.3172008691403, "11": 449.7849122443938, "12": 444.9567125499305, "13": 433.6350776599381, "14": 435.9648289520182, "15": 419.6899024107576, "16": 417.03558989085013, "17": 420.61411325942635, "18": 405.6567892386702}, "15": {"0": 1875.0, "1": 1868.5155555555555, "2": 1856.2668745955557, "3": 1689.0562585206224, "4": 1593.5875032630252, "5": 1518.4478583471355, "6": 1452.9512702794912, "7": 1385.499482663155, "8": 1320.8944652050973, "9": 1290.7469869649897, "10": 1257.7868516747467, "11": 1215.9302280737804, "12": 1181.9938208041065, "13": 1156.12474509852, "14": 1112.9724274841633, "15": 1102.5731773903292, "16": 1076.4715272746398, "17": 1053.6895581901613, "18": 1038.2603367088516}, "20": {"0": 3333.3333333333335, "1": 3325.6739200000006, "2": 3290.6396945407996, "3": 3085.8122220017663, "4": 2950.488148472286, "5": 2849.5690389017723, "6": 2740.751235767576, "7": 2667.173869605793, "8": 2597.915248951624, "9": 2531.0836746981563, "10": 2458.4387583574508, "11": 2412.6708200368153, "12": 2360.6065066265005, "13": 2308.0476733747896, "14": 2239.4304035799114, "15": 2174.184309876482, "16": 2121.7000699317, "17": 2079.7248864812395, "18": 2030.8412443918971}, "25": {"0": 5208.333333333333, "1": 5199.045208177778, "2": 5178.793229368888, "3": 4903.880513005461, "4": 4736.35717458996, "5": 4605.948820011535, "6": 4476.767056536809, "7": 4339.453936466632, "8": 4194.7058898621835, "9": 4095.5861229766233, "10": 3980.871259624102, "11": 3892.3735767216403, "12": 3825.662395803112, "13": 3755.174861211278, "14": 3699.456175155651, "15": 3629.1814909196955, "16": 3554.902587847095, "17": 3525.0779963147006, "18": 3450.5763702030868}, "30": {"0": 7500.0, "1": 7490.801009777778, "2": 7454.863168455112, "3": 7136.094073836924, "4": 6956.4573135657265, "5": 6783.346850126115, "6": 6629.372505057088, "7": 6481.643659397761, "8": 6336.467321081572, "9": 6211.35084146551, "10": 6053.951548220899, "11": 5931.539141424454, "12": 5844.424308234222, "13": 5702.640079815832, "14": 5626.957136435424, "15": 5537.5560847145225, "16": 5459.5432229518265, "17": 5360.985249667994, "18": 5280.722717154029}}, "mean_spdt": {"5": {"0": 0.0, "1": 0.008282175717998014, "2": 0.016382322128525993, "3": 0.6956955397180712, "4": 0.9530075448283213, "5": 1.0999405400961255, "6": 1.3702028178187335, "7": 1.4925915787552915, "8": 1.5666619819710172, "9": 1.6598993676907554, "10": 1.7706056285259737, "11": 1.8210093409487207, "12": 1.8658467045906004, "13": 1.9222021025079938, "14": 1.9168399963217784, "15": 1.9522949780119514, "16": 1.9958648793029719, "17": 1.998048941910576, "18": 1.9898189414670475}, "10": {"0": 0.0, "1": 0.014849601777293208, "2": 0.05188472574114096, "3": 1.07028874234328, "4": 1.6732203477432228, "5": 2.370204870112038, "6": 3.126515186589745, "7": 3.6981461137499423, "8": 4.452272352526058, "9": 5.130411248141514, "10": 5.914799451129359, "11": 6.396029410685804, "12": 6.9640181821072, "13": 7.713622495941371, "14": 8.397756010035547, "15": 9.017256563735206, "16": 9.607515318155542, "17": 10.087665357466836, "18": 10.527230262006615}, "15": {"0": 0.0, "1": 0.011452250416480594, "2": 0.037189536427521035, "3": 1.396720551385904, "4": 2.3452426384206926, "5": 3.385629531943218, "6": 4.373041233161927, "7": 5.197447384295717, "8": 6.125481130455625, "9": 7.175198817453344, "10": 8.314296061606031, "11": 9.341590482588193, "12": 10.345402290961728, "13": 11.662196955197219, "14": 12.819929452871998, "15": 14.028489285843332, "16": 15.403649115891843, "17": 16.671653440267676, "18": 17.848828473937825}, "20": {"0": 0.0, "1": 0.00649104823646857, "2": 0.06669055269327823, "3": 1.459582222197002, "4": 2.4995569914928844, "5": 3.3961095785467723, "6": 4.439886007213083, "7": 5.509700249506522, "8": 6.627423024892425, "9": 7.646924176723504, "10": 8.750491712713174, "11": 9.882052060619438, "12": 11.016817221629129, "13": 12.33557169953377, "14": 13.542767230112776, "15": 14.822531137745907, "16": 16.057610740903105, "17": 17.274481369998345, "18": 18.6366996556415}, "25": {"0": 0.0, "1": 0.013063995269748078, "2": 0.039017149369731066, "3": 1.606353521366223, "4": 2.6430356946738582, "5": 3.81324738823811, "6": 5.015283556882999, "7": 6.068513949830513, "8": 7.22631076499416, "9": 8.378503733891163, "10": 9.440053589544611, "11": 10.460732218785198, "12": 11.61192200504664, "13": 12.947916515598298, "14": 14.143589789201684, "15": 15.192095499437862, "16": 16.36897954204388, "17": 17.635796337436837, "18": 19.020494515299596}, "30": {"0": 0.0, "1": 0.014071251248718185, "2": 0.07418887045715024, "3": 1.670677355065565, "4": 2.9180345134933474, "5": 4.21170972755071, "6": 5.425939670948536, "7": 6.666790957460956, "8": 7.869295114172592, "9": 9.101419698330243, "10": 10.437582847245753, "11": 11.640214659395262, "12": 12.811430028151431, "13": 14.036271556557118, "14": 15.368281160636187, "15": 16.53038921607047, "16": 17.87135770757653, "17": 19.059658330994463, "18": 20.41242941823276}}}