{"mean_packet_delivery_ratio": [0.133574, 0.1588448, 0.1480144, 0.2093863, 0.2779783, 0.3537906], "mean_standard_deviation_ratio": [0.0, 0.0, 0.0, 0.0, 0.0, 0.0], "mean_packet_delivery_time": [138.2797297, 127.6602273, 112.1195122, 110.0715517, 112.837013, 152.625], "mean_standard_deviation_packet_delivery_time": [0.0, 0.0, 0.0, 0.0, 0.0, 0.0], "mean_number_of_relays": [1.2170664, 1.5634706, 1.9108789, 2.4296838, 2.7552214, 3.2683326], "mean_standard_deviation_relays": [1.2126174, 0.8662132, 0.5188049, 0.0, 0.3255376, 0.8386488], "mean_hc": {"5": {"0": 208.33333333333334, "1": 208.33333333333334, "2": 208.33333333333334, "3": 156.77745967786666, "4": 172.9956480041567, "5": 150.44948695539802, "6": 99.83823998762541, "7": 118.90767768777476, "8": 99.18576922983038, "9": 95.21735865061157, "10": 103.99350719725811, "11": 91.82271765155251, "12": 103.02016101656922, "13": 89.08019198353873, "14": 80.77618095411566, "15": 91.29018521099606, "16": 82.23548205235733, "17": 75.55735386921089, "18": 77.70006591773398}, "10": {"0": 833.3333333333334, "1": 833.3333333333334, "2": 819.6533333333333, "3": 701.2044032, "4": 626.7109273715851, "5": 604.0052776765253, "6": 590.1888549778649, "7": 621.3011964775307, "8": 545.4146644785659, "9": 547.6428115927617, "10": 531.6902313519166, "11": 471.415320219061, "12": 558.6734994718757, "13": 512.9100403173517, "14": 540.5897746246965, "15": 504.63943082993984, "16": 537.7047305023941, "17": 471.5986526400721, "18": 433.85273031376295}, "15": {"0": 1875.0, "1": 1875.0, "2": 1861.533333333333, "3": 1686.659467093333, "4": 1553.8023717156184, "5": 1470.1584211468291, "6": 1397.1627112420372, "7": 1384.2306796810292, "8": 1294.6186266583195, "9": 1260.1745178833094, "10": 1228.9170452575156, "11": 1255.8581955140082, "12": 1208.762244463816, "13": 1197.731202125715, "14": 1172.5321345468803, "15": 1034.8665481796227, "16": 1010.5030282991767, "17": 937.9893351556179, "18": 922.2389346208214}, "20": {"0": 3333.3333333333335, "1": 3333.3333333333335, "2": 3316.5066666666667, "3": 3145.607355733333, "4": 2896.6620641279987, "5": 2768.228695116457, "6": 2635.7875010027487, "7": 2547.8494918668825, "8": 2443.02097546219, "9": 2323.6025275409897, "10": 2373.9200511302383, "11": 2356.5310396363125, "12": 2245.0556241263353, "13": 2108.1449082157615, "14": 2118.2032955551717, "15": 2084.683932591344, "16": 2105.577316710935, "17": 1874.6229610677822, "18": 1851.207052733076}, "25": {"0": 5208.333333333333, "1": 5208.333333333333, "2": 5197.64, "3": 4933.551941120001, "4": 4789.47468050276, "5": 4593.857029423733, "6": 4419.5858538901475, "7": 4215.937284105957, "8": 4069.042947281861, "9": 3841.882250782633, "10": 3818.97641169043, "11": 3851.034366334387, "12": 3754.5348549704863, "13": 3658.9901686953676, "14": 3572.708446834629, "15": 3439.123076719891, "16": 3345.8821667408024, "17": 3320.4490231621526, "18": 3337.1522292059713}, "30": {"0": 7500.0, "1": 7500.0, "2": 7463.754666666667, "3": 7112.110738008749, "4": 6991.243388384596, "5": 6720.099887980198, "6": 6551.561371158867, "7": 6449.576753345534, "8": 6285.158782941567, "9": 6166.770069168401, "10": 6066.040171078407, "11": 5924.674391031662, "12": 5848.138487082994, "13": 5676.8306546626945, "14": 5575.510254607349, "15": 5517.721848556339, "16": 5450.3225322327535, "17": 5160.874962486138, "18": 5294.246590955182}}, "mean_spdt": {"5": {"0": 0.0, "1": 0.0, "2": 0.0, "3": 0.4911245395509724, "4": 0.6149954085473176, "5": 0.9068994535927958, "6": 1.0885053593791885, "7": 1.3361783282726012, "8": 1.318424415073646, "9": 1.2152926338372996, "10": 1.4708676361539927, "11": 1.7358689776575325, "12": 1.7148312897732658, "13": 1.8538363545229763, "14": 1.9001102635974199, "15": 2.0564415182065314, "16": 1.9425884208922213, "17": 1.990922723147788, "18": 1.9403899631268022}, "10": {"0": 0.0, "1": 0.0, "2": 0.08655209876543211, "3": 1.238417930363607, "4": 1.0900354638321832, "5": 1.1747661373248035, "6": 3.0563756387943424, "7": 3.987576929268226, "8": 5.797507571811875, "9": 6.170166951820501, "10": 7.583564003506802, "11": 7.716902729320442, "12": 8.239898033924984, "13": 8.909111560330153, "14": 10.278604072595275, "15": 10.857749960824902, "16": 11.29471554170418, "17": 11.400585352990126, "18": 11.649196142365826}, "15": {"0": 0.0, "1": 0.0, "2": 0.020813333333333333, "3": 1.2412964970454448, "4": 2.3666561830751958, "5": 2.9962853458809744, "6": 4.215296170697445, "7": 5.606939944468592, "8": 7.330205309261714, "9": 9.28524730346183, "10": 10.95803011844253, "11": 12.882202489126906, "12": 14.053690056377922, "13": 15.278223969473054, "14": 15.994988648460499, "15": 16.807783081791747, "16": 17.772479517104003, "17": 18.634140278913097, "18": 19.288409717415835}, "20": {"0": 0.0, "1": 0.0, "2": 0.0829952380952381, "3": 1.438833637416396, "4": 1.869364337516118, "5": 2.089419027195908, "6": 3.080673014945555, "7": 3.7102589374344355, "8": 4.292262812249214, "9": 5.818567282814932, "10": 7.207534105190708, "11": 8.146180874650664, "12": 9.00806566761898, "13": 10.66144803225941, "14": 11.782412580199797, "15": 13.359496714999699, "16": 14.870975575144591, "17": 16.576604609819892, "18": 18.221016252913977}, "25": {"0": 0.0, "1": 0.0, "2": 0.025006666666666667, "3": 1.634517490855969, "4": 2.485383659990266, "5": 3.7883238772784966, "6": 4.2485043531971, "7": 5.136408393635535, "8": 6.661954612479511, "9": 7.464686600896438, "10": 8.377978431713313, "11": 9.868525433817078, "12": 11.218452926338074, "13": 11.43181536497517, "14": 12.574318989265999, "15": 12.770780230423272, "16": 13.417369973109333, "17": 14.64140667779089, "18": 15.983923315111694}, "30": {"0": 0.0, "1": 0.0, "2": 0.08957750000000002, "3": 1.63116384758195, "4": 2.3308505656649676, "5": 2.8278586532579255, "6": 3.930129242225266, "7": 4.753875089868454, "8": 5.813511243509063, "9": 7.161399490371104, "10": 8.112007060012143, "11": 9.677356417939018, "12": 10.875832951806837, "13": 11.649424507020925, "14": 13.78874518543894, "15": 14.190530671161644, "16": 15.097478148248149, "17": 17.31085834823263, "18": 18.27156024270713}}}