{"mean_packet_delivery_ratio": [0.1353791, 0.133574, 0.2166065, 0.2057762, 0.2490975, 0.2382671], "mean_standard_deviation_ratio": [0.0018051, 0.0036101, 0.0541516, 0.0108303, 0.0180505, 0.0541516], "mean_packet_delivery_time": [144.4931543, 117.425, 128.7553333, 127.8666667, 129.2592061, 132.2953704], "mean_standard_deviation_packet_delivery_time": [6.2134246, 11.2, 6.7686667, 10.4666667, 10.7779561, 13.4953704], "mean_number_of_relays": [1.2759339, 1.5675931, 1.9201274, 2.3286213, 2.7347616, 3.1906949], "mean_standard_deviation_relays": [1.5147401, 1.2230809, 0.8705466, 0.4620527, 0.0559124, 0.4000209], "mean_hc": {"5": {"0": 208.33333333333334, "1": 208.33333333333334, "2": 208.33333333333334, "3": 144.66618477226666, "4": 136.3872542736043, "5": 139.15105525153416, "6": 98.25595642938224, "7": 106.56470109331235, "8": 97.03889293984481, "9": 101.15368089402169, "10": 87.8793047490661, "11": 89.19313774346536, "12": 88.04598800714946, "13": 81.88947764732485, "14": 74.81191864575398, "15": 79.82099063154365, "16": 79.94000788824967, "17": 89.45265682118627, "18": 116.07400895768221}, "10": {"0": 833.3333333333334, "1": 833.3333333333334, "2": 826.4933333333333, "3": 675.875405824, "4": 657.0669967680805, "5": 691.5546988466958, "6": 637.5572557588796, "7": 624.6459293045133, "8": 556.277992679536, "9": 519.4119940331357, "10": 454.981169158149, "11": 404.49802859568945, "12": 440.59036893317824, "13": 413.569697222382, "14": 448.7155218828934, "15": 460.41958767465985, "16": 485.78231590285304, "17": 467.60299210198923, "18": 441.40180168756996}, "15": {"0": 1875.0, "1": 1875.0, "2": 1868.2666666666664, "3": 1649.2786939903997, "4": 1580.6988020101617, "5": 1492.302661202454, "6": 1407.7696656660821, "7": 1336.1446983890949, "8": 1283.9435675666136, "9": 1247.7833721916502, "10": 1171.5259698382035, "11": 1121.1235159553623, "12": 1148.3390693897145, "13": 1154.0597305904391, "14": 1132.7732604860175, "15": 1101.798029888405, "16": 1044.3026101612083, "17": 1062.1428117230205, "18": 1076.2039208003143}, "20": {"0": 3333.3333333333335, "1": 3333.3333333333335, "2": 3324.92, "3": 3092.9681595733327, "4": 2925.9563600155016, "5": 2877.6876614404787, "6": 2796.7454541257794, "7": 2663.0617579961, "8": 2597.5443197017958, "9": 2539.851892117258, "10": 2490.340251228634, "11": 2435.7739251726275, "12": 2372.597483844091, "13": 2294.113489290155, "14": 2287.337070312436, "15": 2229.560463552163, "16": 2220.8852208328512, "17": 2250.161707274406, "18": 2197.2779347202268}, "25": {"0": 5208.333333333333, "1": 5208.333333333333, "2": 5202.986666666667, "3": 4922.503821994666, "4": 4660.293967648072, "5": 4534.568843572891, "6": 4437.506701720477, "7": 4302.816769473244, "8": 4274.049420672088, "9": 4157.660831374983, "10": 4047.82070150079, "11": 3962.3043300126387, "12": 3895.2741655903387, "13": 3847.98627948789, "14": 3840.9154530964784, "15": 3747.770735467758, "16": 3604.155641558174, "17": 3541.818099985498, "18": 3507.3340170888478}, "30": {"0": 7500.0, "1": 7500.0, "2": 7481.877333333333, "3": 7166.248171130879, "4": 6944.08310218832, "5": 6789.3417603196895, "6": 6666.376324612394, "7": 6460.879299531912, "8": 6317.071030429371, "9": 6207.926905321329, "10": 6091.601415199871, "11": 5961.22623373749, "12": 5995.88457838686, "13": 5922.582872184795, "14": 5910.0913824917325, "15": 5716.174090514953, "16": 5651.219960915921, "17": 5407.800808701804, "18": 5438.81418290167}}, "mean_spdt": {"5": {"0": 0.0, "1": 0.0, "2": 0.0, "3": 0.7631982726594423, "4": 0.6940499938565572, "5": 0.8441634760472922, "6": 0.9017585701944496, "7": 1.1372852586796256, "8": 0.9055642591972225, "9": 1.0432709791980075, "10": 0.9521385749140916, "11": 0.9865975074451198, "12": 0.8980509032983656, "13": 0.9387658311056911, "14": 0.9868424317061354, "15": 1.1239737713677416, "16": 1.3112027084470654, "17": 1.4732278613207483, "18": 1.7463257564892636}, "10": {"0": 0.0, "1": 0.0, "2": 0.03667061728395062, "3": 1.598787263094237, "4": 2.7860543625414658, "5": 3.1216302697436085, "6": 3.5338490032929673, "7": 4.85439904831796, "8": 5.8886635103684695, "9": 6.178170212173714, "10": 6.898971425192168, "11": 7.563269533366326, "12": 7.796777433228956, "13": 8.15873775822743, "14": 8.705715804053769, "15": 9.024872872568123, "16": 9.264479523236208, "17": 10.130274742373404, "18": 10.2178173811139}, "15": {"0": 0.0, "1": 0.0, "2": 0.00734, "3": 5.155042641359295, "4": 7.692210399888399, "5": 10.628764972212144, "6": 13.716797399545456, "7": 16.169937681456293, "8": 16.74870693402099, "9": 18.308468732313262, "10": 20.907330981863677, "11": 22.668225850955977, "12": 24.62058099083282, "13": 27.76511791828095, "14": 27.493449998956127, "15": 28.771617716563373, "16": 30.066588998067758, "17": 31.36982628769103, "18": 32.29214679308769}, "20": {"0": 0.0, "1": 0.0, "2": -0.001430952380952381, "3": 6.540661723291627, "4": 11.71257663886447, "5": 14.45274926901545, "6": 18.437505676096844, "7": 22.513572871016596, "8": 26.89149897135691, "9": 31.520691094191438, "10": 36.29292911901472, "11": 38.255525392880905, "12": 42.238654991554306, "13": 45.71314451851671, "14": 48.02582846292819, "15": 49.43052978369923, "16": 50.52887180037417, "17": 51.77775735654378, "18": 52.810794913007975}, "25": {"0": 0.0, "1": 0.0, "2": 0.010230000000000001, "3": 14.275373939953766, "4": 26.011794469259467, "5": 32.445480673711664, "6": 37.66377324194436, "7": 44.21090303571359, "8": 49.29950624617902, "9": 58.48697511610388, "10": 65.74632609612038, "11": 72.40210698616754, "12": 76.14097559630689, "13": 79.27241639257112, "14": 80.7457306862674, "15": 85.21609881692427, "16": 90.37192480384196, "17": 97.40815604099318, "18": 100.54000264782553}, "30": {"0": 0.0, "1": 0.0, "2": 0.4524379166666668, "3": 18.890163187453677, "4": 32.26927188341111, "5": 39.82285631557776, "6": 52.51394847348421, "7": 70.28522956455451, "8": 82.92712672706558, "9": 94.99381377990609, "10": 115.76031647627902, "11": 129.56546928343047, "12": 139.62699194926662, "13": 147.43450896175764, "14": 152.28527087113906, "15": 160.60910770188806, "16": 162.7638489667496, "17": 167.2035372689281, "18": 170.18063827826964}}}