{"mean_packet_delivery_ratio": [0.1281588, 0.1891697, 0.2133574, 0.2220217, 0.2433213, 0.2527076], "mean_standard_deviation_ratio": [0.0625758, 0.0595219, 0.1025989, 0.0834279, 0.0599365, 0.0583231], "mean_packet_delivery_time": [135.9920916, 132.7151252, 122.2698142, 126.6418646, 135.9667945, 135.3887322], "mean_standard_deviation_packet_delivery_time": [17.1644992, 11.6011082, 21.2272035, 15.9450664, 11.7513839, 9.8945606], "mean_number_of_relays": [1.2104216, 1.5089358, 1.8673176, 2.254908, 2.6856161, 3.0878993], "mean_standard_deviation_relays": [1.348758, 1.0502438, 0.691862, 0.3042716, 0.1264365, 0.5287197], "mean_hc": {"0": 31250, "1": 31175.6, "2": 31175.6, "3": 29672.011002880008, "4": 28850.43183710865, "5": 27429.99732997405, "6": 26194.45599175816, "7": 25566.167592119626, "8": 24406.644400403056, "9": 24296.526904472477, "10": 22993.59301094231, "11": 23183.283993988574, "12": 22537.63299817349, "13": 22418.121638342654, "14": 21577.541996125536, "15": 21223.057080233986, "16": 20888.505077707574, "17": 20406.441762966, "18": 19848.79007875935}, "mean_spdt": {"0": 0, "1": 0.020700000000000003, "2": 0.020700000000000003, "3": 87.42094997516807, "4": 176.78065637269376, "5": 264.6158459611653, "6": 307.61791576560404, "7": 338.25337849268266, "8": 373.3195067136116, "9": 402.6074973788387, "10": 496.22397529816885, "11": 525.7650253224188, "12": 598.8219546460056, "13": 673.6004683353505, "14": 804.538271105022, "15": 856.8422912124095, "16": 909.928968286295, "17": 951.3155842452811, "18": 971.4796806682875}}